{"type":"FeatureCollection","features":[{"type":"Feature","geometry":{"type":"Point","coordinates":[17.123977,51.071213]},"properties":{"name":"MOKRY DWÓR","band":0,"modes":"bus","arr":["100"],"off":[0,-0.8]}},{"type":"Feature","geometry":{"type":"Point","coordinates":[17.123977,51.071213]},"properties":{"line":"100","mode":"bus","color":"#0059a9","colorDark":"#00294f","band":0,"off":[0,1.1]}},{"type":"Feature","geometry":{"type":"Point","coordinates":[17.063939,51.078512]},"properties":{"name":"TARNOGAJ","band":0,"modes":"tram,bus","arr":["8","16","22","136","903"],"off":[0,-0.8]}},{"type":"Feature","geometry":{"type":"Point","coordinates":[17.063939,51.078512]},"properties":{"line":"8","mode":"tram","color":"#d6212b","colorDark":"#7c1116","band":0,"off":[-6.8,1.1]}},{"type":"Feature","geometry":{"type":"Point","coordinates":[17.063939,51.078512]},"properties":{"line":"16","mode":"tram","color":"#d6212b","colorDark":"#7c1116","band":0,"off":[-3.4,1.1]}},{"type":"Feature","geometry":{"type":"Point","coordinates":[17.063939,51.078512]},"properties":{"line":"22","mode":"tram","color":"#d6212b","colorDark":"#7c1116","band":0,"off":[0,1.1]}},{"type":"Feature","geometry":{"type":"Point","coordinates":[17.063939,51.078512]},"properties":{"line":"136","mode":"bus","color":"#0059a9","colorDark":"#00294f","band":0,"off":[3.4,1.1]}},{"type":"Feature","geometry":{"type":"Point","coordinates":[17.063939,51.078512]},"properties":{"line":"903","mode":"bus","color":"#0059a9","colorDark":"#00294f","band":0,"off":[6.8,1.1]}},{"type":"Feature","geometry":{"type":"Point","coordinates":[17.05057,51.076697]},"properties":{"name":"GAJ - pętla","band":0,"modes":"bus","arr":["100","146","K"],"off":[0,-0.8]}},{"type":"Feature","geometry":{"type":"Point","coordinates":[17.05057,51.076697]},"properties":{"line":"100","mode":"bus","color":"#0059a9","colorDark":"#00294f","band":0,"off":[-3.4,1.1]}},{"type":"Feature","geometry":{"type":"Point","coordinates":[17.05057,51.076697]},"properties":{"line":"146","mode":"bus","color":"#0059a9","colorDark":"#00294f","band":0,"off":[0,1.1]}},{"type":"Feature","geometry":{"type":"Point","coordinates":[17.05057,51.076697]},"properties":{"line":"K","mode":"bus","color":"#0059a9","colorDark":"#00294f","band":0,"off":[3.4,1.1]}},{"type":"Feature","geometry":{"type":"Point","coordinates":[16.871815,51.144662]},"properties":{"name":"LEŚNICA","band":0,"modes":"tram,bus","arr":["3","10","20","101","117","123","137","138","148","917","923","937","938","948","958","243","253"],"off":[0,-0.8],"sc":0.9}},{"type":"Feature","geometry":{"type":"Point","coordinates":[16.871815,51.144662]},"properties":{"line":"3","mode":"tram","color":"#d6212b","colorDark":"#7c1116","band":0,"sc":0.9,"off":[-6.8,1.1]}},{"type":"Feature","geometry":{"type":"Point","coordinates":[16.871815,51.144662]},"properties":{"line":"10","mode":"tram","color":"#d6212b","colorDark":"#7c1116","band":0,"sc":0.9,"off":[-3.4,1.1]}},{"type":"Feature","geometry":{"type":"Point","coordinates":[16.871815,51.144662]},"properties":{"line":"20","mode":"tram","color":"#d6212b","colorDark":"#7c1116","band":0,"sc":0.9,"off":[0,1.1]}},{"type":"Feature","geometry":{"type":"Point","coordinates":[16.871815,51.144662]},"properties":{"line":"101","mode":"bus","color":"#0059a9","colorDark":"#00294f","band":0,"sc":0.9,"off":[3.4,1.1]}},{"type":"Feature","geometry":{"type":"Point","coordinates":[16.871815,51.144662]},"properties":{"line":"117","mode":"bus","color":"#0059a9","colorDark":"#00294f","band":0,"sc":0.9,"off":[6.8,1.1]}},{"type":"Feature","geometry":{"type":"Point","coordinates":[16.871815,51.144662]},"properties":{"line":"123","mode":"bus","color":"#0059a9","colorDark":"#00294f","band":0,"sc":0.9,"off":[-6.8,3.1]}},{"type":"Feature","geometry":{"type":"Point","coordinates":[16.871815,51.144662]},"properties":{"line":"137","mode":"bus","color":"#0059a9","colorDark":"#00294f","band":0,"sc":0.9,"off":[-3.4,3.1]}},{"type":"Feature","geometry":{"type":"Point","coordinates":[16.871815,51.144662]},"properties":{"line":"138","mode":"bus","color":"#0059a9","colorDark":"#00294f","band":0,"sc":0.9,"off":[0,3.1]}},{"type":"Feature","geometry":{"type":"Point","coordinates":[16.871815,51.144662]},"properties":{"line":"148","mode":"bus","color":"#0059a9","colorDark":"#00294f","band":0,"sc":0.9,"off":[3.4,3.1]}},{"type":"Feature","geometry":{"type":"Point","coordinates":[16.871815,51.144662]},"properties":{"line":"917","mode":"bus","color":"#0059a9","colorDark":"#00294f","band":0,"sc":0.9,"off":[6.8,3.1]}},{"type":"Feature","geometry":{"type":"Point","coordinates":[16.871815,51.144662]},"properties":{"line":"923","mode":"bus","color":"#0059a9","colorDark":"#00294f","band":0,"sc":0.9,"off":[-6.8,5.1]}},{"type":"Feature","geometry":{"type":"Point","coordinates":[16.871815,51.144662]},"properties":{"line":"937","mode":"bus","color":"#0059a9","colorDark":"#00294f","band":0,"sc":0.9,"off":[-3.4,5.1]}},{"type":"Feature","geometry":{"type":"Point","coordinates":[16.871815,51.144662]},"properties":{"line":"938","mode":"bus","color":"#0059a9","colorDark":"#00294f","band":0,"sc":0.9,"off":[0,5.1]}},{"type":"Feature","geometry":{"type":"Point","coordinates":[16.871815,51.144662]},"properties":{"line":"948","mode":"bus","color":"#0059a9","colorDark":"#00294f","band":0,"sc":0.9,"off":[3.4,5.1]}},{"type":"Feature","geometry":{"type":"Point","coordinates":[16.871815,51.144662]},"properties":{"line":"958","mode":"bus","color":"#0059a9","colorDark":"#00294f","band":0,"sc":0.9,"off":[6.8,5.1]}},{"type":"Feature","geometry":{"type":"Point","coordinates":[16.871815,51.144662]},"properties":{"line":"243","mode":"bus","color":"#000000","colorDark":"#000000","band":0,"sc":0.9,"off":[-1.7,7.1]}},{"type":"Feature","geometry":{"type":"Point","coordinates":[16.871815,51.144662]},"properties":{"line":"253","mode":"bus","color":"#000000","colorDark":"#000000","band":0,"sc":0.9,"off":[1.7,7.1]}},{"type":"Feature","geometry":{"type":"Point","coordinates":[16.983349,51.125513]},"properties":{"name":"Kwiska","band":0,"modes":"bus","arr":["101","607"],"off":[0,-0.8]}},{"type":"Feature","geometry":{"type":"Point","coordinates":[16.983349,51.125513]},"properties":{"line":"101","mode":"bus","color":"#0059a9","colorDark":"#00294f","band":0,"off":[-1.7,1.1]}},{"type":"Feature","geometry":{"type":"Point","coordinates":[16.983349,51.125513]},"properties":{"line":"607","mode":"bus","color":"#0059a9","colorDark":"#00294f","band":0,"off":[1.7,1.1]}},{"type":"Feature","geometry":{"type":"Point","coordinates":[16.914238,51.140246]},"properties":{"name":"Kosmonautów (pętla)","band":0,"modes":"bus","arr":["102","152"],"off":[0,-0.8]}},{"type":"Feature","geometry":{"type":"Point","coordinates":[16.914238,51.140246]},"properties":{"line":"102","mode":"bus","color":"#0059a9","colorDark":"#00294f","band":0,"off":[-1.7,1.1]}},{"type":"Feature","geometry":{"type":"Point","coordinates":[16.914238,51.140246]},"properties":{"line":"152","mode":"bus","color":"#0059a9","colorDark":"#00294f","band":0,"off":[1.7,1.1]}},{"type":"Feature","geometry":{"type":"Point","coordinates":[17.020538,51.112731]},"properties":{"name":"PL. JANA PAWŁA II","band":0,"modes":"bus","arr":["102","103","250"],"off":[0,-0.8]}},{"type":"Feature","geometry":{"type":"Point","coordinates":[17.020538,51.112731]},"properties":{"line":"102","mode":"bus","color":"#0059a9","colorDark":"#00294f","band":0,"off":[-3.4,1.1]}},{"type":"Feature","geometry":{"type":"Point","coordinates":[17.020538,51.112731]},"properties":{"line":"103","mode":"bus","color":"#0059a9","colorDark":"#00294f","band":0,"off":[0,1.1]}},{"type":"Feature","geometry":{"type":"Point","coordinates":[17.020538,51.112731]},"properties":{"line":"250","mode":"bus","color":"#000000","colorDark":"#000000","band":0,"off":[3.4,1.1]}},{"type":"Feature","geometry":{"type":"Point","coordinates":[16.906518,51.174687]},"properties":{"name":"PRACZE ODRZAŃSKIE","band":0,"modes":"bus","arr":["103","107","245"],"off":[0,-0.8]}},{"type":"Feature","geometry":{"type":"Point","coordinates":[16.906518,51.174687]},"properties":{"line":"103","mode":"bus","color":"#0059a9","colorDark":"#00294f","band":0,"off":[-3.4,1.1]}},{"type":"Feature","geometry":{"type":"Point","coordinates":[16.906518,51.174687]},"properties":{"line":"107","mode":"bus","color":"#0059a9","colorDark":"#00294f","band":0,"off":[0,1.1]}},{"type":"Feature","geometry":{"type":"Point","coordinates":[16.906518,51.174687]},"properties":{"line":"245","mode":"bus","color":"#000000","colorDark":"#000000","band":0,"off":[3.4,1.1]}},{"type":"Feature","geometry":{"type":"Point","coordinates":[17.023335,51.149104]},"properties":{"name":"Zajezdnia OBORNICKA","band":0,"modes":"tram,bus","arr":["1","7","15","103","142","306","315","602","607","206"],"off":[0,-0.8]}},{"type":"Feature","geometry":{"type":"Point","coordinates":[17.023335,51.149104]},"properties":{"name":"POŚWIĘTNE","band":0,"modes":"tram,bus","arr":["1","7","15","103","142","306","315","602","607","206"],"off":[0,-3]}},{"type":"Feature","geometry":{"type":"Point","coordinates":[17.023335,51.149104]},"properties":{"name":"Paprotna","band":0,"modes":"tram,bus","arr":["1","7","15","103","142","306","315","602","607","206"],"off":[0,-4.1]}},{"type":"Feature","geometry":{"type":"Point","coordinates":[17.023335,51.149104]},"properties":{"line":"1","mode":"tram","color":"#d6212b","colorDark":"#7c1116","band":0,"off":[-6.8,1.1]}},{"type":"Feature","geometry":{"type":"Point","coordinates":[17.023335,51.149104]},"properties":{"line":"7","mode":"tram","color":"#d6212b","colorDark":"#7c1116","band":0,"off":[-3.4,1.1]}},{"type":"Feature","geometry":{"type":"Point","coordinates":[17.023335,51.149104]},"properties":{"line":"15","mode":"tram","color":"#d6212b","colorDark":"#7c1116","band":0,"off":[0,1.1]}},{"type":"Feature","geometry":{"type":"Point","coordinates":[17.023335,51.149104]},"properties":{"line":"103","mode":"bus","color":"#0059a9","colorDark":"#00294f","band":0,"off":[3.4,1.1]}},{"type":"Feature","geometry":{"type":"Point","coordinates":[17.023335,51.149104]},"properties":{"line":"142","mode":"bus","color":"#0059a9","colorDark":"#00294f","band":0,"off":[6.8,1.1]}},{"type":"Feature","geometry":{"type":"Point","coordinates":[17.023335,51.149104]},"properties":{"line":"306","mode":"bus","color":"#0059a9","colorDark":"#00294f","band":0,"off":[-6.8,3.1]}},{"type":"Feature","geometry":{"type":"Point","coordinates":[17.023335,51.149104]},"properties":{"line":"315","mode":"bus","color":"#0059a9","colorDark":"#00294f","band":0,"off":[-3.4,3.1]}},{"type":"Feature","geometry":{"type":"Point","coordinates":[17.023335,51.149104]},"properties":{"line":"602","mode":"bus","color":"#0059a9","colorDark":"#00294f","band":0,"off":[0,3.1]}},{"type":"Feature","geometry":{"type":"Point","coordinates":[17.023335,51.149104]},"properties":{"line":"607","mode":"bus","color":"#0059a9","colorDark":"#00294f","band":0,"off":[3.4,3.1]}},{"type":"Feature","geometry":{"type":"Point","coordinates":[17.023335,51.149104]},"properties":{"line":"206","mode":"bus","color":"#000000","colorDark":"#000000","band":0,"off":[6.8,3.1]}},{"type":"Feature","geometry":{"type":"Point","coordinates":[16.905609,51.198077]},"properties":{"name":"JANÓWEK","band":0,"modes":"bus","arr":["103"],"off":[0,-0.8]}},{"type":"Feature","geometry":{"type":"Point","coordinates":[16.905609,51.198077]},"properties":{"line":"103","mode":"bus","color":"#0059a9","colorDark":"#00294f","band":0,"off":[0,1.1]}},{"type":"Feature","geometry":{"type":"Point","coordinates":[16.948918,51.157309]},"properties":{"name":"RĘDZIŃSKA","band":0,"modes":"bus","arr":["104"],"off":[0,-0.8]}},{"type":"Feature","geometry":{"type":"Point","coordinates":[16.948918,51.157309]},"properties":{"line":"104","mode":"bus","color":"#0059a9","colorDark":"#00294f","band":0,"off":[0,1.1]}},{"type":"Feature","geometry":{"type":"Point","coordinates":[16.996055,51.152655]},"properties":{"name":"ŚLAZOWA","band":0,"modes":"bus","arr":["104"],"off":[0,-0.8]}},{"type":"Feature","geometry":{"type":"Point","coordinates":[16.996055,51.152655]},"properties":{"line":"104","mode":"bus","color":"#0059a9","colorDark":"#00294f","band":0,"off":[0,1.1]}},{"type":"Feature","geometry":{"type":"Point","coordinates":[16.97515,51.196725]},"properties":{"name":"ŚWINIARY","band":0,"modes":"bus","arr":["105","244"],"off":[0,-0.8]}},{"type":"Feature","geometry":{"type":"Point","coordinates":[16.97515,51.196725]},"properties":{"line":"105","mode":"bus","color":"#0059a9","colorDark":"#00294f","band":0,"off":[-1.7,1.1]}},{"type":"Feature","geometry":{"type":"Point","coordinates":[16.97515,51.196725]},"properties":{"line":"244","mode":"bus","color":"#000000","colorDark":"#000000","band":0,"off":[1.7,1.1]}},{"type":"Feature","geometry":{"type":"Point","coordinates":[17.065449,51.13231]},"properties":{"name":"KROMERA","band":0,"modes":"tram,bus","arr":["6","11","105","132","904","905","928","930","964"],"off":[0,-0.8]}},{"type":"Feature","geometry":{"type":"Point","coordinates":[17.065449,51.13231]},"properties":{"line":"6","mode":"tram","color":"#d6212b","colorDark":"#7c1116","band":0,"off":[-6.8,1.1]}},{"type":"Feature","geometry":{"type":"Point","coordinates":[17.065449,51.13231]},"properties":{"line":"11","mode":"tram","color":"#d6212b","colorDark":"#7c1116","band":0,"off":[-3.4,1.1]}},{"type":"Feature","geometry":{"type":"Point","coordinates":[17.065449,51.13231]},"properties":{"line":"105","mode":"bus","color":"#0059a9","colorDark":"#00294f","band":0,"off":[0,1.1]}},{"type":"Feature","geometry":{"type":"Point","coordinates":[17.065449,51.13231]},"properties":{"line":"132","mode":"bus","color":"#0059a9","colorDark":"#00294f","band":0,"off":[3.4,1.1]}},{"type":"Feature","geometry":{"type":"Point","coordinates":[17.065449,51.13231]},"properties":{"line":"904","mode":"bus","color":"#0059a9","colorDark":"#00294f","band":0,"off":[6.8,1.1]}},{"type":"Feature","geometry":{"type":"Point","coordinates":[17.065449,51.13231]},"properties":{"line":"905","mode":"bus","color":"#0059a9","colorDark":"#00294f","band":0,"off":[-5.1,3.1]}},{"type":"Feature","geometry":{"type":"Point","coordinates":[17.065449,51.13231]},"properties":{"line":"928","mode":"bus","color":"#0059a9","colorDark":"#00294f","band":0,"off":[-1.7,3.1]}},{"type":"Feature","geometry":{"type":"Point","coordinates":[17.065449,51.13231]},"properties":{"line":"930","mode":"bus","color":"#0059a9","colorDark":"#00294f","band":0,"off":[1.7,3.1]}},{"type":"Feature","geometry":{"type":"Point","coordinates":[17.065449,51.13231]},"properties":{"line":"964","mode":"bus","color":"#0059a9","colorDark":"#00294f","band":0,"off":[5.1,3.1]}},{"type":"Feature","geometry":{"type":"Point","coordinates":[16.8824,51.109371]},"properties":{"name":"PORT LOTNICZY","band":0,"modes":"bus","arr":["106","129","206"],"off":[0,-0.8]}},{"type":"Feature","geometry":{"type":"Point","coordinates":[16.8824,51.109371]},"properties":{"line":"106","mode":"bus","color":"#0059a9","colorDark":"#00294f","band":0,"off":[-3.4,1.1]}},{"type":"Feature","geometry":{"type":"Point","coordinates":[16.8824,51.109371]},"properties":{"line":"129","mode":"bus","color":"#0059a9","colorDark":"#00294f","band":0,"off":[0,1.1]}},{"type":"Feature","geometry":{"type":"Point","coordinates":[16.8824,51.109371]},"properties":{"line":"206","mode":"bus","color":"#000000","colorDark":"#000000","band":0,"off":[3.4,1.1]}},{"type":"Feature","geometry":{"type":"Point","coordinates":[17.03828,51.099946]},"properties":{"name":"DWORZEC GŁÓWNY (Dworcowa)","band":0,"modes":"tram,bus","arr":["0","106"],"off":[0,-0.8]}},{"type":"Feature","geometry":{"type":"Point","coordinates":[17.03828,51.099946]},"properties":{"name":"DWORZEC GŁÓWNY","band":0,"modes":"tram,bus","arr":["0","106"],"off":[0,-3]}},{"type":"Feature","geometry":{"type":"Point","coordinates":[17.03828,51.099946]},"properties":{"line":"0","mode":"tram","color":"#d6212b","colorDark":"#7c1116","band":0,"off":[-1.7,1.1]}},{"type":"Feature","geometry":{"type":"Point","coordinates":[17.03828,51.099946]},"properties":{"line":"106","mode":"bus","color":"#0059a9","colorDark":"#00294f","band":0,"off":[1.7,1.1]}},{"type":"Feature","geometry":{"type":"Point","coordinates":[16.899084,51.10507]},"properties":{"name":"Strachowice General Aviation","band":0,"modes":"bus","arr":["306"],"off":[0,-0.8]}},{"type":"Feature","geometry":{"type":"Point","coordinates":[16.899084,51.10507]},"properties":{"line":"306","mode":"bus","color":"#0059a9","colorDark":"#00294f","band":0,"off":[0,1.1]}},{"type":"Feature","geometry":{"type":"Point","coordinates":[17.009294,51.074182]},"properties":{"name":"PARK POŁUDNIOWY","band":0,"modes":"tram,bus","arr":["2","6","9","14","15","107","112","113","153","612","913","933","249","251"],"off":[0,-0.8],"sc":0.95}},{"type":"Feature","geometry":{"type":"Point","coordinates":[17.009294,51.074182]},"properties":{"name":"KRZYKI","band":0,"modes":"tram,bus","arr":["2","6","9","14","15","107","112","113","153","612","913","933","249","251"],"off":[0,-1.9],"sc":0.95}},{"type":"Feature","geometry":{"type":"Point","coordinates":[17.009294,51.074182]},"properties":{"line":"2","mode":"tram","color":"#d6212b","colorDark":"#7c1116","band":0,"sc":0.95,"off":[-6.8,1.1]}},{"type":"Feature","geometry":{"type":"Point","coordinates":[17.009294,51.074182]},"properties":{"line":"6","mode":"tram","color":"#d6212b","colorDark":"#7c1116","band":0,"sc":0.95,"off":[-3.4,1.1]}},{"type":"Feature","geometry":{"type":"Point","coordinates":[17.009294,51.074182]},"properties":{"line":"9","mode":"tram","color":"#d6212b","colorDark":"#7c1116","band":0,"sc":0.95,"off":[0,1.1]}},{"type":"Feature","geometry":{"type":"Point","coordinates":[17.009294,51.074182]},"properties":{"line":"14","mode":"tram","color":"#d6212b","colorDark":"#7c1116","band":0,"sc":0.95,"off":[3.4,1.1]}},{"type":"Feature","geometry":{"type":"Point","coordinates":[17.009294,51.074182]},"properties":{"line":"15","mode":"tram","color":"#d6212b","colorDark":"#7c1116","band":0,"sc":0.95,"off":[6.8,1.1]}},{"type":"Feature","geometry":{"type":"Point","coordinates":[17.009294,51.074182]},"properties":{"line":"107","mode":"bus","color":"#0059a9","colorDark":"#00294f","band":0,"sc":0.95,"off":[-6.8,3.1]}},{"type":"Feature","geometry":{"type":"Point","coordinates":[17.009294,51.074182]},"properties":{"line":"112","mode":"bus","color":"#0059a9","colorDark":"#00294f","band":0,"sc":0.95,"off":[-3.4,3.1]}},{"type":"Feature","geometry":{"type":"Point","coordinates":[17.009294,51.074182]},"properties":{"line":"113","mode":"bus","color":"#0059a9","colorDark":"#00294f","band":0,"sc":0.95,"off":[0,3.1]}},{"type":"Feature","geometry":{"type":"Point","coordinates":[17.009294,51.074182]},"properties":{"line":"153","mode":"bus","color":"#0059a9","colorDark":"#00294f","band":0,"sc":0.95,"off":[3.4,3.1]}},{"type":"Feature","geometry":{"type":"Point","coordinates":[17.009294,51.074182]},"properties":{"line":"612","mode":"bus","color":"#0059a9","colorDark":"#00294f","band":0,"sc":0.95,"off":[6.8,3.1]}},{"type":"Feature","geometry":{"type":"Point","coordinates":[17.009294,51.074182]},"properties":{"line":"913","mode":"bus","color":"#0059a9","colorDark":"#00294f","band":0,"sc":0.95,"off":[-5.1,5.1]}},{"type":"Feature","geometry":{"type":"Point","coordinates":[17.009294,51.074182]},"properties":{"line":"933","mode":"bus","color":"#0059a9","colorDark":"#00294f","band":0,"sc":0.95,"off":[-1.7,5.1]}},{"type":"Feature","geometry":{"type":"Point","coordinates":[17.009294,51.074182]},"properties":{"line":"249","mode":"bus","color":"#000000","colorDark":"#000000","band":0,"sc":0.95,"off":[1.7,5.1]}},{"type":"Feature","geometry":{"type":"Point","coordinates":[17.009294,51.074182]},"properties":{"line":"251","mode":"bus","color":"#000000","colorDark":"#000000","band":0,"sc":0.95,"off":[5.1,5.1]}},{"type":"Feature","geometry":{"type":"Point","coordinates":[16.987932,51.058173]},"properties":{"name":"KLECINA (Stacja kolejowa)","band":0,"modes":"bus","arr":["319"],"off":[0,-0.8]}},{"type":"Feature","geometry":{"type":"Point","coordinates":[16.987932,51.058173]},"properties":{"line":"319","mode":"bus","color":"#0059a9","colorDark":"#00294f","band":0,"off":[0,1.1]}},{"type":"Feature","geometry":{"type":"Point","coordinates":[16.978315,51.093595]},"properties":{"name":"Fiołkowa","band":0,"modes":"bus","arr":["967"],"off":[0,-0.8]}},{"type":"Feature","geometry":{"type":"Point","coordinates":[16.978315,51.093595]},"properties":{"name":"FAT","band":0,"modes":"bus","arr":["967"],"off":[0,-1.9]}},{"type":"Feature","geometry":{"type":"Point","coordinates":[16.978315,51.093595]},"properties":{"line":"967","mode":"bus","color":"#0059a9","colorDark":"#00294f","band":0,"off":[0,1.1]}},{"type":"Feature","geometry":{"type":"Point","coordinates":[16.95983,51.112552]},"properties":{"name":"Strzegomska (krzyżówka)","band":0,"modes":"bus","arr":["909"],"off":[0,-0.8]}},{"type":"Feature","geometry":{"type":"Point","coordinates":[16.95983,51.112552]},"properties":{"line":"909","mode":"bus","color":"#0059a9","colorDark":"#00294f","band":0,"off":[0,1.1]}},{"type":"Feature","geometry":{"type":"Point","coordinates":[16.969517,51.068059]},"properties":{"name":"GIEŁDOWA (Centrum Hurtu)","band":0,"modes":"bus","arr":["D","247","257"],"off":[0,-0.8]}},{"type":"Feature","geometry":{"type":"Point","coordinates":[16.969517,51.068059]},"properties":{"line":"D","mode":"bus","color":"#0059a9","colorDark":"#00294f","band":0,"off":[-3.4,1.1]}},{"type":"Feature","geometry":{"type":"Point","coordinates":[16.969517,51.068059]},"properties":{"line":"247","mode":"bus","color":"#000000","colorDark":"#000000","band":0,"off":[0,1.1]}},{"type":"Feature","geometry":{"type":"Point","coordinates":[16.969517,51.068059]},"properties":{"line":"257","mode":"bus","color":"#000000","colorDark":"#000000","band":0,"off":[3.4,1.1]}},{"type":"Feature","geometry":{"type":"Point","coordinates":[17.006044,51.179388]},"properties":{"name":"KMINKOWA","band":0,"modes":"bus","arr":["108","111","153"],"off":[0,-0.8]}},{"type":"Feature","geometry":{"type":"Point","coordinates":[17.006044,51.179388]},"properties":{"line":"108","mode":"bus","color":"#0059a9","colorDark":"#00294f","band":0,"off":[-3.4,1.1]}},{"type":"Feature","geometry":{"type":"Point","coordinates":[17.006044,51.179388]},"properties":{"line":"111","mode":"bus","color":"#0059a9","colorDark":"#00294f","band":0,"off":[0,1.1]}},{"type":"Feature","geometry":{"type":"Point","coordinates":[17.006044,51.179388]},"properties":{"line":"153","mode":"bus","color":"#0059a9","colorDark":"#00294f","band":0,"off":[3.4,1.1]}},{"type":"Feature","geometry":{"type":"Point","coordinates":[17.033903,51.12468]},"properties":{"name":"DWORZEC NADODRZE","band":0,"modes":"bus","arr":["108","908"],"off":[0,-0.8]}},{"type":"Feature","geometry":{"type":"Point","coordinates":[17.033903,51.12468]},"properties":{"line":"108","mode":"bus","color":"#0059a9","colorDark":"#00294f","band":0,"off":[-1.7,1.1]}},{"type":"Feature","geometry":{"type":"Point","coordinates":[17.033903,51.12468]},"properties":{"line":"908","mode":"bus","color":"#0059a9","colorDark":"#00294f","band":0,"off":[1.7,1.1]}},{"type":"Feature","geometry":{"type":"Point","coordinates":[17.07232,51.04231]},"properties":{"name":"IWINY - pętla","band":0,"modes":"bus","arr":["110"],"off":[0,-0.8]}},{"type":"Feature","geometry":{"type":"Point","coordinates":[17.07232,51.04231]},"properties":{"line":"110","mode":"bus","color":"#0059a9","colorDark":"#00294f","band":0,"off":[0,1.1]}},{"type":"Feature","geometry":{"type":"Point","coordinates":[17.060843,51.045095]},"properties":{"name":"IWINY - rondo","band":0,"modes":"bus","arr":["310","255"],"off":[0,-0.8]}},{"type":"Feature","geometry":{"type":"Point","coordinates":[17.060843,51.045095]},"properties":{"line":"310","mode":"bus","color":"#0059a9","colorDark":"#00294f","band":0,"off":[-1.7,1.1]}},{"type":"Feature","geometry":{"type":"Point","coordinates":[17.060843,51.045095]},"properties":{"line":"255","mode":"bus","color":"#000000","colorDark":"#000000","band":0,"off":[1.7,1.1]}},{"type":"Feature","geometry":{"type":"Point","coordinates":[17.059167,51.05014]},"properties":{"name":"Vivaldiego","band":0,"modes":"bus","arr":["145"],"off":[0,-0.8]}},{"type":"Feature","geometry":{"type":"Point","coordinates":[17.059167,51.05014]},"properties":{"line":"145","mode":"bus","color":"#0059a9","colorDark":"#00294f","band":0,"off":[0,1.1]}},{"type":"Feature","geometry":{"type":"Point","coordinates":[17.035214,51.107342]},"properties":{"name":"Świdnicka","band":0,"modes":"tram,bus","arr":["12","110","112","113","114","120","914","920","924","T"],"off":[0,-0.8]}},{"type":"Feature","geometry":{"type":"Point","coordinates":[17.035214,51.107342]},"properties":{"name":"Opera","band":0,"modes":"tram,bus","arr":["12","110","112","113","114","120","914","920","924","T"],"off":[0,-1.9]}},{"type":"Feature","geometry":{"type":"Point","coordinates":[17.035214,51.107342]},"properties":{"name":"GALERIA DOMINIKAŃSKA","band":0,"modes":"tram,bus","arr":["12","110","112","113","114","120","914","920","924","T"],"off":[0,-3]}},{"type":"Feature","geometry":{"type":"Point","coordinates":[17.035214,51.107342]},"properties":{"line":"12","mode":"tram","color":"#d6212b","colorDark":"#7c1116","band":0,"off":[-6.8,1.1]}},{"type":"Feature","geometry":{"type":"Point","coordinates":[17.035214,51.107342]},"properties":{"line":"110","mode":"bus","color":"#0059a9","colorDark":"#00294f","band":0,"off":[-3.4,1.1]}},{"type":"Feature","geometry":{"type":"Point","coordinates":[17.035214,51.107342]},"properties":{"line":"112","mode":"bus","color":"#0059a9","colorDark":"#00294f","band":0,"off":[0,1.1]}},{"type":"Feature","geometry":{"type":"Point","coordinates":[17.035214,51.107342]},"properties":{"line":"113","mode":"bus","color":"#0059a9","colorDark":"#00294f","band":0,"off":[3.4,1.1]}},{"type":"Feature","geometry":{"type":"Point","coordinates":[17.035214,51.107342]},"properties":{"line":"114","mode":"bus","color":"#0059a9","colorDark":"#00294f","band":0,"off":[6.8,1.1]}},{"type":"Feature","geometry":{"type":"Point","coordinates":[17.035214,51.107342]},"properties":{"line":"120","mode":"bus","color":"#0059a9","colorDark":"#00294f","band":0,"off":[-6.8,3.1]}},{"type":"Feature","geometry":{"type":"Point","coordinates":[17.035214,51.107342]},"properties":{"line":"914","mode":"bus","color":"#0059a9","colorDark":"#00294f","band":0,"off":[-3.4,3.1]}},{"type":"Feature","geometry":{"type":"Point","coordinates":[17.035214,51.107342]},"properties":{"line":"920","mode":"bus","color":"#0059a9","colorDark":"#00294f","band":0,"off":[0,3.1]}},{"type":"Feature","geometry":{"type":"Point","coordinates":[17.035214,51.107342]},"properties":{"line":"924","mode":"bus","color":"#0059a9","colorDark":"#00294f","band":0,"off":[3.4,3.1]}},{"type":"Feature","geometry":{"type":"Point","coordinates":[17.035214,51.107342]},"properties":{"line":"T","mode":"tram","color":"#d6212b","colorDark":"#7c1116","band":0,"off":[6.8,3.1]}},{"type":"Feature","geometry":{"type":"Point","coordinates":[17.057026,51.053718]},"properties":{"name":"JAGODNO (P+R)","band":0,"modes":"bus","arr":["148","310","N"],"off":[0,-0.8]}},{"type":"Feature","geometry":{"type":"Point","coordinates":[17.057026,51.053718]},"properties":{"line":"148","mode":"bus","color":"#0059a9","colorDark":"#00294f","band":0,"off":[-3.4,1.1]}},{"type":"Feature","geometry":{"type":"Point","coordinates":[17.057026,51.053718]},"properties":{"line":"310","mode":"bus","color":"#0059a9","colorDark":"#00294f","band":0,"off":[0,1.1]}},{"type":"Feature","geometry":{"type":"Point","coordinates":[17.057026,51.053718]},"properties":{"line":"N","mode":"bus","color":"#0059a9","colorDark":"#00294f","band":0,"off":[3.4,1.1]}},{"type":"Feature","geometry":{"type":"Point","coordinates":[17.132518,51.158979]},"properties":{"name":"OSIEDLE SOBIESKIEGO","band":0,"modes":"bus","arr":["111","130","150","D"],"off":[0,-0.8]}},{"type":"Feature","geometry":{"type":"Point","coordinates":[17.132518,51.158979]},"properties":{"line":"111","mode":"bus","color":"#0059a9","colorDark":"#00294f","band":0,"off":[-5.1,1.1]}},{"type":"Feature","geometry":{"type":"Point","coordinates":[17.132518,51.158979]},"properties":{"line":"130","mode":"bus","color":"#0059a9","colorDark":"#00294f","band":0,"off":[-1.7,1.1]}},{"type":"Feature","geometry":{"type":"Point","coordinates":[17.132518,51.158979]},"properties":{"line":"150","mode":"bus","color":"#0059a9","colorDark":"#00294f","band":0,"off":[1.7,1.1]}},{"type":"Feature","geometry":{"type":"Point","coordinates":[17.132518,51.158979]},"properties":{"line":"D","mode":"bus","color":"#0059a9","colorDark":"#00294f","band":0,"off":[5.1,1.1]}},{"type":"Feature","geometry":{"type":"Point","coordinates":[17.060667,51.111923]},"properties":{"name":"Reja","band":0,"modes":"bus","arr":["115","116","121","131","149","151","315","911","945","955","961"],"off":[0,-0.8]}},{"type":"Feature","geometry":{"type":"Point","coordinates":[17.060667,51.111923]},"properties":{"name":"PL. GRUNWALDZKI","band":0,"modes":"bus","arr":["115","116","121","131","149","151","315","911","945","955","961"],"off":[0,-1.9]}},{"type":"Feature","geometry":{"type":"Point","coordinates":[17.060667,51.111923]},"properties":{"line":"115","mode":"bus","color":"#0059a9","colorDark":"#00294f","band":0,"off":[-6.8,1.1]}},{"type":"Feature","geometry":{"type":"Point","coordinates":[17.060667,51.111923]},"properties":{"line":"116","mode":"bus","color":"#0059a9","colorDark":"#00294f","band":0,"off":[-3.4,1.1]}},{"type":"Feature","geometry":{"type":"Point","coordinates":[17.060667,51.111923]},"properties":{"line":"121","mode":"bus","color":"#0059a9","colorDark":"#00294f","band":0,"off":[0,1.1]}},{"type":"Feature","geometry":{"type":"Point","coordinates":[17.060667,51.111923]},"properties":{"line":"131","mode":"bus","color":"#0059a9","colorDark":"#00294f","band":0,"off":[3.4,1.1]}},{"type":"Feature","geometry":{"type":"Point","coordinates":[17.060667,51.111923]},"properties":{"line":"149","mode":"bus","color":"#0059a9","colorDark":"#00294f","band":0,"off":[6.8,1.1]}},{"type":"Feature","geometry":{"type":"Point","coordinates":[17.060667,51.111923]},"properties":{"line":"151","mode":"bus","color":"#0059a9","colorDark":"#00294f","band":0,"off":[-6.8,3.1]}},{"type":"Feature","geometry":{"type":"Point","coordinates":[17.060667,51.111923]},"properties":{"line":"315","mode":"bus","color":"#0059a9","colorDark":"#00294f","band":0,"off":[-3.4,3.1]}},{"type":"Feature","geometry":{"type":"Point","coordinates":[17.060667,51.111923]},"properties":{"line":"911","mode":"bus","color":"#0059a9","colorDark":"#00294f","band":0,"off":[0,3.1]}},{"type":"Feature","geometry":{"type":"Point","coordinates":[17.060667,51.111923]},"properties":{"line":"945","mode":"bus","color":"#0059a9","colorDark":"#00294f","band":0,"off":[3.4,3.1]}},{"type":"Feature","geometry":{"type":"Point","coordinates":[17.060667,51.111923]},"properties":{"line":"955","mode":"bus","color":"#0059a9","colorDark":"#00294f","band":0,"off":[6.8,3.1]}},{"type":"Feature","geometry":{"type":"Point","coordinates":[17.060667,51.111923]},"properties":{"line":"961","mode":"bus","color":"#0059a9","colorDark":"#00294f","band":0,"off":[0,5.1]}},{"type":"Feature","geometry":{"type":"Point","coordinates":[17.086532,51.05903]},"properties":{"name":"BROCHÓW","band":0,"modes":"bus","arr":["125","133"],"off":[0,-0.8]}},{"type":"Feature","geometry":{"type":"Point","coordinates":[17.086532,51.05903]},"properties":{"line":"125","mode":"bus","color":"#0059a9","colorDark":"#00294f","band":0,"off":[-1.7,1.1]}},{"type":"Feature","geometry":{"type":"Point","coordinates":[17.086532,51.05903]},"properties":{"line":"133","mode":"bus","color":"#0059a9","colorDark":"#00294f","band":0,"off":[1.7,1.1]}},{"type":"Feature","geometry":{"type":"Point","coordinates":[17.091095,51.047735]},"properties":{"name":"BIEŃKOWICE","band":0,"modes":"bus","arr":["114","245"],"off":[0,-0.8]}},{"type":"Feature","geometry":{"type":"Point","coordinates":[17.091095,51.047735]},"properties":{"line":"114","mode":"bus","color":"#0059a9","colorDark":"#00294f","band":0,"off":[-1.7,1.1]}},{"type":"Feature","geometry":{"type":"Point","coordinates":[17.091095,51.047735]},"properties":{"line":"245","mode":"bus","color":"#000000","colorDark":"#000000","band":0,"off":[1.7,1.1]}},{"type":"Feature","geometry":{"type":"Point","coordinates":[17.165932,51.095908]},"properties":{"name":"WOJNÓW (Pętla)","band":0,"modes":"bus","arr":["115","118","259"],"off":[0,-0.8]}},{"type":"Feature","geometry":{"type":"Point","coordinates":[17.165932,51.095908]},"properties":{"line":"115","mode":"bus","color":"#0059a9","colorDark":"#00294f","band":0,"off":[-3.4,1.1]}},{"type":"Feature","geometry":{"type":"Point","coordinates":[17.165932,51.095908]},"properties":{"line":"118","mode":"bus","color":"#0059a9","colorDark":"#00294f","band":0,"off":[0,1.1]}},{"type":"Feature","geometry":{"type":"Point","coordinates":[17.165932,51.095908]},"properties":{"line":"259","mode":"bus","color":"#000000","colorDark":"#000000","band":0,"off":[3.4,1.1]}},{"type":"Feature","geometry":{"type":"Point","coordinates":[17.09072,51.113666]},"properties":{"name":"8 Maja","band":0,"modes":"tram,bus","arr":["9","17","118","343"],"off":[0,-0.8]}},{"type":"Feature","geometry":{"type":"Point","coordinates":[17.09072,51.113666]},"properties":{"line":"9","mode":"tram","color":"#d6212b","colorDark":"#7c1116","band":0,"off":[-5.1,1.1]}},{"type":"Feature","geometry":{"type":"Point","coordinates":[17.09072,51.113666]},"properties":{"line":"17","mode":"tram","color":"#d6212b","colorDark":"#7c1116","band":0,"off":[-1.7,1.1]}},{"type":"Feature","geometry":{"type":"Point","coordinates":[17.09072,51.113666]},"properties":{"line":"118","mode":"bus","color":"#0059a9","colorDark":"#00294f","band":0,"off":[1.7,1.1]}},{"type":"Feature","geometry":{"type":"Point","coordinates":[17.09072,51.113666]},"properties":{"line":"343","mode":"bus","color":"#0059a9","colorDark":"#00294f","band":0,"off":[5.1,1.1]}},{"type":"Feature","geometry":{"type":"Point","coordinates":[17.064507,51.15523]},"properties":{"name":"SOŁTYSOWICE","band":0,"modes":"bus","arr":["116","119","A","246"],"off":[0,-0.8]}},{"type":"Feature","geometry":{"type":"Point","coordinates":[17.064507,51.15523]},"properties":{"line":"116","mode":"bus","color":"#0059a9","colorDark":"#00294f","band":0,"off":[-5.1,1.1]}},{"type":"Feature","geometry":{"type":"Point","coordinates":[17.064507,51.15523]},"properties":{"line":"119","mode":"bus","color":"#0059a9","colorDark":"#00294f","band":0,"off":[-1.7,1.1]}},{"type":"Feature","geometry":{"type":"Point","coordinates":[17.064507,51.15523]},"properties":{"line":"A","mode":"bus","color":"#0059a9","colorDark":"#00294f","band":0,"off":[1.7,1.1]}},{"type":"Feature","geometry":{"type":"Point","coordinates":[17.064507,51.15523]},"properties":{"line":"246","mode":"bus","color":"#000000","colorDark":"#000000","band":0,"off":[5.1,1.1]}},{"type":"Feature","geometry":{"type":"Point","coordinates":[16.886564,51.124341]},"properties":{"name":"Jerzmanowo (Cmentarz I)","band":0,"modes":"bus","arr":["117"],"off":[0,-0.8]}},{"type":"Feature","geometry":{"type":"Point","coordinates":[16.886564,51.124341]},"properties":{"line":"117","mode":"bus","color":"#0059a9","colorDark":"#00294f","band":0,"off":[0,1.1]}},{"type":"Feature","geometry":{"type":"Point","coordinates":[16.860023,51.150165]},"properties":{"name":"Krępicka - Szkoła","band":0,"modes":"bus","arr":["117"],"off":[0,-0.8]}},{"type":"Feature","geometry":{"type":"Point","coordinates":[16.860023,51.150165]},"properties":{"line":"117","mode":"bus","color":"#0059a9","colorDark":"#00294f","band":0,"off":[0,1.1]}},{"type":"Feature","geometry":{"type":"Point","coordinates":[16.966697,51.166086]},"properties":{"name":"RĘDZIN","band":0,"modes":"bus","arr":["118","257"],"off":[0,-0.8]}},{"type":"Feature","geometry":{"type":"Point","coordinates":[16.966697,51.166086]},"properties":{"line":"118","mode":"bus","color":"#0059a9","colorDark":"#00294f","band":0,"off":[-1.7,1.1]}},{"type":"Feature","geometry":{"type":"Point","coordinates":[16.966697,51.166086]},"properties":{"line":"257","mode":"bus","color":"#000000","colorDark":"#000000","band":0,"off":[1.7,1.1]}},{"type":"Feature","geometry":{"type":"Point","coordinates":[16.983262,51.07716]},"properties":{"name":"RACŁAWICKA","band":0,"modes":"bus","arr":["119","A","248"],"off":[0,-0.8]}},{"type":"Feature","geometry":{"type":"Point","coordinates":[16.983262,51.07716]},"properties":{"line":"119","mode":"bus","color":"#0059a9","colorDark":"#00294f","band":0,"off":[-3.4,1.1]}},{"type":"Feature","geometry":{"type":"Point","coordinates":[16.983262,51.07716]},"properties":{"line":"A","mode":"bus","color":"#0059a9","colorDark":"#00294f","band":0,"off":[0,1.1]}},{"type":"Feature","geometry":{"type":"Point","coordinates":[16.983262,51.07716]},"properties":{"line":"248","mode":"bus","color":"#000000","colorDark":"#000000","band":0,"off":[3.4,1.1]}},{"type":"Feature","geometry":{"type":"Point","coordinates":[16.970715,51.112576]},"properties":{"name":"Muchobór Mały (Stacja kolejowa)","band":0,"modes":"bus","arr":["306"],"off":[0,-0.8]}},{"type":"Feature","geometry":{"type":"Point","coordinates":[16.970715,51.112576]},"properties":{"line":"306","mode":"bus","color":"#0059a9","colorDark":"#00294f","band":0,"off":[0,1.1]}},{"type":"Feature","geometry":{"type":"Point","coordinates":[17.157232,51.070199]},"properties":{"name":"BLIZANOWICE","band":0,"modes":"bus","arr":["120"],"off":[0,-0.8]}},{"type":"Feature","geometry":{"type":"Point","coordinates":[17.157232,51.070199]},"properties":{"line":"120","mode":"bus","color":"#0059a9","colorDark":"#00294f","band":0,"off":[0,1.1]}},{"type":"Feature","geometry":{"type":"Point","coordinates":[17.148156,51.145324]},"properties":{"name":"KIEŁCZOWSKA (Cmentarz)","band":0,"modes":"bus","arr":["121","921"],"off":[0,-0.8]}},{"type":"Feature","geometry":{"type":"Point","coordinates":[17.148156,51.145324]},"properties":{"line":"121","mode":"bus","color":"#0059a9","colorDark":"#00294f","band":0,"off":[-1.7,1.1]}},{"type":"Feature","geometry":{"type":"Point","coordinates":[17.148156,51.145324]},"properties":{"line":"921","mode":"bus","color":"#0059a9","colorDark":"#00294f","band":0,"off":[1.7,1.1]}},{"type":"Feature","geometry":{"type":"Point","coordinates":[17.127591,51.142267]},"properties":{"name":"LITEWSKA","band":0,"modes":"bus","arr":["131","147","150","N","251"],"off":[0,-0.8]}},{"type":"Feature","geometry":{"type":"Point","coordinates":[17.127591,51.142267]},"properties":{"line":"131","mode":"bus","color":"#0059a9","colorDark":"#00294f","band":0,"off":[-6.8,1.1]}},{"type":"Feature","geometry":{"type":"Point","coordinates":[17.127591,51.142267]},"properties":{"line":"147","mode":"bus","color":"#0059a9","colorDark":"#00294f","band":0,"off":[-3.4,1.1]}},{"type":"Feature","geometry":{"type":"Point","coordinates":[17.127591,51.142267]},"properties":{"line":"150","mode":"bus","color":"#0059a9","colorDark":"#00294f","band":0,"off":[0,1.1]}},{"type":"Feature","geometry":{"type":"Point","coordinates":[17.127591,51.142267]},"properties":{"line":"N","mode":"bus","color":"#0059a9","colorDark":"#00294f","band":0,"off":[3.4,1.1]}},{"type":"Feature","geometry":{"type":"Point","coordinates":[17.127591,51.142267]},"properties":{"line":"251","mode":"bus","color":"#000000","colorDark":"#000000","band":0,"off":[6.8,1.1]}},{"type":"Feature","geometry":{"type":"Point","coordinates":[17.116708,51.145711]},"properties":{"name":"MULICKA","band":0,"modes":"bus","arr":["944"],"off":[0,-0.8]}},{"type":"Feature","geometry":{"type":"Point","coordinates":[17.116708,51.145711]},"properties":{"line":"944","mode":"bus","color":"#0059a9","colorDark":"#00294f","band":0,"off":[0,1.1]}},{"type":"Feature","geometry":{"type":"Point","coordinates":[16.934956,51.09568]},"properties":{"name":"Gagarina","band":0,"modes":"bus","arr":["122"],"off":[0,-0.8]}},{"type":"Feature","geometry":{"type":"Point","coordinates":[16.934956,51.09568]},"properties":{"line":"122","mode":"bus","color":"#0059a9","colorDark":"#00294f","band":0,"off":[0,1.1]}},{"type":"Feature","geometry":{"type":"Point","coordinates":[17.037977,51.09696]},"properties":{"name":"SUCHA","band":0,"modes":"bus","arr":["122","612","240","250"],"off":[0,-0.8]}},{"type":"Feature","geometry":{"type":"Point","coordinates":[17.037977,51.09696]},"properties":{"name":"DWORZEC AUTOBUSOWY","band":0,"modes":"bus","arr":["122","612","240","250"],"off":[0,-1.9]}},{"type":"Feature","geometry":{"type":"Point","coordinates":[17.037977,51.09696]},"properties":{"line":"122","mode":"bus","color":"#0059a9","colorDark":"#00294f","band":0,"off":[-5.1,1.1]}},{"type":"Feature","geometry":{"type":"Point","coordinates":[17.037977,51.09696]},"properties":{"line":"612","mode":"bus","color":"#0059a9","colorDark":"#00294f","band":0,"off":[-1.7,1.1]}},{"type":"Feature","geometry":{"type":"Point","coordinates":[17.037977,51.09696]},"properties":{"line":"240","mode":"bus","color":"#000000","colorDark":"#000000","band":0,"off":[1.7,1.1]}},{"type":"Feature","geometry":{"type":"Point","coordinates":[17.037977,51.09696]},"properties":{"line":"250","mode":"bus","color":"#000000","colorDark":"#000000","band":0,"off":[5.1,1.1]}},{"type":"Feature","geometry":{"type":"Point","coordinates":[16.958257,51.13268]},"properties":{"name":"Metalowców","band":0,"modes":"bus","arr":["123"],"off":[0,-0.8]}},{"type":"Feature","geometry":{"type":"Point","coordinates":[16.958257,51.13268]},"properties":{"line":"123","mode":"bus","color":"#0059a9","colorDark":"#00294f","band":0,"off":[0,1.1]}},{"type":"Feature","geometry":{"type":"Point","coordinates":[16.952121,51.119611]},"properties":{"name":"Wrocław Nowy Dwór (P+R)","band":0,"modes":"tram,bus","arr":["13","23","124","128","134","927","241"],"off":[0,-0.8]}},{"type":"Feature","geometry":{"type":"Point","coordinates":[16.952121,51.119611]},"properties":{"line":"13","mode":"tram","color":"#d6212b","colorDark":"#7c1116","band":0,"off":[-6.8,1.1]}},{"type":"Feature","geometry":{"type":"Point","coordinates":[16.952121,51.119611]},"properties":{"line":"23","mode":"tram","color":"#d6212b","colorDark":"#7c1116","band":0,"off":[-3.4,1.1]}},{"type":"Feature","geometry":{"type":"Point","coordinates":[16.952121,51.119611]},"properties":{"line":"124","mode":"bus","color":"#0059a9","colorDark":"#00294f","band":0,"off":[0,1.1]}},{"type":"Feature","geometry":{"type":"Point","coordinates":[16.952121,51.119611]},"properties":{"line":"128","mode":"bus","color":"#0059a9","colorDark":"#00294f","band":0,"off":[3.4,1.1]}},{"type":"Feature","geometry":{"type":"Point","coordinates":[16.952121,51.119611]},"properties":{"line":"134","mode":"bus","color":"#0059a9","colorDark":"#00294f","band":0,"off":[6.8,1.1]}},{"type":"Feature","geometry":{"type":"Point","coordinates":[16.952121,51.119611]},"properties":{"line":"927","mode":"bus","color":"#0059a9","colorDark":"#00294f","band":0,"off":[-1.7,3.1]}},{"type":"Feature","geometry":{"type":"Point","coordinates":[16.952121,51.119611]},"properties":{"line":"241","mode":"bus","color":"#000000","colorDark":"#000000","band":0,"off":[1.7,3.1]}},{"type":"Feature","geometry":{"type":"Point","coordinates":[17.09529,51.069511]},"properties":{"name":"KSIĘŻE WIELKIE","band":0,"modes":"bus","arr":["124","134","343","243"],"off":[0,-0.8]}},{"type":"Feature","geometry":{"type":"Point","coordinates":[17.09529,51.069511]},"properties":{"name":"Brochowska","band":0,"modes":"bus","arr":["124","134","343","243"],"off":[0,-1.9]}},{"type":"Feature","geometry":{"type":"Point","coordinates":[17.09529,51.069511]},"properties":{"line":"124","mode":"bus","color":"#0059a9","colorDark":"#00294f","band":0,"off":[-5.1,1.1]}},{"type":"Feature","geometry":{"type":"Point","coordinates":[17.09529,51.069511]},"properties":{"line":"134","mode":"bus","color":"#0059a9","colorDark":"#00294f","band":0,"off":[-1.7,1.1]}},{"type":"Feature","geometry":{"type":"Point","coordinates":[17.09529,51.069511]},"properties":{"line":"343","mode":"bus","color":"#0059a9","colorDark":"#00294f","band":0,"off":[1.7,1.1]}},{"type":"Feature","geometry":{"type":"Point","coordinates":[17.09529,51.069511]},"properties":{"line":"243","mode":"bus","color":"#000000","colorDark":"#000000","band":0,"off":[5.1,1.1]}},{"type":"Feature","geometry":{"type":"Point","coordinates":[16.952865,51.075993]},"properties":{"name":"TYNIECKA (pętla)","band":0,"modes":"bus","arr":["125","143"],"off":[0,-0.8]}},{"type":"Feature","geometry":{"type":"Point","coordinates":[16.952865,51.075993]},"properties":{"line":"125","mode":"bus","color":"#0059a9","colorDark":"#00294f","band":0,"off":[-1.7,1.1]}},{"type":"Feature","geometry":{"type":"Point","coordinates":[16.952865,51.075993]},"properties":{"line":"143","mode":"bus","color":"#0059a9","colorDark":"#00294f","band":0,"off":[1.7,1.1]}},{"type":"Feature","geometry":{"type":"Point","coordinates":[17.014397,51.067665]},"properties":{"name":"Wojszycka","band":0,"modes":"bus","arr":["126"],"off":[0,-0.8]}},{"type":"Feature","geometry":{"type":"Point","coordinates":[17.014397,51.067665]},"properties":{"line":"126","mode":"bus","color":"#0059a9","colorDark":"#00294f","band":0,"off":[0,1.1]}},{"type":"Feature","geometry":{"type":"Point","coordinates":[16.968755,51.137525]},"properties":{"name":"KOZANÓW","band":0,"modes":"bus","arr":["126","136","246"],"off":[0,-0.8]}},{"type":"Feature","geometry":{"type":"Point","coordinates":[16.968755,51.137525]},"properties":{"line":"126","mode":"bus","color":"#0059a9","colorDark":"#00294f","band":0,"off":[-3.4,1.1]}},{"type":"Feature","geometry":{"type":"Point","coordinates":[16.968755,51.137525]},"properties":{"line":"136","mode":"bus","color":"#0059a9","colorDark":"#00294f","band":0,"off":[0,1.1]}},{"type":"Feature","geometry":{"type":"Point","coordinates":[16.968755,51.137525]},"properties":{"line":"246","mode":"bus","color":"#000000","colorDark":"#000000","band":0,"off":[3.4,1.1]}},{"type":"Feature","geometry":{"type":"Point","coordinates":[17.011543,51.059154]},"properties":{"name":"ZWYCIĘSKA","band":0,"modes":"bus","arr":["127","144","259"],"off":[0,-0.8]}},{"type":"Feature","geometry":{"type":"Point","coordinates":[17.011543,51.059154]},"properties":{"line":"127","mode":"bus","color":"#0059a9","colorDark":"#00294f","band":0,"off":[-3.4,1.1]}},{"type":"Feature","geometry":{"type":"Point","coordinates":[17.011543,51.059154]},"properties":{"line":"144","mode":"bus","color":"#0059a9","colorDark":"#00294f","band":0,"off":[0,1.1]}},{"type":"Feature","geometry":{"type":"Point","coordinates":[17.011543,51.059154]},"properties":{"line":"259","mode":"bus","color":"#000000","colorDark":"#000000","band":0,"off":[3.4,1.1]}},{"type":"Feature","geometry":{"type":"Point","coordinates":[16.927865,51.157501]},"properties":{"name":"KOZIA","band":0,"modes":"bus","arr":["127"],"off":[0,-0.8]}},{"type":"Feature","geometry":{"type":"Point","coordinates":[16.927865,51.157501]},"properties":{"line":"127","mode":"bus","color":"#0059a9","colorDark":"#00294f","band":0,"off":[0,1.1]}},{"type":"Feature","geometry":{"type":"Point","coordinates":[17.124619,51.162031]},"properties":{"name":"ZAKRZÓW","band":0,"modes":"bus","arr":["128"],"off":[0,-0.8]}},{"type":"Feature","geometry":{"type":"Point","coordinates":[17.124619,51.162031]},"properties":{"line":"128","mode":"bus","color":"#0059a9","colorDark":"#00294f","band":0,"off":[0,1.1]}},{"type":"Feature","geometry":{"type":"Point","coordinates":[17.03222,51.156574]},"properties":{"name":"POŚWIĘCKA (Ośrodek zdrowia)","band":0,"modes":"bus","arr":["129","248"],"off":[0,-0.8]}},{"type":"Feature","geometry":{"type":"Point","coordinates":[17.03222,51.156574]},"properties":{"line":"129","mode":"bus","color":"#0059a9","colorDark":"#00294f","band":0,"off":[-1.7,1.1]}},{"type":"Feature","geometry":{"type":"Point","coordinates":[17.03222,51.156574]},"properties":{"line":"248","mode":"bus","color":"#000000","colorDark":"#000000","band":0,"off":[1.7,1.1]}},{"type":"Feature","geometry":{"type":"Point","coordinates":[17.047241,51.166005]},"properties":{"name":"POLANOWICE","band":0,"modes":"bus","arr":["130","144","247"],"off":[0,-0.8]}},{"type":"Feature","geometry":{"type":"Point","coordinates":[17.047241,51.166005]},"properties":{"line":"130","mode":"bus","color":"#0059a9","colorDark":"#00294f","band":0,"off":[-3.4,1.1]}},{"type":"Feature","geometry":{"type":"Point","coordinates":[17.047241,51.166005]},"properties":{"line":"144","mode":"bus","color":"#0059a9","colorDark":"#00294f","band":0,"off":[0,1.1]}},{"type":"Feature","geometry":{"type":"Point","coordinates":[17.047241,51.166005]},"properties":{"line":"247","mode":"bus","color":"#000000","colorDark":"#000000","band":0,"off":[3.4,1.1]}},{"type":"Feature","geometry":{"type":"Point","coordinates":[16.971731,51.084194]},"properties":{"name":"OPORÓW","band":0,"modes":"tram,bus","arr":["4","11","20","132","907","947","257"],"off":[0,-0.8]}},{"type":"Feature","geometry":{"type":"Point","coordinates":[16.971731,51.084194]},"properties":{"line":"4","mode":"tram","color":"#d6212b","colorDark":"#7c1116","band":0,"off":[-6.8,1.1]}},{"type":"Feature","geometry":{"type":"Point","coordinates":[16.971731,51.084194]},"properties":{"line":"11","mode":"tram","color":"#d6212b","colorDark":"#7c1116","band":0,"off":[-3.4,1.1]}},{"type":"Feature","geometry":{"type":"Point","coordinates":[16.971731,51.084194]},"properties":{"line":"20","mode":"tram","color":"#d6212b","colorDark":"#7c1116","band":0,"off":[0,1.1]}},{"type":"Feature","geometry":{"type":"Point","coordinates":[16.971731,51.084194]},"properties":{"line":"132","mode":"bus","color":"#0059a9","colorDark":"#00294f","band":0,"off":[3.4,1.1]}},{"type":"Feature","geometry":{"type":"Point","coordinates":[16.971731,51.084194]},"properties":{"line":"907","mode":"bus","color":"#0059a9","colorDark":"#00294f","band":0,"off":[6.8,1.1]}},{"type":"Feature","geometry":{"type":"Point","coordinates":[16.971731,51.084194]},"properties":{"line":"947","mode":"bus","color":"#0059a9","colorDark":"#00294f","band":0,"off":[-1.7,3.1]}},{"type":"Feature","geometry":{"type":"Point","coordinates":[16.971731,51.084194]},"properties":{"line":"257","mode":"bus","color":"#000000","colorDark":"#000000","band":0,"off":[1.7,3.1]}},{"type":"Feature","geometry":{"type":"Point","coordinates":[17.098916,51.066791]},"properties":{"name":"Zajezdnia TYSKA","band":0,"modes":"bus","arr":["133","134","310","240"],"off":[0,-0.8]}},{"type":"Feature","geometry":{"type":"Point","coordinates":[17.098916,51.066791]},"properties":{"line":"133","mode":"bus","color":"#0059a9","colorDark":"#00294f","band":0,"off":[-5.1,1.1]}},{"type":"Feature","geometry":{"type":"Point","coordinates":[17.098916,51.066791]},"properties":{"line":"134","mode":"bus","color":"#0059a9","colorDark":"#00294f","band":0,"off":[-1.7,1.1]}},{"type":"Feature","geometry":{"type":"Point","coordinates":[17.098916,51.066791]},"properties":{"line":"310","mode":"bus","color":"#0059a9","colorDark":"#00294f","band":0,"off":[1.7,1.1]}},{"type":"Feature","geometry":{"type":"Point","coordinates":[17.098916,51.066791]},"properties":{"line":"240","mode":"bus","color":"#000000","colorDark":"#000000","band":0,"off":[5.1,1.1]}},{"type":"Feature","geometry":{"type":"Point","coordinates":[16.977459,51.055279]},"properties":{"name":"ROD Bielany","band":0,"modes":"bus","arr":["133"],"off":[0,-0.8]}},{"type":"Feature","geometry":{"type":"Point","coordinates":[16.977459,51.055279]},"properties":{"line":"133","mode":"bus","color":"#0059a9","colorDark":"#00294f","band":0,"off":[0,1.1]}},{"type":"Feature","geometry":{"type":"Point","coordinates":[16.961252,51.04792]},"properties":{"name":"C.H. Aleja Bielany","band":0,"modes":"bus","arr":["133"],"off":[0,-0.8]}},{"type":"Feature","geometry":{"type":"Point","coordinates":[16.961252,51.04792]},"properties":{"line":"133","mode":"bus","color":"#0059a9","colorDark":"#00294f","band":0,"off":[0,1.1]}},{"type":"Feature","geometry":{"type":"Point","coordinates":[16.833592,51.176044]},"properties":{"name":"LAS MOKRZAŃSKI","band":0,"modes":"bus","arr":["137"],"off":[0,-0.8]}},{"type":"Feature","geometry":{"type":"Point","coordinates":[16.833592,51.176044]},"properties":{"line":"137","mode":"bus","color":"#0059a9","colorDark":"#00294f","band":0,"off":[0,1.1]}},{"type":"Feature","geometry":{"type":"Point","coordinates":[16.834577,51.149781]},"properties":{"name":"ŻAR","band":0,"modes":"bus","arr":["138"],"off":[0,-0.8]}},{"type":"Feature","geometry":{"type":"Point","coordinates":[16.834577,51.149781]},"properties":{"line":"138","mode":"bus","color":"#0059a9","colorDark":"#00294f","band":0,"off":[0,1.1]}},{"type":"Feature","geometry":{"type":"Point","coordinates":[16.843934,51.121395]},"properties":{"name":"JARNOŁTÓW","band":0,"modes":"bus","arr":["142","249"],"off":[0,-0.8]}},{"type":"Feature","geometry":{"type":"Point","coordinates":[16.843934,51.121395]},"properties":{"line":"142","mode":"bus","color":"#0059a9","colorDark":"#00294f","band":0,"off":[-1.7,1.1]}},{"type":"Feature","geometry":{"type":"Point","coordinates":[16.843934,51.121395]},"properties":{"line":"249","mode":"bus","color":"#000000","colorDark":"#000000","band":0,"off":[1.7,1.1]}},{"type":"Feature","geometry":{"type":"Point","coordinates":[17.109433,51.101761]},"properties":{"name":"Spółdzielcza","band":0,"modes":"tram,bus","arr":["1","2","4","10","143","145","146","345","255"],"off":[0,-0.8]}},{"type":"Feature","geometry":{"type":"Point","coordinates":[17.109433,51.101761]},"properties":{"name":"BISKUPIN","band":0,"modes":"tram,bus","arr":["1","2","4","10","143","145","146","345","255"],"off":[0,-1.9]}},{"type":"Feature","geometry":{"type":"Point","coordinates":[17.109433,51.101761]},"properties":{"name":"BARTOSZOWICE","band":0,"modes":"tram,bus","arr":["1","2","4","10","143","145","146","345","255"],"off":[0,-3]}},{"type":"Feature","geometry":{"type":"Point","coordinates":[17.109433,51.101761]},"properties":{"line":"1","mode":"tram","color":"#d6212b","colorDark":"#7c1116","band":0,"off":[-6.8,1.1]}},{"type":"Feature","geometry":{"type":"Point","coordinates":[17.109433,51.101761]},"properties":{"line":"2","mode":"tram","color":"#d6212b","colorDark":"#7c1116","band":0,"off":[-3.4,1.1]}},{"type":"Feature","geometry":{"type":"Point","coordinates":[17.109433,51.101761]},"properties":{"line":"4","mode":"tram","color":"#d6212b","colorDark":"#7c1116","band":0,"off":[0,1.1]}},{"type":"Feature","geometry":{"type":"Point","coordinates":[17.109433,51.101761]},"properties":{"line":"10","mode":"tram","color":"#d6212b","colorDark":"#7c1116","band":0,"off":[3.4,1.1]}},{"type":"Feature","geometry":{"type":"Point","coordinates":[17.109433,51.101761]},"properties":{"line":"143","mode":"bus","color":"#0059a9","colorDark":"#00294f","band":0,"off":[6.8,1.1]}},{"type":"Feature","geometry":{"type":"Point","coordinates":[17.109433,51.101761]},"properties":{"line":"145","mode":"bus","color":"#0059a9","colorDark":"#00294f","band":0,"off":[-5.1,3.1]}},{"type":"Feature","geometry":{"type":"Point","coordinates":[17.109433,51.101761]},"properties":{"line":"146","mode":"bus","color":"#0059a9","colorDark":"#00294f","band":0,"off":[-1.7,3.1]}},{"type":"Feature","geometry":{"type":"Point","coordinates":[17.109433,51.101761]},"properties":{"line":"345","mode":"bus","color":"#0059a9","colorDark":"#00294f","band":0,"off":[1.7,3.1]}},{"type":"Feature","geometry":{"type":"Point","coordinates":[17.109433,51.101761]},"properties":{"line":"255","mode":"bus","color":"#000000","colorDark":"#000000","band":0,"off":[5.1,3.1]}},{"type":"Feature","geometry":{"type":"Point","coordinates":[17.104509,51.153708]},"properties":{"name":"ROD Pod Dębem","band":0,"modes":"bus","arr":["147","747"],"off":[0,-0.8]}},{"type":"Feature","geometry":{"type":"Point","coordinates":[17.104509,51.153708]},"properties":{"line":"147","mode":"bus","color":"#0059a9","colorDark":"#00294f","band":0,"off":[-1.7,1.1]}},{"type":"Feature","geometry":{"type":"Point","coordinates":[17.104509,51.153708]},"properties":{"line":"747","mode":"bus","color":"#0059a9","colorDark":"#00294f","band":0,"off":[1.7,1.1]}},{"type":"Feature","geometry":{"type":"Point","coordinates":[16.950078,51.123345]},"properties":{"name":"KUŹNIKI","band":0,"modes":"bus","arr":["149"],"off":[0,-0.8]}},{"type":"Feature","geometry":{"type":"Point","coordinates":[16.950078,51.123345]},"properties":{"line":"149","mode":"bus","color":"#0059a9","colorDark":"#00294f","band":0,"off":[0,1.1]}},{"type":"Feature","geometry":{"type":"Point","coordinates":[17.116372,51.173356]},"properties":{"name":"PAWŁOWICE (Widawska)","band":0,"modes":"bus","arr":["151","241"],"off":[0,-0.8]}},{"type":"Feature","geometry":{"type":"Point","coordinates":[17.116372,51.173356]},"properties":{"line":"151","mode":"bus","color":"#0059a9","colorDark":"#00294f","band":0,"off":[-1.7,1.1]}},{"type":"Feature","geometry":{"type":"Point","coordinates":[17.116372,51.173356]},"properties":{"line":"241","mode":"bus","color":"#000000","colorDark":"#000000","band":0,"off":[1.7,1.1]}},{"type":"Feature","geometry":{"type":"Point","coordinates":[16.989628,51.082061]},"properties":{"name":"BLACHARSKA","band":0,"modes":"bus","arr":["152"],"off":[0,-0.8]}},{"type":"Feature","geometry":{"type":"Point","coordinates":[16.989628,51.082061]},"properties":{"line":"152","mode":"bus","color":"#0059a9","colorDark":"#00294f","band":0,"off":[0,1.1]}},{"type":"Feature","geometry":{"type":"Point","coordinates":[17.128092,51.114714]},"properties":{"name":"SWOJCZYCE","band":0,"modes":"bus","arr":["315","715"],"off":[0,-0.8]}},{"type":"Feature","geometry":{"type":"Point","coordinates":[17.128092,51.114714]},"properties":{"line":"315","mode":"bus","color":"#0059a9","colorDark":"#00294f","band":0,"off":[-1.7,1.1]}},{"type":"Feature","geometry":{"type":"Point","coordinates":[17.128092,51.114714]},"properties":{"line":"715","mode":"bus","color":"#0059a9","colorDark":"#00294f","band":0,"off":[1.7,1.1]}},{"type":"Feature","geometry":{"type":"Point","coordinates":[17.043148,51.150709]},"properties":{"name":"KAMIEŃSKIEGO (pętla)","band":0,"modes":"bus","arr":["319","K"],"off":[0,-0.8]}},{"type":"Feature","geometry":{"type":"Point","coordinates":[17.043148,51.150709]},"properties":{"line":"319","mode":"bus","color":"#0059a9","colorDark":"#00294f","band":0,"off":[-1.7,1.1]}},{"type":"Feature","geometry":{"type":"Point","coordinates":[17.043148,51.150709]},"properties":{"line":"K","mode":"bus","color":"#0059a9","colorDark":"#00294f","band":0,"off":[1.7,1.1]}},{"type":"Feature","geometry":{"type":"Point","coordinates":[17.090088,51.116856]},"properties":{"name":"Stadion Olimpijski","band":0,"modes":"tram,bus","arr":["13","345","715","941","253"],"off":[0,-0.8]}},{"type":"Feature","geometry":{"type":"Point","coordinates":[17.090088,51.116856]},"properties":{"line":"13","mode":"tram","color":"#d6212b","colorDark":"#7c1116","band":0,"off":[-6.8,1.1]}},{"type":"Feature","geometry":{"type":"Point","coordinates":[17.090088,51.116856]},"properties":{"line":"345","mode":"bus","color":"#0059a9","colorDark":"#00294f","band":0,"off":[-3.4,1.1]}},{"type":"Feature","geometry":{"type":"Point","coordinates":[17.090088,51.116856]},"properties":{"line":"715","mode":"bus","color":"#0059a9","colorDark":"#00294f","band":0,"off":[0,1.1]}},{"type":"Feature","geometry":{"type":"Point","coordinates":[17.090088,51.116856]},"properties":{"line":"941","mode":"bus","color":"#0059a9","colorDark":"#00294f","band":0,"off":[3.4,1.1]}},{"type":"Feature","geometry":{"type":"Point","coordinates":[17.090088,51.116856]},"properties":{"line":"253","mode":"bus","color":"#000000","colorDark":"#000000","band":0,"off":[6.8,1.1]}},{"type":"Feature","geometry":{"type":"Point","coordinates":[16.880629,51.017242]},"properties":{"name":"Biskupice Podg. LG Energy Solution Wr. I","band":0,"modes":"bus","arr":["602","607"],"off":[0,-0.8]}},{"type":"Feature","geometry":{"type":"Point","coordinates":[16.880629,51.017242]},"properties":{"line":"602","mode":"bus","color":"#0059a9","colorDark":"#00294f","band":0,"off":[-1.7,1.1]}},{"type":"Feature","geometry":{"type":"Point","coordinates":[16.880629,51.017242]},"properties":{"line":"607","mode":"bus","color":"#0059a9","colorDark":"#00294f","band":0,"off":[1.7,1.1]}},{"type":"Feature","geometry":{"type":"Point","coordinates":[17.096284,51.156951]},"properties":{"name":"KŁOKOCZYCE","band":0,"modes":"bus","arr":["747"],"off":[0,-0.8]}},{"type":"Feature","geometry":{"type":"Point","coordinates":[17.096284,51.156951]},"properties":{"line":"747","mode":"bus","color":"#0059a9","colorDark":"#00294f","band":0,"off":[0,1.1]}},{"type":"Feature","geometry":{"type":"Point","coordinates":[17.04015,50.980071]},"properties":{"name":"Żórawina - Niepodległości (Mostek)","band":0,"modes":"bus","arr":["903"],"off":[0,-0.8]}},{"type":"Feature","geometry":{"type":"Point","coordinates":[17.04015,50.980071]},"properties":{"name":"Żórawina - kościół Św. Trójcy","band":0,"modes":"bus","arr":["903"],"off":[0,-3]}},{"type":"Feature","geometry":{"type":"Point","coordinates":[17.04015,50.980071]},"properties":{"line":"903","mode":"bus","color":"#0059a9","colorDark":"#00294f","band":0,"off":[0,1.1]}},{"type":"Feature","geometry":{"type":"Point","coordinates":[17.176443,51.232662]},"properties":{"name":"Łozina - skrzy.","band":0,"modes":"bus","arr":["904","941"],"off":[0,-0.8]}},{"type":"Feature","geometry":{"type":"Point","coordinates":[17.176443,51.232662]},"properties":{"name":"Łozina - Milicka/poczta","band":0,"modes":"bus","arr":["904","941"],"off":[0,-1.9]}},{"type":"Feature","geometry":{"type":"Point","coordinates":[17.176443,51.232662]},"properties":{"name":"Łozina - Kościół","band":0,"modes":"bus","arr":["904","941"],"off":[0,-4.1]}},{"type":"Feature","geometry":{"type":"Point","coordinates":[17.176443,51.232662]},"properties":{"line":"904","mode":"bus","color":"#0059a9","colorDark":"#00294f","band":0,"off":[-1.7,1.1]}},{"type":"Feature","geometry":{"type":"Point","coordinates":[17.176443,51.232662]},"properties":{"line":"941","mode":"bus","color":"#0059a9","colorDark":"#00294f","band":0,"off":[1.7,1.1]}},{"type":"Feature","geometry":{"type":"Point","coordinates":[17.238475,51.221135]},"properties":{"name":"Januszkowice - Wrocławska","band":0,"modes":"bus","arr":["928"],"off":[0,-0.8]}},{"type":"Feature","geometry":{"type":"Point","coordinates":[17.238475,51.221135]},"properties":{"line":"928","mode":"bus","color":"#0059a9","colorDark":"#00294f","band":0,"off":[0,1.1]}},{"type":"Feature","geometry":{"type":"Point","coordinates":[16.978052,51.238922]},"properties":{"name":"Ozorowice","band":0,"modes":"bus","arr":["905"],"off":[0,-0.8]}},{"type":"Feature","geometry":{"type":"Point","coordinates":[16.978052,51.238922]},"properties":{"line":"905","mode":"bus","color":"#0059a9","colorDark":"#00294f","band":0,"off":[0,1.1]}},{"type":"Feature","geometry":{"type":"Point","coordinates":[16.837446,51.051285]},"properties":{"name":"Sadków - Szkolna/szkoła","band":0,"modes":"bus","arr":["907"],"off":[0,-0.8]}},{"type":"Feature","geometry":{"type":"Point","coordinates":[16.837446,51.051285]},"properties":{"line":"907","mode":"bus","color":"#0059a9","colorDark":"#00294f","band":0,"off":[0,1.1]}},{"type":"Feature","geometry":{"type":"Point","coordinates":[17.038982,51.207104]},"properties":{"name":"Kryniczno - Kościół","band":0,"modes":"bus","arr":["908"],"off":[0,-0.8]}},{"type":"Feature","geometry":{"type":"Point","coordinates":[17.038982,51.207104]},"properties":{"line":"908","mode":"bus","color":"#0059a9","colorDark":"#00294f","band":0,"off":[0,1.1]}},{"type":"Feature","geometry":{"type":"Point","coordinates":[16.771247,51.087763]},"properties":{"name":"Bogdaszowice - Słoneczna","band":0,"modes":"bus","arr":["909"],"off":[0,-0.8]}},{"type":"Feature","geometry":{"type":"Point","coordinates":[16.771247,51.087763]},"properties":{"line":"909","mode":"bus","color":"#0059a9","colorDark":"#00294f","band":0,"off":[0,1.1]}},{"type":"Feature","geometry":{"type":"Point","coordinates":[17.217523,51.144533]},"properties":{"name":"Piecowice","band":0,"modes":"bus","arr":["911"],"off":[0,-0.8]}},{"type":"Feature","geometry":{"type":"Point","coordinates":[17.217523,51.144533]},"properties":{"line":"911","mode":"bus","color":"#0059a9","colorDark":"#00294f","band":0,"off":[0,1.1]}},{"type":"Feature","geometry":{"type":"Point","coordinates":[17.003667,50.982886]},"properties":{"name":"Galowice - Muzeum Powozów","band":0,"modes":"bus","arr":["913"],"off":[0,-0.8]}},{"type":"Feature","geometry":{"type":"Point","coordinates":[17.003667,50.982886]},"properties":{"line":"913","mode":"bus","color":"#0059a9","colorDark":"#00294f","band":0,"off":[0,1.1]}},{"type":"Feature","geometry":{"type":"Point","coordinates":[17.134234,51.188612]},"properties":{"name":"Pruszowice","band":0,"modes":"bus","arr":["914"],"off":[0,-0.8]}},{"type":"Feature","geometry":{"type":"Point","coordinates":[17.134234,51.188612]},"properties":{"line":"914","mode":"bus","color":"#0059a9","colorDark":"#00294f","band":0,"off":[0,1.1]}},{"type":"Feature","geometry":{"type":"Point","coordinates":[16.810747,51.111862]},"properties":{"name":"GAŁÓW (pętla)","band":0,"modes":"bus","arr":["917"],"off":[0,-0.8]}},{"type":"Feature","geometry":{"type":"Point","coordinates":[16.810747,51.111862]},"properties":{"line":"917","mode":"bus","color":"#0059a9","colorDark":"#00294f","band":0,"off":[0,1.1]}},{"type":"Feature","geometry":{"type":"Point","coordinates":[17.262829,51.0627]},"properties":{"name":"Wojnowice - pętla","band":0,"modes":"bus","arr":["920"],"off":[0,-0.8]}},{"type":"Feature","geometry":{"type":"Point","coordinates":[17.262829,51.0627]},"properties":{"line":"920","mode":"bus","color":"#0059a9","colorDark":"#00294f","band":0,"off":[0,1.1]}},{"type":"Feature","geometry":{"type":"Point","coordinates":[17.213372,51.128798]},"properties":{"name":"Śliwice","band":0,"modes":"bus","arr":["921"],"off":[0,-0.8]}},{"type":"Feature","geometry":{"type":"Point","coordinates":[17.213372,51.128798]},"properties":{"line":"921","mode":"bus","color":"#0059a9","colorDark":"#00294f","band":0,"off":[0,1.1]}},{"type":"Feature","geometry":{"type":"Point","coordinates":[16.826486,51.203192]},"properties":{"name":"BRZEZINA (pętla)","band":0,"modes":"bus","arr":["923"],"off":[0,-0.8]}},{"type":"Feature","geometry":{"type":"Point","coordinates":[16.826486,51.203192]},"properties":{"line":"923","mode":"bus","color":"#0059a9","colorDark":"#00294f","band":0,"off":[0,1.1]}},{"type":"Feature","geometry":{"type":"Point","coordinates":[16.837428,51.21919]},"properties":{"name":"Brzezinka Średzka - PKP","band":0,"modes":"bus","arr":["937"],"off":[0,-0.8]}},{"type":"Feature","geometry":{"type":"Point","coordinates":[16.837428,51.21919]},"properties":{"line":"937","mode":"bus","color":"#0059a9","colorDark":"#00294f","band":0,"off":[0,1.1]}},{"type":"Feature","geometry":{"type":"Point","coordinates":[17.285559,51.213412]},"properties":{"name":"Stępin - Kościół","band":0,"modes":"bus","arr":["924"],"off":[0,-0.8]}},{"type":"Feature","geometry":{"type":"Point","coordinates":[17.285559,51.213412]},"properties":{"line":"924","mode":"bus","color":"#0059a9","colorDark":"#00294f","band":0,"off":[0,1.1]}},{"type":"Feature","geometry":{"type":"Point","coordinates":[16.907934,51.088354]},"properties":{"name":"Smolec - Wiśniowa","band":0,"modes":"bus","arr":["927","967"],"off":[0,-0.8]}},{"type":"Feature","geometry":{"type":"Point","coordinates":[16.907934,51.088354]},"properties":{"line":"927","mode":"bus","color":"#0059a9","colorDark":"#00294f","band":0,"off":[-1.7,1.1]}},{"type":"Feature","geometry":{"type":"Point","coordinates":[16.907934,51.088354]},"properties":{"line":"967","mode":"bus","color":"#0059a9","colorDark":"#00294f","band":0,"off":[1.7,1.1]}},{"type":"Feature","geometry":{"type":"Point","coordinates":[17.130111,51.24057]},"properties":{"name":"Godzieszowa - transformator","band":0,"modes":"bus","arr":["930","931"],"off":[0,-0.8]}},{"type":"Feature","geometry":{"type":"Point","coordinates":[17.130111,51.24057]},"properties":{"line":"930","mode":"bus","color":"#0059a9","colorDark":"#00294f","band":0,"off":[-1.7,1.1]}},{"type":"Feature","geometry":{"type":"Point","coordinates":[17.130111,51.24057]},"properties":{"line":"931","mode":"bus","color":"#0059a9","colorDark":"#00294f","band":0,"off":[1.7,1.1]}},{"type":"Feature","geometry":{"type":"Point","coordinates":[17.186016,51.118955]},"properties":{"name":"Kiełczówek - pętla","band":0,"modes":"bus","arr":["931"],"off":[0,-0.8]}},{"type":"Feature","geometry":{"type":"Point","coordinates":[17.186016,51.118955]},"properties":{"line":"931","mode":"bus","color":"#0059a9","colorDark":"#00294f","band":0,"off":[0,1.1]}},{"type":"Feature","geometry":{"type":"Point","coordinates":[16.945503,51.056806]},"properties":{"name":"Zabrodzie - pętla","band":0,"modes":"bus","arr":["933"],"off":[0,-0.8]}},{"type":"Feature","geometry":{"type":"Point","coordinates":[16.945503,51.056806]},"properties":{"line":"933","mode":"bus","color":"#0059a9","colorDark":"#00294f","band":0,"off":[0,1.1]}},{"type":"Feature","geometry":{"type":"Point","coordinates":[16.740389,51.121477]},"properties":{"name":"Łowęcice - Staw","band":0,"modes":"bus","arr":["938"],"off":[0,-0.8]}},{"type":"Feature","geometry":{"type":"Point","coordinates":[16.740389,51.121477]},"properties":{"line":"938","mode":"bus","color":"#0059a9","colorDark":"#00294f","band":0,"off":[0,1.1]}},{"type":"Feature","geometry":{"type":"Point","coordinates":[17.169617,51.159098]},"properties":{"name":"Mirków - skrzy. Polna pętla","band":0,"modes":"bus","arr":["944"],"off":[0,-0.8]}},{"type":"Feature","geometry":{"type":"Point","coordinates":[17.169617,51.159098]},"properties":{"line":"944","mode":"bus","color":"#0059a9","colorDark":"#00294f","band":0,"off":[0,1.1]}},{"type":"Feature","geometry":{"type":"Point","coordinates":[17.308509,51.096392]},"properties":{"name":"Chrząstawa Wielka - pętla","band":0,"modes":"bus","arr":["945"],"off":[0,-0.8]}},{"type":"Feature","geometry":{"type":"Point","coordinates":[17.308509,51.096392]},"properties":{"line":"945","mode":"bus","color":"#0059a9","colorDark":"#00294f","band":0,"off":[0,1.1]}},{"type":"Feature","geometry":{"type":"Point","coordinates":[16.823737,51.077017]},"properties":{"name":"Małkowice - Główna","band":0,"modes":"bus","arr":["947"],"off":[0,-0.8]}},{"type":"Feature","geometry":{"type":"Point","coordinates":[16.823737,51.077017]},"properties":{"line":"947","mode":"bus","color":"#0059a9","colorDark":"#00294f","band":0,"off":[0,1.1]}},{"type":"Feature","geometry":{"type":"Point","coordinates":[16.738204,51.193811]},"properties":{"name":"Miękinia - pętla","band":0,"modes":"bus","arr":["948"],"off":[0,-0.8]}},{"type":"Feature","geometry":{"type":"Point","coordinates":[16.738204,51.193811]},"properties":{"line":"948","mode":"bus","color":"#0059a9","colorDark":"#00294f","band":0,"off":[0,1.1]}},{"type":"Feature","geometry":{"type":"Point","coordinates":[17.27837,51.033392]},"properties":{"name":"Ratowice - pętla","band":0,"modes":"bus","arr":["955"],"off":[0,-0.8]}},{"type":"Feature","geometry":{"type":"Point","coordinates":[17.27837,51.033392]},"properties":{"line":"955","mode":"bus","color":"#0059a9","colorDark":"#00294f","band":0,"off":[0,1.1]}},{"type":"Feature","geometry":{"type":"Point","coordinates":[16.762221,51.242269]},"properties":{"name":"Księginice P&R","band":0,"modes":"bus","arr":["958"],"off":[0,-0.8]}},{"type":"Feature","geometry":{"type":"Point","coordinates":[16.762221,51.242269]},"properties":{"line":"958","mode":"bus","color":"#0059a9","colorDark":"#00294f","band":0,"off":[0,1.1]}},{"type":"Feature","geometry":{"type":"Point","coordinates":[17.272124,51.121811]},"properties":{"name":"Brzezia Łąka - Główna pętla","band":0,"modes":"bus","arr":["961"],"off":[0,-0.8]}},{"type":"Feature","geometry":{"type":"Point","coordinates":[17.272124,51.121811]},"properties":{"line":"961","mode":"bus","color":"#0059a9","colorDark":"#00294f","band":0,"off":[0,1.1]}},{"type":"Feature","geometry":{"type":"Point","coordinates":[17.275189,51.155959]},"properties":{"name":"Raków IV","band":0,"modes":"bus","arr":["964"],"off":[0,-0.8]}},{"type":"Feature","geometry":{"type":"Point","coordinates":[17.275189,51.155959]},"properties":{"line":"964","mode":"bus","color":"#0059a9","colorDark":"#00294f","band":0,"off":[0,1.1]}},{"type":"Feature","geometry":{"type":"Point","coordinates":[17.030688,51.092096]},"properties":{"name":"PETRUSEWICZA","band":0,"modes":"bus","arr":["206","242","244"],"off":[0,-0.8]}},{"type":"Feature","geometry":{"type":"Point","coordinates":[17.030688,51.092096]},"properties":{"line":"206","mode":"bus","color":"#000000","colorDark":"#000000","band":0,"off":[-3.4,1.1]}},{"type":"Feature","geometry":{"type":"Point","coordinates":[17.030688,51.092096]},"properties":{"line":"242","mode":"bus","color":"#000000","colorDark":"#000000","band":0,"off":[0,1.1]}},{"type":"Feature","geometry":{"type":"Point","coordinates":[17.030688,51.092096]},"properties":{"line":"244","mode":"bus","color":"#000000","colorDark":"#000000","band":0,"off":[3.4,1.1]}},{"type":"Feature","geometry":{"type":"Point","coordinates":[17.102432,51.127917]},"properties":{"name":"KOWALE","band":0,"modes":"tram,bus","arr":["8","23","24","242"],"off":[0,-0.8]}},{"type":"Feature","geometry":{"type":"Point","coordinates":[17.102432,51.127917]},"properties":{"line":"8","mode":"tram","color":"#d6212b","colorDark":"#7c1116","band":0,"off":[-5.1,1.1]}},{"type":"Feature","geometry":{"type":"Point","coordinates":[17.102432,51.127917]},"properties":{"line":"23","mode":"tram","color":"#d6212b","colorDark":"#7c1116","band":0,"off":[-1.7,1.1]}},{"type":"Feature","geometry":{"type":"Point","coordinates":[17.102432,51.127917]},"properties":{"line":"24","mode":"tram","color":"#d6212b","colorDark":"#7c1116","band":0,"off":[1.7,1.1]}},{"type":"Feature","geometry":{"type":"Point","coordinates":[17.102432,51.127917]},"properties":{"line":"242","mode":"bus","color":"#000000","colorDark":"#000000","band":0,"off":[5.1,1.1]}},{"type":"Feature","geometry":{"type":"Point","coordinates":[17.077863,51.105521]},"properties":{"name":"ZOO","band":0,"modes":"tram","arr":["0","19","T"],"off":[0,-0.8]}},{"type":"Feature","geometry":{"type":"Point","coordinates":[17.077863,51.105521]},"properties":{"line":"0","mode":"tram","color":"#d6212b","colorDark":"#7c1116","band":0,"off":[-3.4,1.1]}},{"type":"Feature","geometry":{"type":"Point","coordinates":[17.077863,51.105521]},"properties":{"line":"19","mode":"tram","color":"#d6212b","colorDark":"#7c1116","band":0,"off":[0,1.1]}},{"type":"Feature","geometry":{"type":"Point","coordinates":[17.077863,51.105521]},"properties":{"line":"T","mode":"tram","color":"#d6212b","colorDark":"#7c1116","band":0,"off":[3.4,1.1]}},{"type":"Feature","geometry":{"type":"Point","coordinates":[16.950602,51.136012]},"properties":{"name":"PILCZYCE","band":0,"modes":"tram","arr":["22","24"],"off":[0,-0.8]}},{"type":"Feature","geometry":{"type":"Point","coordinates":[16.950602,51.136012]},"properties":{"line":"22","mode":"tram","color":"#d6212b","colorDark":"#7c1116","band":0,"off":[-1.7,1.1]}},{"type":"Feature","geometry":{"type":"Point","coordinates":[16.950602,51.136012]},"properties":{"line":"24","mode":"tram","color":"#d6212b","colorDark":"#7c1116","band":0,"off":[1.7,1.1]}},{"type":"Feature","geometry":{"type":"Point","coordinates":[17.083531,51.077664]},"properties":{"name":"KSIĘŻE MAŁE","band":0,"modes":"tram","arr":["3","5"],"off":[0,-0.8]}},{"type":"Feature","geometry":{"type":"Point","coordinates":[17.083531,51.077664]},"properties":{"line":"3","mode":"tram","color":"#d6212b","colorDark":"#7c1116","band":0,"off":[-1.7,1.1]}},{"type":"Feature","geometry":{"type":"Point","coordinates":[17.083531,51.077664]},"properties":{"line":"5","mode":"tram","color":"#d6212b","colorDark":"#7c1116","band":0,"off":[1.7,1.1]}},{"type":"Feature","geometry":{"type":"Point","coordinates":[16.976783,51.090372]},"properties":{"name":"GRABISZYŃSKA (Cmentarz)","band":0,"modes":"tram","arr":["5"],"off":[0,-0.8]}},{"type":"Feature","geometry":{"type":"Point","coordinates":[16.976783,51.090372]},"properties":{"line":"5","mode":"tram","color":"#d6212b","colorDark":"#7c1116","band":0,"off":[0,1.1]}},{"type":"Feature","geometry":{"type":"Point","coordinates":[16.987397,51.065691]},"properties":{"name":"KLECINA","band":0,"modes":"tram","arr":["7","17"],"off":[0,-0.8]}},{"type":"Feature","geometry":{"type":"Point","coordinates":[16.987397,51.065691]},"properties":{"line":"7","mode":"tram","color":"#d6212b","colorDark":"#7c1116","band":0,"off":[-1.7,1.1]}},{"type":"Feature","geometry":{"type":"Point","coordinates":[16.987397,51.065691]},"properties":{"line":"17","mode":"tram","color":"#d6212b","colorDark":"#7c1116","band":0,"off":[1.7,1.1]}},{"type":"Feature","geometry":{"type":"Point","coordinates":[16.961741,51.140656]},"properties":{"name":"KOZANÓW (Dokerska)","band":0,"modes":"tram","arr":["12","19"],"off":[0,-0.8]}},{"type":"Feature","geometry":{"type":"Point","coordinates":[16.961741,51.140656]},"properties":{"name":"Górnicza","band":0,"modes":"tram","arr":["12","19"],"off":[0,-1.9]}},{"type":"Feature","geometry":{"type":"Point","coordinates":[16.961741,51.140656]},"properties":{"line":"12","mode":"tram","color":"#d6212b","colorDark":"#7c1116","band":0,"off":[-1.7,1.1]}},{"type":"Feature","geometry":{"type":"Point","coordinates":[16.961741,51.140656]},"properties":{"line":"19","mode":"tram","color":"#d6212b","colorDark":"#7c1116","band":0,"off":[1.7,1.1]}},{"type":"Feature","geometry":{"type":"Point","coordinates":[16.995096,51.13693]},"properties":{"name":"OSOBOWICE","band":0,"modes":"tram","arr":["14","16"],"off":[0,-0.8]}},{"type":"Feature","geometry":{"type":"Point","coordinates":[16.995096,51.13693]},"properties":{"line":"14","mode":"tram","color":"#d6212b","colorDark":"#7c1116","band":0,"off":[-1.7,1.1]}},{"type":"Feature","geometry":{"type":"Point","coordinates":[16.995096,51.13693]},"properties":{"line":"16","mode":"tram","color":"#d6212b","colorDark":"#7c1116","band":0,"off":[1.7,1.1]}},{"type":"Feature","geometry":{"type":"Point","coordinates":[17.040714,51.077167]},"properties":{"name":"GAJ","band":0,"modes":"tram","arr":["18","21"],"off":[0,-0.8]}},{"type":"Feature","geometry":{"type":"Point","coordinates":[17.040714,51.077167]},"properties":{"line":"18","mode":"tram","color":"#d6212b","colorDark":"#7c1116","band":0,"off":[-1.7,1.1]}},{"type":"Feature","geometry":{"type":"Point","coordinates":[17.040714,51.077167]},"properties":{"line":"21","mode":"tram","color":"#d6212b","colorDark":"#7c1116","band":0,"off":[1.7,1.1]}},{"type":"Feature","geometry":{"type":"Point","coordinates":[16.950289,51.143578]},"properties":{"name":"TARCZYŃSKI ARENA (Królewiecka)","band":0,"modes":"tram","arr":["18","21"],"off":[0,-0.8]}},{"type":"Feature","geometry":{"type":"Point","coordinates":[16.950289,51.143578]},"properties":{"line":"18","mode":"tram","color":"#d6212b","colorDark":"#7c1116","band":0,"off":[-1.7,1.1]}},{"type":"Feature","geometry":{"type":"Point","coordinates":[16.950289,51.143578]},"properties":{"line":"21","mode":"tram","color":"#d6212b","colorDark":"#7c1116","band":0,"off":[1.7,1.1]}},{"type":"Feature","geometry":{"type":"Point","coordinates":[17.123977,51.071213]},"properties":{"name":"MOKRY DWÓR","band":1,"modes":"bus","arr":["100"],"off":[0,-0.8]}},{"type":"Feature","geometry":{"type":"Point","coordinates":[17.123977,51.071213]},"properties":{"line":"100","mode":"bus","color":"#0059a9","colorDark":"#00294f","band":1,"off":[0,1.1]}},{"type":"Feature","geometry":{"type":"Point","coordinates":[17.063939,51.078512]},"properties":{"name":"TARNOGAJ","band":1,"modes":"tram,bus","arr":["8","16","22","136","903"],"off":[0,-0.8]}},{"type":"Feature","geometry":{"type":"Point","coordinates":[17.063939,51.078512]},"properties":{"line":"8","mode":"tram","color":"#d6212b","colorDark":"#7c1116","band":1,"off":[-6.8,1.1]}},{"type":"Feature","geometry":{"type":"Point","coordinates":[17.063939,51.078512]},"properties":{"line":"16","mode":"tram","color":"#d6212b","colorDark":"#7c1116","band":1,"off":[-3.4,1.1]}},{"type":"Feature","geometry":{"type":"Point","coordinates":[17.063939,51.078512]},"properties":{"line":"22","mode":"tram","color":"#d6212b","colorDark":"#7c1116","band":1,"off":[0,1.1]}},{"type":"Feature","geometry":{"type":"Point","coordinates":[17.063939,51.078512]},"properties":{"line":"136","mode":"bus","color":"#0059a9","colorDark":"#00294f","band":1,"off":[3.4,1.1]}},{"type":"Feature","geometry":{"type":"Point","coordinates":[17.063939,51.078512]},"properties":{"line":"903","mode":"bus","color":"#0059a9","colorDark":"#00294f","band":1,"off":[6.8,1.1]}},{"type":"Feature","geometry":{"type":"Point","coordinates":[17.05057,51.076697]},"properties":{"name":"GAJ - pętla","band":1,"modes":"bus","arr":["100","146","K"],"off":[0,-0.8]}},{"type":"Feature","geometry":{"type":"Point","coordinates":[17.05057,51.076697]},"properties":{"line":"100","mode":"bus","color":"#0059a9","colorDark":"#00294f","band":1,"off":[-3.4,1.1]}},{"type":"Feature","geometry":{"type":"Point","coordinates":[17.05057,51.076697]},"properties":{"line":"146","mode":"bus","color":"#0059a9","colorDark":"#00294f","band":1,"off":[0,1.1]}},{"type":"Feature","geometry":{"type":"Point","coordinates":[17.05057,51.076697]},"properties":{"line":"K","mode":"bus","color":"#0059a9","colorDark":"#00294f","band":1,"off":[3.4,1.1]}},{"type":"Feature","geometry":{"type":"Point","coordinates":[16.871815,51.144662]},"properties":{"name":"LEŚNICA","band":1,"modes":"tram,bus","arr":["3","10","20","101","117","123","137","138","148","917","923","937","938","948","958","243","253"],"off":[0,-0.8],"sc":0.9}},{"type":"Feature","geometry":{"type":"Point","coordinates":[16.871815,51.144662]},"properties":{"line":"3","mode":"tram","color":"#d6212b","colorDark":"#7c1116","band":1,"sc":0.9,"off":[-6.8,1.1]}},{"type":"Feature","geometry":{"type":"Point","coordinates":[16.871815,51.144662]},"properties":{"line":"10","mode":"tram","color":"#d6212b","colorDark":"#7c1116","band":1,"sc":0.9,"off":[-3.4,1.1]}},{"type":"Feature","geometry":{"type":"Point","coordinates":[16.871815,51.144662]},"properties":{"line":"20","mode":"tram","color":"#d6212b","colorDark":"#7c1116","band":1,"sc":0.9,"off":[0,1.1]}},{"type":"Feature","geometry":{"type":"Point","coordinates":[16.871815,51.144662]},"properties":{"line":"101","mode":"bus","color":"#0059a9","colorDark":"#00294f","band":1,"sc":0.9,"off":[3.4,1.1]}},{"type":"Feature","geometry":{"type":"Point","coordinates":[16.871815,51.144662]},"properties":{"line":"117","mode":"bus","color":"#0059a9","colorDark":"#00294f","band":1,"sc":0.9,"off":[6.8,1.1]}},{"type":"Feature","geometry":{"type":"Point","coordinates":[16.871815,51.144662]},"properties":{"line":"123","mode":"bus","color":"#0059a9","colorDark":"#00294f","band":1,"sc":0.9,"off":[-6.8,3.1]}},{"type":"Feature","geometry":{"type":"Point","coordinates":[16.871815,51.144662]},"properties":{"line":"137","mode":"bus","color":"#0059a9","colorDark":"#00294f","band":1,"sc":0.9,"off":[-3.4,3.1]}},{"type":"Feature","geometry":{"type":"Point","coordinates":[16.871815,51.144662]},"properties":{"line":"138","mode":"bus","color":"#0059a9","colorDark":"#00294f","band":1,"sc":0.9,"off":[0,3.1]}},{"type":"Feature","geometry":{"type":"Point","coordinates":[16.871815,51.144662]},"properties":{"line":"148","mode":"bus","color":"#0059a9","colorDark":"#00294f","band":1,"sc":0.9,"off":[3.4,3.1]}},{"type":"Feature","geometry":{"type":"Point","coordinates":[16.871815,51.144662]},"properties":{"line":"917","mode":"bus","color":"#0059a9","colorDark":"#00294f","band":1,"sc":0.9,"off":[6.8,3.1]}},{"type":"Feature","geometry":{"type":"Point","coordinates":[16.871815,51.144662]},"properties":{"line":"923","mode":"bus","color":"#0059a9","colorDark":"#00294f","band":1,"sc":0.9,"off":[-6.8,5.1]}},{"type":"Feature","geometry":{"type":"Point","coordinates":[16.871815,51.144662]},"properties":{"line":"937","mode":"bus","color":"#0059a9","colorDark":"#00294f","band":1,"sc":0.9,"off":[-3.4,5.1]}},{"type":"Feature","geometry":{"type":"Point","coordinates":[16.871815,51.144662]},"properties":{"line":"938","mode":"bus","color":"#0059a9","colorDark":"#00294f","band":1,"sc":0.9,"off":[0,5.1]}},{"type":"Feature","geometry":{"type":"Point","coordinates":[16.871815,51.144662]},"properties":{"line":"948","mode":"bus","color":"#0059a9","colorDark":"#00294f","band":1,"sc":0.9,"off":[3.4,5.1]}},{"type":"Feature","geometry":{"type":"Point","coordinates":[16.871815,51.144662]},"properties":{"line":"958","mode":"bus","color":"#0059a9","colorDark":"#00294f","band":1,"sc":0.9,"off":[6.8,5.1]}},{"type":"Feature","geometry":{"type":"Point","coordinates":[16.871815,51.144662]},"properties":{"line":"243","mode":"bus","color":"#000000","colorDark":"#000000","band":1,"sc":0.9,"off":[-1.7,7.1]}},{"type":"Feature","geometry":{"type":"Point","coordinates":[16.871815,51.144662]},"properties":{"line":"253","mode":"bus","color":"#000000","colorDark":"#000000","band":1,"sc":0.9,"off":[1.7,7.1]}},{"type":"Feature","geometry":{"type":"Point","coordinates":[16.983349,51.125513]},"properties":{"name":"Kwiska","band":1,"modes":"bus","arr":["101","607"],"off":[0,-0.8]}},{"type":"Feature","geometry":{"type":"Point","coordinates":[16.983349,51.125513]},"properties":{"line":"101","mode":"bus","color":"#0059a9","colorDark":"#00294f","band":1,"off":[-1.7,1.1]}},{"type":"Feature","geometry":{"type":"Point","coordinates":[16.983349,51.125513]},"properties":{"line":"607","mode":"bus","color":"#0059a9","colorDark":"#00294f","band":1,"off":[1.7,1.1]}},{"type":"Feature","geometry":{"type":"Point","coordinates":[16.914238,51.140246]},"properties":{"name":"Kosmonautów (pętla)","band":1,"modes":"bus","arr":["102","152"],"off":[0,-0.8]}},{"type":"Feature","geometry":{"type":"Point","coordinates":[16.914238,51.140246]},"properties":{"line":"102","mode":"bus","color":"#0059a9","colorDark":"#00294f","band":1,"off":[-1.7,1.1]}},{"type":"Feature","geometry":{"type":"Point","coordinates":[16.914238,51.140246]},"properties":{"line":"152","mode":"bus","color":"#0059a9","colorDark":"#00294f","band":1,"off":[1.7,1.1]}},{"type":"Feature","geometry":{"type":"Point","coordinates":[17.020538,51.112731]},"properties":{"name":"PL. JANA PAWŁA II","band":1,"modes":"bus","arr":["102","103","250"],"off":[0,-0.8]}},{"type":"Feature","geometry":{"type":"Point","coordinates":[17.020538,51.112731]},"properties":{"line":"102","mode":"bus","color":"#0059a9","colorDark":"#00294f","band":1,"off":[-3.4,1.1]}},{"type":"Feature","geometry":{"type":"Point","coordinates":[17.020538,51.112731]},"properties":{"line":"103","mode":"bus","color":"#0059a9","colorDark":"#00294f","band":1,"off":[0,1.1]}},{"type":"Feature","geometry":{"type":"Point","coordinates":[17.020538,51.112731]},"properties":{"line":"250","mode":"bus","color":"#000000","colorDark":"#000000","band":1,"off":[3.4,1.1]}},{"type":"Feature","geometry":{"type":"Point","coordinates":[16.906518,51.174687]},"properties":{"name":"PRACZE ODRZAŃSKIE","band":1,"modes":"bus","arr":["103","107","245"],"off":[0,-0.8]}},{"type":"Feature","geometry":{"type":"Point","coordinates":[16.906518,51.174687]},"properties":{"line":"103","mode":"bus","color":"#0059a9","colorDark":"#00294f","band":1,"off":[-3.4,1.1]}},{"type":"Feature","geometry":{"type":"Point","coordinates":[16.906518,51.174687]},"properties":{"line":"107","mode":"bus","color":"#0059a9","colorDark":"#00294f","band":1,"off":[0,1.1]}},{"type":"Feature","geometry":{"type":"Point","coordinates":[16.906518,51.174687]},"properties":{"line":"245","mode":"bus","color":"#000000","colorDark":"#000000","band":1,"off":[3.4,1.1]}},{"type":"Feature","geometry":{"type":"Point","coordinates":[17.020647,51.148538]},"properties":{"name":"Zajezdnia OBORNICKA","band":1,"modes":"bus","arr":["103","142","306","315","602","607","206"],"off":[0,-0.8]}},{"type":"Feature","geometry":{"type":"Point","coordinates":[17.020647,51.148538]},"properties":{"name":"Paprotna","band":1,"modes":"bus","arr":["103","142","306","315","602","607","206"],"off":[0,-3]}},{"type":"Feature","geometry":{"type":"Point","coordinates":[17.020647,51.148538]},"properties":{"line":"103","mode":"bus","color":"#0059a9","colorDark":"#00294f","band":1,"off":[-6.8,1.1]}},{"type":"Feature","geometry":{"type":"Point","coordinates":[17.020647,51.148538]},"properties":{"line":"142","mode":"bus","color":"#0059a9","colorDark":"#00294f","band":1,"off":[-3.4,1.1]}},{"type":"Feature","geometry":{"type":"Point","coordinates":[17.020647,51.148538]},"properties":{"line":"306","mode":"bus","color":"#0059a9","colorDark":"#00294f","band":1,"off":[0,1.1]}},{"type":"Feature","geometry":{"type":"Point","coordinates":[17.020647,51.148538]},"properties":{"line":"315","mode":"bus","color":"#0059a9","colorDark":"#00294f","band":1,"off":[3.4,1.1]}},{"type":"Feature","geometry":{"type":"Point","coordinates":[17.020647,51.148538]},"properties":{"line":"602","mode":"bus","color":"#0059a9","colorDark":"#00294f","band":1,"off":[6.8,1.1]}},{"type":"Feature","geometry":{"type":"Point","coordinates":[17.020647,51.148538]},"properties":{"line":"607","mode":"bus","color":"#0059a9","colorDark":"#00294f","band":1,"off":[-1.7,3.1]}},{"type":"Feature","geometry":{"type":"Point","coordinates":[17.020647,51.148538]},"properties":{"line":"206","mode":"bus","color":"#000000","colorDark":"#000000","band":1,"off":[1.7,3.1]}},{"type":"Feature","geometry":{"type":"Point","coordinates":[16.905609,51.198077]},"properties":{"name":"JANÓWEK","band":1,"modes":"bus","arr":["103"],"off":[0,-0.8]}},{"type":"Feature","geometry":{"type":"Point","coordinates":[16.905609,51.198077]},"properties":{"line":"103","mode":"bus","color":"#0059a9","colorDark":"#00294f","band":1,"off":[0,1.1]}},{"type":"Feature","geometry":{"type":"Point","coordinates":[16.948918,51.157309]},"properties":{"name":"RĘDZIŃSKA","band":1,"modes":"bus","arr":["104"],"off":[0,-0.8]}},{"type":"Feature","geometry":{"type":"Point","coordinates":[16.948918,51.157309]},"properties":{"line":"104","mode":"bus","color":"#0059a9","colorDark":"#00294f","band":1,"off":[0,1.1]}},{"type":"Feature","geometry":{"type":"Point","coordinates":[16.996055,51.152655]},"properties":{"name":"ŚLAZOWA","band":1,"modes":"bus","arr":["104"],"off":[0,-0.8]}},{"type":"Feature","geometry":{"type":"Point","coordinates":[16.996055,51.152655]},"properties":{"line":"104","mode":"bus","color":"#0059a9","colorDark":"#00294f","band":1,"off":[0,1.1]}},{"type":"Feature","geometry":{"type":"Point","coordinates":[16.97515,51.196725]},"properties":{"name":"ŚWINIARY","band":1,"modes":"bus","arr":["105","244"],"off":[0,-0.8]}},{"type":"Feature","geometry":{"type":"Point","coordinates":[16.97515,51.196725]},"properties":{"line":"105","mode":"bus","color":"#0059a9","colorDark":"#00294f","band":1,"off":[-1.7,1.1]}},{"type":"Feature","geometry":{"type":"Point","coordinates":[16.97515,51.196725]},"properties":{"line":"244","mode":"bus","color":"#000000","colorDark":"#000000","band":1,"off":[1.7,1.1]}},{"type":"Feature","geometry":{"type":"Point","coordinates":[17.065449,51.13231]},"properties":{"name":"KROMERA","band":1,"modes":"tram,bus","arr":["6","11","105","132","904","905","928","930","964"],"off":[0,-0.8]}},{"type":"Feature","geometry":{"type":"Point","coordinates":[17.065449,51.13231]},"properties":{"line":"6","mode":"tram","color":"#d6212b","colorDark":"#7c1116","band":1,"off":[-6.8,1.1]}},{"type":"Feature","geometry":{"type":"Point","coordinates":[17.065449,51.13231]},"properties":{"line":"11","mode":"tram","color":"#d6212b","colorDark":"#7c1116","band":1,"off":[-3.4,1.1]}},{"type":"Feature","geometry":{"type":"Point","coordinates":[17.065449,51.13231]},"properties":{"line":"105","mode":"bus","color":"#0059a9","colorDark":"#00294f","band":1,"off":[0,1.1]}},{"type":"Feature","geometry":{"type":"Point","coordinates":[17.065449,51.13231]},"properties":{"line":"132","mode":"bus","color":"#0059a9","colorDark":"#00294f","band":1,"off":[3.4,1.1]}},{"type":"Feature","geometry":{"type":"Point","coordinates":[17.065449,51.13231]},"properties":{"line":"904","mode":"bus","color":"#0059a9","colorDark":"#00294f","band":1,"off":[6.8,1.1]}},{"type":"Feature","geometry":{"type":"Point","coordinates":[17.065449,51.13231]},"properties":{"line":"905","mode":"bus","color":"#0059a9","colorDark":"#00294f","band":1,"off":[-5.1,3.1]}},{"type":"Feature","geometry":{"type":"Point","coordinates":[17.065449,51.13231]},"properties":{"line":"928","mode":"bus","color":"#0059a9","colorDark":"#00294f","band":1,"off":[-1.7,3.1]}},{"type":"Feature","geometry":{"type":"Point","coordinates":[17.065449,51.13231]},"properties":{"line":"930","mode":"bus","color":"#0059a9","colorDark":"#00294f","band":1,"off":[1.7,3.1]}},{"type":"Feature","geometry":{"type":"Point","coordinates":[17.065449,51.13231]},"properties":{"line":"964","mode":"bus","color":"#0059a9","colorDark":"#00294f","band":1,"off":[5.1,3.1]}},{"type":"Feature","geometry":{"type":"Point","coordinates":[16.8824,51.109371]},"properties":{"name":"PORT LOTNICZY","band":1,"modes":"bus","arr":["106","129","206"],"off":[0,-0.8]}},{"type":"Feature","geometry":{"type":"Point","coordinates":[16.8824,51.109371]},"properties":{"line":"106","mode":"bus","color":"#0059a9","colorDark":"#00294f","band":1,"off":[-3.4,1.1]}},{"type":"Feature","geometry":{"type":"Point","coordinates":[16.8824,51.109371]},"properties":{"line":"129","mode":"bus","color":"#0059a9","colorDark":"#00294f","band":1,"off":[0,1.1]}},{"type":"Feature","geometry":{"type":"Point","coordinates":[16.8824,51.109371]},"properties":{"line":"206","mode":"bus","color":"#000000","colorDark":"#000000","band":1,"off":[3.4,1.1]}},{"type":"Feature","geometry":{"type":"Point","coordinates":[17.03828,51.099946]},"properties":{"name":"DWORZEC GŁÓWNY (Dworcowa)","band":1,"modes":"tram,bus","arr":["0","106"],"off":[0,-0.8]}},{"type":"Feature","geometry":{"type":"Point","coordinates":[17.03828,51.099946]},"properties":{"name":"DWORZEC GŁÓWNY","band":1,"modes":"tram,bus","arr":["0","106"],"off":[0,-3]}},{"type":"Feature","geometry":{"type":"Point","coordinates":[17.03828,51.099946]},"properties":{"line":"0","mode":"tram","color":"#d6212b","colorDark":"#7c1116","band":1,"off":[-1.7,1.1]}},{"type":"Feature","geometry":{"type":"Point","coordinates":[17.03828,51.099946]},"properties":{"line":"106","mode":"bus","color":"#0059a9","colorDark":"#00294f","band":1,"off":[1.7,1.1]}},{"type":"Feature","geometry":{"type":"Point","coordinates":[16.899084,51.10507]},"properties":{"name":"Strachowice General Aviation","band":1,"modes":"bus","arr":["306"],"off":[0,-0.8]}},{"type":"Feature","geometry":{"type":"Point","coordinates":[16.899084,51.10507]},"properties":{"line":"306","mode":"bus","color":"#0059a9","colorDark":"#00294f","band":1,"off":[0,1.1]}},{"type":"Feature","geometry":{"type":"Point","coordinates":[17.006772,51.074865]},"properties":{"name":"KRZYKI","band":1,"modes":"tram,bus","arr":["2","6","14","107","112","113","153","612","913","933","249","251"],"off":[0,-0.8]}},{"type":"Feature","geometry":{"type":"Point","coordinates":[17.006772,51.074865]},"properties":{"line":"2","mode":"tram","color":"#d6212b","colorDark":"#7c1116","band":1,"off":[-6.8,1.1]}},{"type":"Feature","geometry":{"type":"Point","coordinates":[17.006772,51.074865]},"properties":{"line":"6","mode":"tram","color":"#d6212b","colorDark":"#7c1116","band":1,"off":[-3.4,1.1]}},{"type":"Feature","geometry":{"type":"Point","coordinates":[17.006772,51.074865]},"properties":{"line":"14","mode":"tram","color":"#d6212b","colorDark":"#7c1116","band":1,"off":[0,1.1]}},{"type":"Feature","geometry":{"type":"Point","coordinates":[17.006772,51.074865]},"properties":{"line":"107","mode":"bus","color":"#0059a9","colorDark":"#00294f","band":1,"off":[3.4,1.1]}},{"type":"Feature","geometry":{"type":"Point","coordinates":[17.006772,51.074865]},"properties":{"line":"112","mode":"bus","color":"#0059a9","colorDark":"#00294f","band":1,"off":[6.8,1.1]}},{"type":"Feature","geometry":{"type":"Point","coordinates":[17.006772,51.074865]},"properties":{"line":"113","mode":"bus","color":"#0059a9","colorDark":"#00294f","band":1,"off":[-6.8,3.1]}},{"type":"Feature","geometry":{"type":"Point","coordinates":[17.006772,51.074865]},"properties":{"line":"153","mode":"bus","color":"#0059a9","colorDark":"#00294f","band":1,"off":[-3.4,3.1]}},{"type":"Feature","geometry":{"type":"Point","coordinates":[17.006772,51.074865]},"properties":{"line":"612","mode":"bus","color":"#0059a9","colorDark":"#00294f","band":1,"off":[0,3.1]}},{"type":"Feature","geometry":{"type":"Point","coordinates":[17.006772,51.074865]},"properties":{"line":"913","mode":"bus","color":"#0059a9","colorDark":"#00294f","band":1,"off":[3.4,3.1]}},{"type":"Feature","geometry":{"type":"Point","coordinates":[17.006772,51.074865]},"properties":{"line":"933","mode":"bus","color":"#0059a9","colorDark":"#00294f","band":1,"off":[6.8,3.1]}},{"type":"Feature","geometry":{"type":"Point","coordinates":[17.006772,51.074865]},"properties":{"line":"249","mode":"bus","color":"#000000","colorDark":"#000000","band":1,"off":[-1.7,5.1]}},{"type":"Feature","geometry":{"type":"Point","coordinates":[17.006772,51.074865]},"properties":{"line":"251","mode":"bus","color":"#000000","colorDark":"#000000","band":1,"off":[1.7,5.1]}},{"type":"Feature","geometry":{"type":"Point","coordinates":[16.987932,51.058173]},"properties":{"name":"KLECINA (Stacja kolejowa)","band":1,"modes":"bus","arr":["319"],"off":[0,-0.8]}},{"type":"Feature","geometry":{"type":"Point","coordinates":[16.987932,51.058173]},"properties":{"line":"319","mode":"bus","color":"#0059a9","colorDark":"#00294f","band":1,"off":[0,1.1]}},{"type":"Feature","geometry":{"type":"Point","coordinates":[16.978315,51.093595]},"properties":{"name":"Fiołkowa","band":1,"modes":"bus","arr":["967"],"off":[0,-0.8]}},{"type":"Feature","geometry":{"type":"Point","coordinates":[16.978315,51.093595]},"properties":{"name":"FAT","band":1,"modes":"bus","arr":["967"],"off":[0,-1.9]}},{"type":"Feature","geometry":{"type":"Point","coordinates":[16.978315,51.093595]},"properties":{"line":"967","mode":"bus","color":"#0059a9","colorDark":"#00294f","band":1,"off":[0,1.1]}},{"type":"Feature","geometry":{"type":"Point","coordinates":[16.95983,51.112552]},"properties":{"name":"Strzegomska (krzyżówka)","band":1,"modes":"bus","arr":["909"],"off":[0,-0.8]}},{"type":"Feature","geometry":{"type":"Point","coordinates":[16.95983,51.112552]},"properties":{"line":"909","mode":"bus","color":"#0059a9","colorDark":"#00294f","band":1,"off":[0,1.1]}},{"type":"Feature","geometry":{"type":"Point","coordinates":[16.969517,51.068059]},"properties":{"name":"GIEŁDOWA (Centrum Hurtu)","band":1,"modes":"bus","arr":["D","247","257"],"off":[0,-0.8]}},{"type":"Feature","geometry":{"type":"Point","coordinates":[16.969517,51.068059]},"properties":{"line":"D","mode":"bus","color":"#0059a9","colorDark":"#00294f","band":1,"off":[-3.4,1.1]}},{"type":"Feature","geometry":{"type":"Point","coordinates":[16.969517,51.068059]},"properties":{"line":"247","mode":"bus","color":"#000000","colorDark":"#000000","band":1,"off":[0,1.1]}},{"type":"Feature","geometry":{"type":"Point","coordinates":[16.969517,51.068059]},"properties":{"line":"257","mode":"bus","color":"#000000","colorDark":"#000000","band":1,"off":[3.4,1.1]}},{"type":"Feature","geometry":{"type":"Point","coordinates":[17.006044,51.179388]},"properties":{"name":"KMINKOWA","band":1,"modes":"bus","arr":["108","111","153"],"off":[0,-0.8]}},{"type":"Feature","geometry":{"type":"Point","coordinates":[17.006044,51.179388]},"properties":{"line":"108","mode":"bus","color":"#0059a9","colorDark":"#00294f","band":1,"off":[-3.4,1.1]}},{"type":"Feature","geometry":{"type":"Point","coordinates":[17.006044,51.179388]},"properties":{"line":"111","mode":"bus","color":"#0059a9","colorDark":"#00294f","band":1,"off":[0,1.1]}},{"type":"Feature","geometry":{"type":"Point","coordinates":[17.006044,51.179388]},"properties":{"line":"153","mode":"bus","color":"#0059a9","colorDark":"#00294f","band":1,"off":[3.4,1.1]}},{"type":"Feature","geometry":{"type":"Point","coordinates":[17.033903,51.12468]},"properties":{"name":"DWORZEC NADODRZE","band":1,"modes":"bus","arr":["108","908"],"off":[0,-0.8]}},{"type":"Feature","geometry":{"type":"Point","coordinates":[17.033903,51.12468]},"properties":{"line":"108","mode":"bus","color":"#0059a9","colorDark":"#00294f","band":1,"off":[-1.7,1.1]}},{"type":"Feature","geometry":{"type":"Point","coordinates":[17.033903,51.12468]},"properties":{"line":"908","mode":"bus","color":"#0059a9","colorDark":"#00294f","band":1,"off":[1.7,1.1]}},{"type":"Feature","geometry":{"type":"Point","coordinates":[17.07232,51.04231]},"properties":{"name":"IWINY - pętla","band":1,"modes":"bus","arr":["110"],"off":[0,-0.8]}},{"type":"Feature","geometry":{"type":"Point","coordinates":[17.07232,51.04231]},"properties":{"line":"110","mode":"bus","color":"#0059a9","colorDark":"#00294f","band":1,"off":[0,1.1]}},{"type":"Feature","geometry":{"type":"Point","coordinates":[17.060843,51.045095]},"properties":{"name":"IWINY - rondo","band":1,"modes":"bus","arr":["310","255"],"off":[0,-0.8]}},{"type":"Feature","geometry":{"type":"Point","coordinates":[17.060843,51.045095]},"properties":{"line":"310","mode":"bus","color":"#0059a9","colorDark":"#00294f","band":1,"off":[-1.7,1.1]}},{"type":"Feature","geometry":{"type":"Point","coordinates":[17.060843,51.045095]},"properties":{"line":"255","mode":"bus","color":"#000000","colorDark":"#000000","band":1,"off":[1.7,1.1]}},{"type":"Feature","geometry":{"type":"Point","coordinates":[17.059167,51.05014]},"properties":{"name":"Vivaldiego","band":1,"modes":"bus","arr":["145"],"off":[0,-0.8]}},{"type":"Feature","geometry":{"type":"Point","coordinates":[17.059167,51.05014]},"properties":{"line":"145","mode":"bus","color":"#0059a9","colorDark":"#00294f","band":1,"off":[0,1.1]}},{"type":"Feature","geometry":{"type":"Point","coordinates":[17.041888,51.109011]},"properties":{"name":"GALERIA DOMINIKAŃSKA","band":1,"modes":"bus","arr":["110","112","113","114","120","914","920","924"],"off":[0,-0.8]}},{"type":"Feature","geometry":{"type":"Point","coordinates":[17.041888,51.109011]},"properties":{"line":"110","mode":"bus","color":"#0059a9","colorDark":"#00294f","band":1,"off":[-6.8,1.1]}},{"type":"Feature","geometry":{"type":"Point","coordinates":[17.041888,51.109011]},"properties":{"line":"112","mode":"bus","color":"#0059a9","colorDark":"#00294f","band":1,"off":[-3.4,1.1]}},{"type":"Feature","geometry":{"type":"Point","coordinates":[17.041888,51.109011]},"properties":{"line":"113","mode":"bus","color":"#0059a9","colorDark":"#00294f","band":1,"off":[0,1.1]}},{"type":"Feature","geometry":{"type":"Point","coordinates":[17.041888,51.109011]},"properties":{"line":"114","mode":"bus","color":"#0059a9","colorDark":"#00294f","band":1,"off":[3.4,1.1]}},{"type":"Feature","geometry":{"type":"Point","coordinates":[17.041888,51.109011]},"properties":{"line":"120","mode":"bus","color":"#0059a9","colorDark":"#00294f","band":1,"off":[6.8,1.1]}},{"type":"Feature","geometry":{"type":"Point","coordinates":[17.041888,51.109011]},"properties":{"line":"914","mode":"bus","color":"#0059a9","colorDark":"#00294f","band":1,"off":[-3.4,3.1]}},{"type":"Feature","geometry":{"type":"Point","coordinates":[17.041888,51.109011]},"properties":{"line":"920","mode":"bus","color":"#0059a9","colorDark":"#00294f","band":1,"off":[0,3.1]}},{"type":"Feature","geometry":{"type":"Point","coordinates":[17.041888,51.109011]},"properties":{"line":"924","mode":"bus","color":"#0059a9","colorDark":"#00294f","band":1,"off":[3.4,3.1]}},{"type":"Feature","geometry":{"type":"Point","coordinates":[17.057026,51.053718]},"properties":{"name":"JAGODNO (P+R)","band":1,"modes":"bus","arr":["148","310","N"],"off":[0,-0.8]}},{"type":"Feature","geometry":{"type":"Point","coordinates":[17.057026,51.053718]},"properties":{"line":"148","mode":"bus","color":"#0059a9","colorDark":"#00294f","band":1,"off":[-3.4,1.1]}},{"type":"Feature","geometry":{"type":"Point","coordinates":[17.057026,51.053718]},"properties":{"line":"310","mode":"bus","color":"#0059a9","colorDark":"#00294f","band":1,"off":[0,1.1]}},{"type":"Feature","geometry":{"type":"Point","coordinates":[17.057026,51.053718]},"properties":{"line":"N","mode":"bus","color":"#0059a9","colorDark":"#00294f","band":1,"off":[3.4,1.1]}},{"type":"Feature","geometry":{"type":"Point","coordinates":[17.132518,51.158979]},"properties":{"name":"OSIEDLE SOBIESKIEGO","band":1,"modes":"bus","arr":["111","130","150","D"],"off":[0,-0.8]}},{"type":"Feature","geometry":{"type":"Point","coordinates":[17.132518,51.158979]},"properties":{"line":"111","mode":"bus","color":"#0059a9","colorDark":"#00294f","band":1,"off":[-5.1,1.1]}},{"type":"Feature","geometry":{"type":"Point","coordinates":[17.132518,51.158979]},"properties":{"line":"130","mode":"bus","color":"#0059a9","colorDark":"#00294f","band":1,"off":[-1.7,1.1]}},{"type":"Feature","geometry":{"type":"Point","coordinates":[17.132518,51.158979]},"properties":{"line":"150","mode":"bus","color":"#0059a9","colorDark":"#00294f","band":1,"off":[1.7,1.1]}},{"type":"Feature","geometry":{"type":"Point","coordinates":[17.132518,51.158979]},"properties":{"line":"D","mode":"bus","color":"#0059a9","colorDark":"#00294f","band":1,"off":[5.1,1.1]}},{"type":"Feature","geometry":{"type":"Point","coordinates":[17.060667,51.111923]},"properties":{"name":"Reja","band":1,"modes":"bus","arr":["115","116","121","131","149","151","315","911","945","955","961"],"off":[0,-0.8]}},{"type":"Feature","geometry":{"type":"Point","coordinates":[17.060667,51.111923]},"properties":{"name":"PL. GRUNWALDZKI","band":1,"modes":"bus","arr":["115","116","121","131","149","151","315","911","945","955","961"],"off":[0,-1.9]}},{"type":"Feature","geometry":{"type":"Point","coordinates":[17.060667,51.111923]},"properties":{"line":"115","mode":"bus","color":"#0059a9","colorDark":"#00294f","band":1,"off":[-6.8,1.1]}},{"type":"Feature","geometry":{"type":"Point","coordinates":[17.060667,51.111923]},"properties":{"line":"116","mode":"bus","color":"#0059a9","colorDark":"#00294f","band":1,"off":[-3.4,1.1]}},{"type":"Feature","geometry":{"type":"Point","coordinates":[17.060667,51.111923]},"properties":{"line":"121","mode":"bus","color":"#0059a9","colorDark":"#00294f","band":1,"off":[0,1.1]}},{"type":"Feature","geometry":{"type":"Point","coordinates":[17.060667,51.111923]},"properties":{"line":"131","mode":"bus","color":"#0059a9","colorDark":"#00294f","band":1,"off":[3.4,1.1]}},{"type":"Feature","geometry":{"type":"Point","coordinates":[17.060667,51.111923]},"properties":{"line":"149","mode":"bus","color":"#0059a9","colorDark":"#00294f","band":1,"off":[6.8,1.1]}},{"type":"Feature","geometry":{"type":"Point","coordinates":[17.060667,51.111923]},"properties":{"line":"151","mode":"bus","color":"#0059a9","colorDark":"#00294f","band":1,"off":[-6.8,3.1]}},{"type":"Feature","geometry":{"type":"Point","coordinates":[17.060667,51.111923]},"properties":{"line":"315","mode":"bus","color":"#0059a9","colorDark":"#00294f","band":1,"off":[-3.4,3.1]}},{"type":"Feature","geometry":{"type":"Point","coordinates":[17.060667,51.111923]},"properties":{"line":"911","mode":"bus","color":"#0059a9","colorDark":"#00294f","band":1,"off":[0,3.1]}},{"type":"Feature","geometry":{"type":"Point","coordinates":[17.060667,51.111923]},"properties":{"line":"945","mode":"bus","color":"#0059a9","colorDark":"#00294f","band":1,"off":[3.4,3.1]}},{"type":"Feature","geometry":{"type":"Point","coordinates":[17.060667,51.111923]},"properties":{"line":"955","mode":"bus","color":"#0059a9","colorDark":"#00294f","band":1,"off":[6.8,3.1]}},{"type":"Feature","geometry":{"type":"Point","coordinates":[17.060667,51.111923]},"properties":{"line":"961","mode":"bus","color":"#0059a9","colorDark":"#00294f","band":1,"off":[0,5.1]}},{"type":"Feature","geometry":{"type":"Point","coordinates":[17.086532,51.05903]},"properties":{"name":"BROCHÓW","band":1,"modes":"bus","arr":["125","133"],"off":[0,-0.8]}},{"type":"Feature","geometry":{"type":"Point","coordinates":[17.086532,51.05903]},"properties":{"line":"125","mode":"bus","color":"#0059a9","colorDark":"#00294f","band":1,"off":[-1.7,1.1]}},{"type":"Feature","geometry":{"type":"Point","coordinates":[17.086532,51.05903]},"properties":{"line":"133","mode":"bus","color":"#0059a9","colorDark":"#00294f","band":1,"off":[1.7,1.1]}},{"type":"Feature","geometry":{"type":"Point","coordinates":[17.091095,51.047735]},"properties":{"name":"BIEŃKOWICE","band":1,"modes":"bus","arr":["114","245"],"off":[0,-0.8]}},{"type":"Feature","geometry":{"type":"Point","coordinates":[17.091095,51.047735]},"properties":{"line":"114","mode":"bus","color":"#0059a9","colorDark":"#00294f","band":1,"off":[-1.7,1.1]}},{"type":"Feature","geometry":{"type":"Point","coordinates":[17.091095,51.047735]},"properties":{"line":"245","mode":"bus","color":"#000000","colorDark":"#000000","band":1,"off":[1.7,1.1]}},{"type":"Feature","geometry":{"type":"Point","coordinates":[17.165932,51.095908]},"properties":{"name":"WOJNÓW (Pętla)","band":1,"modes":"bus","arr":["115","118","259"],"off":[0,-0.8]}},{"type":"Feature","geometry":{"type":"Point","coordinates":[17.165932,51.095908]},"properties":{"line":"115","mode":"bus","color":"#0059a9","colorDark":"#00294f","band":1,"off":[-3.4,1.1]}},{"type":"Feature","geometry":{"type":"Point","coordinates":[17.165932,51.095908]},"properties":{"line":"118","mode":"bus","color":"#0059a9","colorDark":"#00294f","band":1,"off":[0,1.1]}},{"type":"Feature","geometry":{"type":"Point","coordinates":[17.165932,51.095908]},"properties":{"line":"259","mode":"bus","color":"#000000","colorDark":"#000000","band":1,"off":[3.4,1.1]}},{"type":"Feature","geometry":{"type":"Point","coordinates":[17.09072,51.113666]},"properties":{"name":"8 Maja","band":1,"modes":"tram,bus","arr":["9","17","118","343"],"off":[0,-0.8]}},{"type":"Feature","geometry":{"type":"Point","coordinates":[17.09072,51.113666]},"properties":{"line":"9","mode":"tram","color":"#d6212b","colorDark":"#7c1116","band":1,"off":[-5.1,1.1]}},{"type":"Feature","geometry":{"type":"Point","coordinates":[17.09072,51.113666]},"properties":{"line":"17","mode":"tram","color":"#d6212b","colorDark":"#7c1116","band":1,"off":[-1.7,1.1]}},{"type":"Feature","geometry":{"type":"Point","coordinates":[17.09072,51.113666]},"properties":{"line":"118","mode":"bus","color":"#0059a9","colorDark":"#00294f","band":1,"off":[1.7,1.1]}},{"type":"Feature","geometry":{"type":"Point","coordinates":[17.09072,51.113666]},"properties":{"line":"343","mode":"bus","color":"#0059a9","colorDark":"#00294f","band":1,"off":[5.1,1.1]}},{"type":"Feature","geometry":{"type":"Point","coordinates":[17.064507,51.15523]},"properties":{"name":"SOŁTYSOWICE","band":1,"modes":"bus","arr":["116","119","A","246"],"off":[0,-0.8]}},{"type":"Feature","geometry":{"type":"Point","coordinates":[17.064507,51.15523]},"properties":{"line":"116","mode":"bus","color":"#0059a9","colorDark":"#00294f","band":1,"off":[-5.1,1.1]}},{"type":"Feature","geometry":{"type":"Point","coordinates":[17.064507,51.15523]},"properties":{"line":"119","mode":"bus","color":"#0059a9","colorDark":"#00294f","band":1,"off":[-1.7,1.1]}},{"type":"Feature","geometry":{"type":"Point","coordinates":[17.064507,51.15523]},"properties":{"line":"A","mode":"bus","color":"#0059a9","colorDark":"#00294f","band":1,"off":[1.7,1.1]}},{"type":"Feature","geometry":{"type":"Point","coordinates":[17.064507,51.15523]},"properties":{"line":"246","mode":"bus","color":"#000000","colorDark":"#000000","band":1,"off":[5.1,1.1]}},{"type":"Feature","geometry":{"type":"Point","coordinates":[16.886564,51.124341]},"properties":{"name":"Jerzmanowo (Cmentarz I)","band":1,"modes":"bus","arr":["117"],"off":[0,-0.8]}},{"type":"Feature","geometry":{"type":"Point","coordinates":[16.886564,51.124341]},"properties":{"line":"117","mode":"bus","color":"#0059a9","colorDark":"#00294f","band":1,"off":[0,1.1]}},{"type":"Feature","geometry":{"type":"Point","coordinates":[16.860023,51.150165]},"properties":{"name":"Krępicka - Szkoła","band":1,"modes":"bus","arr":["117"],"off":[0,-0.8]}},{"type":"Feature","geometry":{"type":"Point","coordinates":[16.860023,51.150165]},"properties":{"line":"117","mode":"bus","color":"#0059a9","colorDark":"#00294f","band":1,"off":[0,1.1]}},{"type":"Feature","geometry":{"type":"Point","coordinates":[16.966697,51.166086]},"properties":{"name":"RĘDZIN","band":1,"modes":"bus","arr":["118","257"],"off":[0,-0.8]}},{"type":"Feature","geometry":{"type":"Point","coordinates":[16.966697,51.166086]},"properties":{"line":"118","mode":"bus","color":"#0059a9","colorDark":"#00294f","band":1,"off":[-1.7,1.1]}},{"type":"Feature","geometry":{"type":"Point","coordinates":[16.966697,51.166086]},"properties":{"line":"257","mode":"bus","color":"#000000","colorDark":"#000000","band":1,"off":[1.7,1.1]}},{"type":"Feature","geometry":{"type":"Point","coordinates":[16.983262,51.07716]},"properties":{"name":"RACŁAWICKA","band":1,"modes":"bus","arr":["119","A","248"],"off":[0,-0.8]}},{"type":"Feature","geometry":{"type":"Point","coordinates":[16.983262,51.07716]},"properties":{"line":"119","mode":"bus","color":"#0059a9","colorDark":"#00294f","band":1,"off":[-3.4,1.1]}},{"type":"Feature","geometry":{"type":"Point","coordinates":[16.983262,51.07716]},"properties":{"line":"A","mode":"bus","color":"#0059a9","colorDark":"#00294f","band":1,"off":[0,1.1]}},{"type":"Feature","geometry":{"type":"Point","coordinates":[16.983262,51.07716]},"properties":{"line":"248","mode":"bus","color":"#000000","colorDark":"#000000","band":1,"off":[3.4,1.1]}},{"type":"Feature","geometry":{"type":"Point","coordinates":[16.970715,51.112576]},"properties":{"name":"Muchobór Mały (Stacja kolejowa)","band":1,"modes":"bus","arr":["306"],"off":[0,-0.8]}},{"type":"Feature","geometry":{"type":"Point","coordinates":[16.970715,51.112576]},"properties":{"line":"306","mode":"bus","color":"#0059a9","colorDark":"#00294f","band":1,"off":[0,1.1]}},{"type":"Feature","geometry":{"type":"Point","coordinates":[17.157232,51.070199]},"properties":{"name":"BLIZANOWICE","band":1,"modes":"bus","arr":["120"],"off":[0,-0.8]}},{"type":"Feature","geometry":{"type":"Point","coordinates":[17.157232,51.070199]},"properties":{"line":"120","mode":"bus","color":"#0059a9","colorDark":"#00294f","band":1,"off":[0,1.1]}},{"type":"Feature","geometry":{"type":"Point","coordinates":[17.148156,51.145324]},"properties":{"name":"KIEŁCZOWSKA (Cmentarz)","band":1,"modes":"bus","arr":["121","921"],"off":[0,-0.8]}},{"type":"Feature","geometry":{"type":"Point","coordinates":[17.148156,51.145324]},"properties":{"line":"121","mode":"bus","color":"#0059a9","colorDark":"#00294f","band":1,"off":[-1.7,1.1]}},{"type":"Feature","geometry":{"type":"Point","coordinates":[17.148156,51.145324]},"properties":{"line":"921","mode":"bus","color":"#0059a9","colorDark":"#00294f","band":1,"off":[1.7,1.1]}},{"type":"Feature","geometry":{"type":"Point","coordinates":[17.127591,51.142267]},"properties":{"name":"LITEWSKA","band":1,"modes":"bus","arr":["131","147","150","N","251"],"off":[0,-0.8]}},{"type":"Feature","geometry":{"type":"Point","coordinates":[17.127591,51.142267]},"properties":{"line":"131","mode":"bus","color":"#0059a9","colorDark":"#00294f","band":1,"off":[-6.8,1.1]}},{"type":"Feature","geometry":{"type":"Point","coordinates":[17.127591,51.142267]},"properties":{"line":"147","mode":"bus","color":"#0059a9","colorDark":"#00294f","band":1,"off":[-3.4,1.1]}},{"type":"Feature","geometry":{"type":"Point","coordinates":[17.127591,51.142267]},"properties":{"line":"150","mode":"bus","color":"#0059a9","colorDark":"#00294f","band":1,"off":[0,1.1]}},{"type":"Feature","geometry":{"type":"Point","coordinates":[17.127591,51.142267]},"properties":{"line":"N","mode":"bus","color":"#0059a9","colorDark":"#00294f","band":1,"off":[3.4,1.1]}},{"type":"Feature","geometry":{"type":"Point","coordinates":[17.127591,51.142267]},"properties":{"line":"251","mode":"bus","color":"#000000","colorDark":"#000000","band":1,"off":[6.8,1.1]}},{"type":"Feature","geometry":{"type":"Point","coordinates":[17.116708,51.145711]},"properties":{"name":"MULICKA","band":1,"modes":"bus","arr":["944"],"off":[0,-0.8]}},{"type":"Feature","geometry":{"type":"Point","coordinates":[17.116708,51.145711]},"properties":{"line":"944","mode":"bus","color":"#0059a9","colorDark":"#00294f","band":1,"off":[0,1.1]}},{"type":"Feature","geometry":{"type":"Point","coordinates":[16.934956,51.09568]},"properties":{"name":"Gagarina","band":1,"modes":"bus","arr":["122"],"off":[0,-0.8]}},{"type":"Feature","geometry":{"type":"Point","coordinates":[16.934956,51.09568]},"properties":{"line":"122","mode":"bus","color":"#0059a9","colorDark":"#00294f","band":1,"off":[0,1.1]}},{"type":"Feature","geometry":{"type":"Point","coordinates":[17.037977,51.09696]},"properties":{"name":"SUCHA","band":1,"modes":"bus","arr":["122","612","240","250"],"off":[0,-0.8]}},{"type":"Feature","geometry":{"type":"Point","coordinates":[17.037977,51.09696]},"properties":{"name":"DWORZEC AUTOBUSOWY","band":1,"modes":"bus","arr":["122","612","240","250"],"off":[0,-1.9]}},{"type":"Feature","geometry":{"type":"Point","coordinates":[17.037977,51.09696]},"properties":{"line":"122","mode":"bus","color":"#0059a9","colorDark":"#00294f","band":1,"off":[-5.1,1.1]}},{"type":"Feature","geometry":{"type":"Point","coordinates":[17.037977,51.09696]},"properties":{"line":"612","mode":"bus","color":"#0059a9","colorDark":"#00294f","band":1,"off":[-1.7,1.1]}},{"type":"Feature","geometry":{"type":"Point","coordinates":[17.037977,51.09696]},"properties":{"line":"240","mode":"bus","color":"#000000","colorDark":"#000000","band":1,"off":[1.7,1.1]}},{"type":"Feature","geometry":{"type":"Point","coordinates":[17.037977,51.09696]},"properties":{"line":"250","mode":"bus","color":"#000000","colorDark":"#000000","band":1,"off":[5.1,1.1]}},{"type":"Feature","geometry":{"type":"Point","coordinates":[16.958257,51.13268]},"properties":{"name":"Metalowców","band":1,"modes":"bus","arr":["123"],"off":[0,-0.8]}},{"type":"Feature","geometry":{"type":"Point","coordinates":[16.958257,51.13268]},"properties":{"line":"123","mode":"bus","color":"#0059a9","colorDark":"#00294f","band":1,"off":[0,1.1]}},{"type":"Feature","geometry":{"type":"Point","coordinates":[16.952121,51.119611]},"properties":{"name":"Wrocław Nowy Dwór (P+R)","band":1,"modes":"tram,bus","arr":["13","23","124","128","134","927","241"],"off":[0,-0.8]}},{"type":"Feature","geometry":{"type":"Point","coordinates":[16.952121,51.119611]},"properties":{"line":"13","mode":"tram","color":"#d6212b","colorDark":"#7c1116","band":1,"off":[-6.8,1.1]}},{"type":"Feature","geometry":{"type":"Point","coordinates":[16.952121,51.119611]},"properties":{"line":"23","mode":"tram","color":"#d6212b","colorDark":"#7c1116","band":1,"off":[-3.4,1.1]}},{"type":"Feature","geometry":{"type":"Point","coordinates":[16.952121,51.119611]},"properties":{"line":"124","mode":"bus","color":"#0059a9","colorDark":"#00294f","band":1,"off":[0,1.1]}},{"type":"Feature","geometry":{"type":"Point","coordinates":[16.952121,51.119611]},"properties":{"line":"128","mode":"bus","color":"#0059a9","colorDark":"#00294f","band":1,"off":[3.4,1.1]}},{"type":"Feature","geometry":{"type":"Point","coordinates":[16.952121,51.119611]},"properties":{"line":"134","mode":"bus","color":"#0059a9","colorDark":"#00294f","band":1,"off":[6.8,1.1]}},{"type":"Feature","geometry":{"type":"Point","coordinates":[16.952121,51.119611]},"properties":{"line":"927","mode":"bus","color":"#0059a9","colorDark":"#00294f","band":1,"off":[-1.7,3.1]}},{"type":"Feature","geometry":{"type":"Point","coordinates":[16.952121,51.119611]},"properties":{"line":"241","mode":"bus","color":"#000000","colorDark":"#000000","band":1,"off":[1.7,3.1]}},{"type":"Feature","geometry":{"type":"Point","coordinates":[17.093033,51.069155]},"properties":{"name":"Brochowska","band":1,"modes":"bus","arr":["343"],"off":[0,-0.8]}},{"type":"Feature","geometry":{"type":"Point","coordinates":[17.093033,51.069155]},"properties":{"line":"343","mode":"bus","color":"#0059a9","colorDark":"#00294f","band":1,"off":[0,1.1]}},{"type":"Feature","geometry":{"type":"Point","coordinates":[17.097547,51.069867]},"properties":{"name":"KSIĘŻE WIELKIE","band":1,"modes":"bus","arr":["124","134","243"],"off":[0,-0.8]}},{"type":"Feature","geometry":{"type":"Point","coordinates":[17.097547,51.069867]},"properties":{"line":"124","mode":"bus","color":"#0059a9","colorDark":"#00294f","band":1,"off":[-3.4,1.1]}},{"type":"Feature","geometry":{"type":"Point","coordinates":[17.097547,51.069867]},"properties":{"line":"134","mode":"bus","color":"#0059a9","colorDark":"#00294f","band":1,"off":[0,1.1]}},{"type":"Feature","geometry":{"type":"Point","coordinates":[17.097547,51.069867]},"properties":{"line":"243","mode":"bus","color":"#000000","colorDark":"#000000","band":1,"off":[3.4,1.1]}},{"type":"Feature","geometry":{"type":"Point","coordinates":[16.952865,51.075993]},"properties":{"name":"TYNIECKA (pętla)","band":1,"modes":"bus","arr":["125","143"],"off":[0,-0.8]}},{"type":"Feature","geometry":{"type":"Point","coordinates":[16.952865,51.075993]},"properties":{"line":"125","mode":"bus","color":"#0059a9","colorDark":"#00294f","band":1,"off":[-1.7,1.1]}},{"type":"Feature","geometry":{"type":"Point","coordinates":[16.952865,51.075993]},"properties":{"line":"143","mode":"bus","color":"#0059a9","colorDark":"#00294f","band":1,"off":[1.7,1.1]}},{"type":"Feature","geometry":{"type":"Point","coordinates":[17.014397,51.067665]},"properties":{"name":"Wojszycka","band":1,"modes":"bus","arr":["126"],"off":[0,-0.8]}},{"type":"Feature","geometry":{"type":"Point","coordinates":[17.014397,51.067665]},"properties":{"line":"126","mode":"bus","color":"#0059a9","colorDark":"#00294f","band":1,"off":[0,1.1]}},{"type":"Feature","geometry":{"type":"Point","coordinates":[16.968755,51.137525]},"properties":{"name":"KOZANÓW","band":1,"modes":"bus","arr":["126","136","246"],"off":[0,-0.8]}},{"type":"Feature","geometry":{"type":"Point","coordinates":[16.968755,51.137525]},"properties":{"line":"126","mode":"bus","color":"#0059a9","colorDark":"#00294f","band":1,"off":[-3.4,1.1]}},{"type":"Feature","geometry":{"type":"Point","coordinates":[16.968755,51.137525]},"properties":{"line":"136","mode":"bus","color":"#0059a9","colorDark":"#00294f","band":1,"off":[0,1.1]}},{"type":"Feature","geometry":{"type":"Point","coordinates":[16.968755,51.137525]},"properties":{"line":"246","mode":"bus","color":"#000000","colorDark":"#000000","band":1,"off":[3.4,1.1]}},{"type":"Feature","geometry":{"type":"Point","coordinates":[17.011543,51.059154]},"properties":{"name":"ZWYCIĘSKA","band":1,"modes":"bus","arr":["127","144","259"],"off":[0,-0.8]}},{"type":"Feature","geometry":{"type":"Point","coordinates":[17.011543,51.059154]},"properties":{"line":"127","mode":"bus","color":"#0059a9","colorDark":"#00294f","band":1,"off":[-3.4,1.1]}},{"type":"Feature","geometry":{"type":"Point","coordinates":[17.011543,51.059154]},"properties":{"line":"144","mode":"bus","color":"#0059a9","colorDark":"#00294f","band":1,"off":[0,1.1]}},{"type":"Feature","geometry":{"type":"Point","coordinates":[17.011543,51.059154]},"properties":{"line":"259","mode":"bus","color":"#000000","colorDark":"#000000","band":1,"off":[3.4,1.1]}},{"type":"Feature","geometry":{"type":"Point","coordinates":[16.927865,51.157501]},"properties":{"name":"KOZIA","band":1,"modes":"bus","arr":["127"],"off":[0,-0.8]}},{"type":"Feature","geometry":{"type":"Point","coordinates":[16.927865,51.157501]},"properties":{"line":"127","mode":"bus","color":"#0059a9","colorDark":"#00294f","band":1,"off":[0,1.1]}},{"type":"Feature","geometry":{"type":"Point","coordinates":[17.124619,51.162031]},"properties":{"name":"ZAKRZÓW","band":1,"modes":"bus","arr":["128"],"off":[0,-0.8]}},{"type":"Feature","geometry":{"type":"Point","coordinates":[17.124619,51.162031]},"properties":{"line":"128","mode":"bus","color":"#0059a9","colorDark":"#00294f","band":1,"off":[0,1.1]}},{"type":"Feature","geometry":{"type":"Point","coordinates":[17.03222,51.156574]},"properties":{"name":"POŚWIĘCKA (Ośrodek zdrowia)","band":1,"modes":"bus","arr":["129","248"],"off":[0,-0.8]}},{"type":"Feature","geometry":{"type":"Point","coordinates":[17.03222,51.156574]},"properties":{"line":"129","mode":"bus","color":"#0059a9","colorDark":"#00294f","band":1,"off":[-1.7,1.1]}},{"type":"Feature","geometry":{"type":"Point","coordinates":[17.03222,51.156574]},"properties":{"line":"248","mode":"bus","color":"#000000","colorDark":"#000000","band":1,"off":[1.7,1.1]}},{"type":"Feature","geometry":{"type":"Point","coordinates":[17.047241,51.166005]},"properties":{"name":"POLANOWICE","band":1,"modes":"bus","arr":["130","144","247"],"off":[0,-0.8]}},{"type":"Feature","geometry":{"type":"Point","coordinates":[17.047241,51.166005]},"properties":{"line":"130","mode":"bus","color":"#0059a9","colorDark":"#00294f","band":1,"off":[-3.4,1.1]}},{"type":"Feature","geometry":{"type":"Point","coordinates":[17.047241,51.166005]},"properties":{"line":"144","mode":"bus","color":"#0059a9","colorDark":"#00294f","band":1,"off":[0,1.1]}},{"type":"Feature","geometry":{"type":"Point","coordinates":[17.047241,51.166005]},"properties":{"line":"247","mode":"bus","color":"#000000","colorDark":"#000000","band":1,"off":[3.4,1.1]}},{"type":"Feature","geometry":{"type":"Point","coordinates":[16.971731,51.084194]},"properties":{"name":"OPORÓW","band":1,"modes":"tram,bus","arr":["4","11","20","132","907","947","257"],"off":[0,-0.8]}},{"type":"Feature","geometry":{"type":"Point","coordinates":[16.971731,51.084194]},"properties":{"line":"4","mode":"tram","color":"#d6212b","colorDark":"#7c1116","band":1,"off":[-6.8,1.1]}},{"type":"Feature","geometry":{"type":"Point","coordinates":[16.971731,51.084194]},"properties":{"line":"11","mode":"tram","color":"#d6212b","colorDark":"#7c1116","band":1,"off":[-3.4,1.1]}},{"type":"Feature","geometry":{"type":"Point","coordinates":[16.971731,51.084194]},"properties":{"line":"20","mode":"tram","color":"#d6212b","colorDark":"#7c1116","band":1,"off":[0,1.1]}},{"type":"Feature","geometry":{"type":"Point","coordinates":[16.971731,51.084194]},"properties":{"line":"132","mode":"bus","color":"#0059a9","colorDark":"#00294f","band":1,"off":[3.4,1.1]}},{"type":"Feature","geometry":{"type":"Point","coordinates":[16.971731,51.084194]},"properties":{"line":"907","mode":"bus","color":"#0059a9","colorDark":"#00294f","band":1,"off":[6.8,1.1]}},{"type":"Feature","geometry":{"type":"Point","coordinates":[16.971731,51.084194]},"properties":{"line":"947","mode":"bus","color":"#0059a9","colorDark":"#00294f","band":1,"off":[-1.7,3.1]}},{"type":"Feature","geometry":{"type":"Point","coordinates":[16.971731,51.084194]},"properties":{"line":"257","mode":"bus","color":"#000000","colorDark":"#000000","band":1,"off":[1.7,3.1]}},{"type":"Feature","geometry":{"type":"Point","coordinates":[17.098916,51.066791]},"properties":{"name":"Zajezdnia TYSKA","band":1,"modes":"bus","arr":["133","134","310","240"],"off":[0,-0.8]}},{"type":"Feature","geometry":{"type":"Point","coordinates":[17.098916,51.066791]},"properties":{"line":"133","mode":"bus","color":"#0059a9","colorDark":"#00294f","band":1,"off":[-5.1,1.1]}},{"type":"Feature","geometry":{"type":"Point","coordinates":[17.098916,51.066791]},"properties":{"line":"134","mode":"bus","color":"#0059a9","colorDark":"#00294f","band":1,"off":[-1.7,1.1]}},{"type":"Feature","geometry":{"type":"Point","coordinates":[17.098916,51.066791]},"properties":{"line":"310","mode":"bus","color":"#0059a9","colorDark":"#00294f","band":1,"off":[1.7,1.1]}},{"type":"Feature","geometry":{"type":"Point","coordinates":[17.098916,51.066791]},"properties":{"line":"240","mode":"bus","color":"#000000","colorDark":"#000000","band":1,"off":[5.1,1.1]}},{"type":"Feature","geometry":{"type":"Point","coordinates":[16.977459,51.055279]},"properties":{"name":"ROD Bielany","band":1,"modes":"bus","arr":["133"],"off":[0,-0.8]}},{"type":"Feature","geometry":{"type":"Point","coordinates":[16.977459,51.055279]},"properties":{"line":"133","mode":"bus","color":"#0059a9","colorDark":"#00294f","band":1,"off":[0,1.1]}},{"type":"Feature","geometry":{"type":"Point","coordinates":[16.961252,51.04792]},"properties":{"name":"C.H. Aleja Bielany","band":1,"modes":"bus","arr":["133"],"off":[0,-0.8]}},{"type":"Feature","geometry":{"type":"Point","coordinates":[16.961252,51.04792]},"properties":{"line":"133","mode":"bus","color":"#0059a9","colorDark":"#00294f","band":1,"off":[0,1.1]}},{"type":"Feature","geometry":{"type":"Point","coordinates":[16.833592,51.176044]},"properties":{"name":"LAS MOKRZAŃSKI","band":1,"modes":"bus","arr":["137"],"off":[0,-0.8]}},{"type":"Feature","geometry":{"type":"Point","coordinates":[16.833592,51.176044]},"properties":{"line":"137","mode":"bus","color":"#0059a9","colorDark":"#00294f","band":1,"off":[0,1.1]}},{"type":"Feature","geometry":{"type":"Point","coordinates":[16.834577,51.149781]},"properties":{"name":"ŻAR","band":1,"modes":"bus","arr":["138"],"off":[0,-0.8]}},{"type":"Feature","geometry":{"type":"Point","coordinates":[16.834577,51.149781]},"properties":{"line":"138","mode":"bus","color":"#0059a9","colorDark":"#00294f","band":1,"off":[0,1.1]}},{"type":"Feature","geometry":{"type":"Point","coordinates":[16.843934,51.121395]},"properties":{"name":"JARNOŁTÓW","band":1,"modes":"bus","arr":["142","249"],"off":[0,-0.8]}},{"type":"Feature","geometry":{"type":"Point","coordinates":[16.843934,51.121395]},"properties":{"line":"142","mode":"bus","color":"#0059a9","colorDark":"#00294f","band":1,"off":[-1.7,1.1]}},{"type":"Feature","geometry":{"type":"Point","coordinates":[16.843934,51.121395]},"properties":{"line":"249","mode":"bus","color":"#000000","colorDark":"#000000","band":1,"off":[1.7,1.1]}},{"type":"Feature","geometry":{"type":"Point","coordinates":[17.116502,51.102176]},"properties":{"name":"BARTOSZOWICE","band":1,"modes":"bus","arr":["143","145","345","255"],"off":[0,-0.8]}},{"type":"Feature","geometry":{"type":"Point","coordinates":[17.116502,51.102176]},"properties":{"line":"143","mode":"bus","color":"#0059a9","colorDark":"#00294f","band":1,"off":[-5.1,1.1]}},{"type":"Feature","geometry":{"type":"Point","coordinates":[17.116502,51.102176]},"properties":{"line":"145","mode":"bus","color":"#0059a9","colorDark":"#00294f","band":1,"off":[-1.7,1.1]}},{"type":"Feature","geometry":{"type":"Point","coordinates":[17.116502,51.102176]},"properties":{"line":"345","mode":"bus","color":"#0059a9","colorDark":"#00294f","band":1,"off":[1.7,1.1]}},{"type":"Feature","geometry":{"type":"Point","coordinates":[17.116502,51.102176]},"properties":{"line":"255","mode":"bus","color":"#000000","colorDark":"#000000","band":1,"off":[5.1,1.1]}},{"type":"Feature","geometry":{"type":"Point","coordinates":[17.105899,51.101554]},"properties":{"name":"Spółdzielcza","band":1,"modes":"tram,bus","arr":["1","2","4","10","146"],"off":[0,-0.8]}},{"type":"Feature","geometry":{"type":"Point","coordinates":[17.105899,51.101554]},"properties":{"name":"BISKUPIN","band":1,"modes":"tram,bus","arr":["1","2","4","10","146"],"off":[0,-1.9]}},{"type":"Feature","geometry":{"type":"Point","coordinates":[17.105899,51.101554]},"properties":{"line":"1","mode":"tram","color":"#d6212b","colorDark":"#7c1116","band":1,"off":[-6.8,1.1]}},{"type":"Feature","geometry":{"type":"Point","coordinates":[17.105899,51.101554]},"properties":{"line":"2","mode":"tram","color":"#d6212b","colorDark":"#7c1116","band":1,"off":[-3.4,1.1]}},{"type":"Feature","geometry":{"type":"Point","coordinates":[17.105899,51.101554]},"properties":{"line":"4","mode":"tram","color":"#d6212b","colorDark":"#7c1116","band":1,"off":[0,1.1]}},{"type":"Feature","geometry":{"type":"Point","coordinates":[17.105899,51.101554]},"properties":{"line":"10","mode":"tram","color":"#d6212b","colorDark":"#7c1116","band":1,"off":[3.4,1.1]}},{"type":"Feature","geometry":{"type":"Point","coordinates":[17.105899,51.101554]},"properties":{"line":"146","mode":"bus","color":"#0059a9","colorDark":"#00294f","band":1,"off":[6.8,1.1]}},{"type":"Feature","geometry":{"type":"Point","coordinates":[17.104509,51.153708]},"properties":{"name":"ROD Pod Dębem","band":1,"modes":"bus","arr":["147","747"],"off":[0,-0.8]}},{"type":"Feature","geometry":{"type":"Point","coordinates":[17.104509,51.153708]},"properties":{"line":"147","mode":"bus","color":"#0059a9","colorDark":"#00294f","band":1,"off":[-1.7,1.1]}},{"type":"Feature","geometry":{"type":"Point","coordinates":[17.104509,51.153708]},"properties":{"line":"747","mode":"bus","color":"#0059a9","colorDark":"#00294f","band":1,"off":[1.7,1.1]}},{"type":"Feature","geometry":{"type":"Point","coordinates":[16.950078,51.123345]},"properties":{"name":"KUŹNIKI","band":1,"modes":"bus","arr":["149"],"off":[0,-0.8]}},{"type":"Feature","geometry":{"type":"Point","coordinates":[16.950078,51.123345]},"properties":{"line":"149","mode":"bus","color":"#0059a9","colorDark":"#00294f","band":1,"off":[0,1.1]}},{"type":"Feature","geometry":{"type":"Point","coordinates":[17.116372,51.173356]},"properties":{"name":"PAWŁOWICE (Widawska)","band":1,"modes":"bus","arr":["151","241"],"off":[0,-0.8]}},{"type":"Feature","geometry":{"type":"Point","coordinates":[17.116372,51.173356]},"properties":{"line":"151","mode":"bus","color":"#0059a9","colorDark":"#00294f","band":1,"off":[-1.7,1.1]}},{"type":"Feature","geometry":{"type":"Point","coordinates":[17.116372,51.173356]},"properties":{"line":"241","mode":"bus","color":"#000000","colorDark":"#000000","band":1,"off":[1.7,1.1]}},{"type":"Feature","geometry":{"type":"Point","coordinates":[16.989628,51.082061]},"properties":{"name":"BLACHARSKA","band":1,"modes":"bus","arr":["152"],"off":[0,-0.8]}},{"type":"Feature","geometry":{"type":"Point","coordinates":[16.989628,51.082061]},"properties":{"line":"152","mode":"bus","color":"#0059a9","colorDark":"#00294f","band":1,"off":[0,1.1]}},{"type":"Feature","geometry":{"type":"Point","coordinates":[17.128092,51.114714]},"properties":{"name":"SWOJCZYCE","band":1,"modes":"bus","arr":["315","715"],"off":[0,-0.8]}},{"type":"Feature","geometry":{"type":"Point","coordinates":[17.128092,51.114714]},"properties":{"line":"315","mode":"bus","color":"#0059a9","colorDark":"#00294f","band":1,"off":[-1.7,1.1]}},{"type":"Feature","geometry":{"type":"Point","coordinates":[17.128092,51.114714]},"properties":{"line":"715","mode":"bus","color":"#0059a9","colorDark":"#00294f","band":1,"off":[1.7,1.1]}},{"type":"Feature","geometry":{"type":"Point","coordinates":[17.043148,51.150709]},"properties":{"name":"KAMIEŃSKIEGO (pętla)","band":1,"modes":"bus","arr":["319","K"],"off":[0,-0.8]}},{"type":"Feature","geometry":{"type":"Point","coordinates":[17.043148,51.150709]},"properties":{"line":"319","mode":"bus","color":"#0059a9","colorDark":"#00294f","band":1,"off":[-1.7,1.1]}},{"type":"Feature","geometry":{"type":"Point","coordinates":[17.043148,51.150709]},"properties":{"line":"K","mode":"bus","color":"#0059a9","colorDark":"#00294f","band":1,"off":[1.7,1.1]}},{"type":"Feature","geometry":{"type":"Point","coordinates":[17.090088,51.116856]},"properties":{"name":"Stadion Olimpijski","band":1,"modes":"tram,bus","arr":["13","345","715","941","253"],"off":[0,-0.8]}},{"type":"Feature","geometry":{"type":"Point","coordinates":[17.090088,51.116856]},"properties":{"line":"13","mode":"tram","color":"#d6212b","colorDark":"#7c1116","band":1,"off":[-6.8,1.1]}},{"type":"Feature","geometry":{"type":"Point","coordinates":[17.090088,51.116856]},"properties":{"line":"345","mode":"bus","color":"#0059a9","colorDark":"#00294f","band":1,"off":[-3.4,1.1]}},{"type":"Feature","geometry":{"type":"Point","coordinates":[17.090088,51.116856]},"properties":{"line":"715","mode":"bus","color":"#0059a9","colorDark":"#00294f","band":1,"off":[0,1.1]}},{"type":"Feature","geometry":{"type":"Point","coordinates":[17.090088,51.116856]},"properties":{"line":"941","mode":"bus","color":"#0059a9","colorDark":"#00294f","band":1,"off":[3.4,1.1]}},{"type":"Feature","geometry":{"type":"Point","coordinates":[17.090088,51.116856]},"properties":{"line":"253","mode":"bus","color":"#000000","colorDark":"#000000","band":1,"off":[6.8,1.1]}},{"type":"Feature","geometry":{"type":"Point","coordinates":[16.880629,51.017242]},"properties":{"name":"Biskupice Podg. LG Energy Solution Wr. I","band":1,"modes":"bus","arr":["602","607"],"off":[0,-0.8]}},{"type":"Feature","geometry":{"type":"Point","coordinates":[16.880629,51.017242]},"properties":{"line":"602","mode":"bus","color":"#0059a9","colorDark":"#00294f","band":1,"off":[-1.7,1.1]}},{"type":"Feature","geometry":{"type":"Point","coordinates":[16.880629,51.017242]},"properties":{"line":"607","mode":"bus","color":"#0059a9","colorDark":"#00294f","band":1,"off":[1.7,1.1]}},{"type":"Feature","geometry":{"type":"Point","coordinates":[17.096284,51.156951]},"properties":{"name":"KŁOKOCZYCE","band":1,"modes":"bus","arr":["747"],"off":[0,-0.8]}},{"type":"Feature","geometry":{"type":"Point","coordinates":[17.096284,51.156951]},"properties":{"line":"747","mode":"bus","color":"#0059a9","colorDark":"#00294f","band":1,"off":[0,1.1]}},{"type":"Feature","geometry":{"type":"Point","coordinates":[17.04015,50.980071]},"properties":{"name":"Żórawina - Niepodległości (Mostek)","band":1,"modes":"bus","arr":["903"],"off":[0,-0.8]}},{"type":"Feature","geometry":{"type":"Point","coordinates":[17.04015,50.980071]},"properties":{"name":"Żórawina - kościół Św. Trójcy","band":1,"modes":"bus","arr":["903"],"off":[0,-3]}},{"type":"Feature","geometry":{"type":"Point","coordinates":[17.04015,50.980071]},"properties":{"line":"903","mode":"bus","color":"#0059a9","colorDark":"#00294f","band":1,"off":[0,1.1]}},{"type":"Feature","geometry":{"type":"Point","coordinates":[17.176443,51.232662]},"properties":{"name":"Łozina - skrzy.","band":1,"modes":"bus","arr":["904","941"],"off":[0,-0.8]}},{"type":"Feature","geometry":{"type":"Point","coordinates":[17.176443,51.232662]},"properties":{"name":"Łozina - Milicka/poczta","band":1,"modes":"bus","arr":["904","941"],"off":[0,-1.9]}},{"type":"Feature","geometry":{"type":"Point","coordinates":[17.176443,51.232662]},"properties":{"name":"Łozina - Kościół","band":1,"modes":"bus","arr":["904","941"],"off":[0,-4.1]}},{"type":"Feature","geometry":{"type":"Point","coordinates":[17.176443,51.232662]},"properties":{"line":"904","mode":"bus","color":"#0059a9","colorDark":"#00294f","band":1,"off":[-1.7,1.1]}},{"type":"Feature","geometry":{"type":"Point","coordinates":[17.176443,51.232662]},"properties":{"line":"941","mode":"bus","color":"#0059a9","colorDark":"#00294f","band":1,"off":[1.7,1.1]}},{"type":"Feature","geometry":{"type":"Point","coordinates":[17.238475,51.221135]},"properties":{"name":"Januszkowice - Wrocławska","band":1,"modes":"bus","arr":["928"],"off":[0,-0.8]}},{"type":"Feature","geometry":{"type":"Point","coordinates":[17.238475,51.221135]},"properties":{"line":"928","mode":"bus","color":"#0059a9","colorDark":"#00294f","band":1,"off":[0,1.1]}},{"type":"Feature","geometry":{"type":"Point","coordinates":[16.978052,51.238922]},"properties":{"name":"Ozorowice","band":1,"modes":"bus","arr":["905"],"off":[0,-0.8]}},{"type":"Feature","geometry":{"type":"Point","coordinates":[16.978052,51.238922]},"properties":{"line":"905","mode":"bus","color":"#0059a9","colorDark":"#00294f","band":1,"off":[0,1.1]}},{"type":"Feature","geometry":{"type":"Point","coordinates":[16.837446,51.051285]},"properties":{"name":"Sadków - Szkolna/szkoła","band":1,"modes":"bus","arr":["907"],"off":[0,-0.8]}},{"type":"Feature","geometry":{"type":"Point","coordinates":[16.837446,51.051285]},"properties":{"line":"907","mode":"bus","color":"#0059a9","colorDark":"#00294f","band":1,"off":[0,1.1]}},{"type":"Feature","geometry":{"type":"Point","coordinates":[17.038982,51.207104]},"properties":{"name":"Kryniczno - Kościół","band":1,"modes":"bus","arr":["908"],"off":[0,-0.8]}},{"type":"Feature","geometry":{"type":"Point","coordinates":[17.038982,51.207104]},"properties":{"line":"908","mode":"bus","color":"#0059a9","colorDark":"#00294f","band":1,"off":[0,1.1]}},{"type":"Feature","geometry":{"type":"Point","coordinates":[16.771247,51.087763]},"properties":{"name":"Bogdaszowice - Słoneczna","band":1,"modes":"bus","arr":["909"],"off":[0,-0.8]}},{"type":"Feature","geometry":{"type":"Point","coordinates":[16.771247,51.087763]},"properties":{"line":"909","mode":"bus","color":"#0059a9","colorDark":"#00294f","band":1,"off":[0,1.1]}},{"type":"Feature","geometry":{"type":"Point","coordinates":[17.217523,51.144533]},"properties":{"name":"Piecowice","band":1,"modes":"bus","arr":["911"],"off":[0,-0.8]}},{"type":"Feature","geometry":{"type":"Point","coordinates":[17.217523,51.144533]},"properties":{"line":"911","mode":"bus","color":"#0059a9","colorDark":"#00294f","band":1,"off":[0,1.1]}},{"type":"Feature","geometry":{"type":"Point","coordinates":[17.003667,50.982886]},"properties":{"name":"Galowice - Muzeum Powozów","band":1,"modes":"bus","arr":["913"],"off":[0,-0.8]}},{"type":"Feature","geometry":{"type":"Point","coordinates":[17.003667,50.982886]},"properties":{"line":"913","mode":"bus","color":"#0059a9","colorDark":"#00294f","band":1,"off":[0,1.1]}},{"type":"Feature","geometry":{"type":"Point","coordinates":[17.134234,51.188612]},"properties":{"name":"Pruszowice","band":1,"modes":"bus","arr":["914"],"off":[0,-0.8]}},{"type":"Feature","geometry":{"type":"Point","coordinates":[17.134234,51.188612]},"properties":{"line":"914","mode":"bus","color":"#0059a9","colorDark":"#00294f","band":1,"off":[0,1.1]}},{"type":"Feature","geometry":{"type":"Point","coordinates":[16.810747,51.111862]},"properties":{"name":"GAŁÓW (pętla)","band":1,"modes":"bus","arr":["917"],"off":[0,-0.8]}},{"type":"Feature","geometry":{"type":"Point","coordinates":[16.810747,51.111862]},"properties":{"line":"917","mode":"bus","color":"#0059a9","colorDark":"#00294f","band":1,"off":[0,1.1]}},{"type":"Feature","geometry":{"type":"Point","coordinates":[17.262829,51.0627]},"properties":{"name":"Wojnowice - pętla","band":1,"modes":"bus","arr":["920"],"off":[0,-0.8]}},{"type":"Feature","geometry":{"type":"Point","coordinates":[17.262829,51.0627]},"properties":{"line":"920","mode":"bus","color":"#0059a9","colorDark":"#00294f","band":1,"off":[0,1.1]}},{"type":"Feature","geometry":{"type":"Point","coordinates":[17.213372,51.128798]},"properties":{"name":"Śliwice","band":1,"modes":"bus","arr":["921"],"off":[0,-0.8]}},{"type":"Feature","geometry":{"type":"Point","coordinates":[17.213372,51.128798]},"properties":{"line":"921","mode":"bus","color":"#0059a9","colorDark":"#00294f","band":1,"off":[0,1.1]}},{"type":"Feature","geometry":{"type":"Point","coordinates":[16.826486,51.203192]},"properties":{"name":"BRZEZINA (pętla)","band":1,"modes":"bus","arr":["923"],"off":[0,-0.8]}},{"type":"Feature","geometry":{"type":"Point","coordinates":[16.826486,51.203192]},"properties":{"line":"923","mode":"bus","color":"#0059a9","colorDark":"#00294f","band":1,"off":[0,1.1]}},{"type":"Feature","geometry":{"type":"Point","coordinates":[16.837428,51.21919]},"properties":{"name":"Brzezinka Średzka - PKP","band":1,"modes":"bus","arr":["937"],"off":[0,-0.8]}},{"type":"Feature","geometry":{"type":"Point","coordinates":[16.837428,51.21919]},"properties":{"line":"937","mode":"bus","color":"#0059a9","colorDark":"#00294f","band":1,"off":[0,1.1]}},{"type":"Feature","geometry":{"type":"Point","coordinates":[17.285559,51.213412]},"properties":{"name":"Stępin - Kościół","band":1,"modes":"bus","arr":["924"],"off":[0,-0.8]}},{"type":"Feature","geometry":{"type":"Point","coordinates":[17.285559,51.213412]},"properties":{"line":"924","mode":"bus","color":"#0059a9","colorDark":"#00294f","band":1,"off":[0,1.1]}},{"type":"Feature","geometry":{"type":"Point","coordinates":[16.907934,51.088354]},"properties":{"name":"Smolec - Wiśniowa","band":1,"modes":"bus","arr":["927","967"],"off":[0,-0.8]}},{"type":"Feature","geometry":{"type":"Point","coordinates":[16.907934,51.088354]},"properties":{"line":"927","mode":"bus","color":"#0059a9","colorDark":"#00294f","band":1,"off":[-1.7,1.1]}},{"type":"Feature","geometry":{"type":"Point","coordinates":[16.907934,51.088354]},"properties":{"line":"967","mode":"bus","color":"#0059a9","colorDark":"#00294f","band":1,"off":[1.7,1.1]}},{"type":"Feature","geometry":{"type":"Point","coordinates":[17.130111,51.24057]},"properties":{"name":"Godzieszowa - transformator","band":1,"modes":"bus","arr":["930","931"],"off":[0,-0.8]}},{"type":"Feature","geometry":{"type":"Point","coordinates":[17.130111,51.24057]},"properties":{"line":"930","mode":"bus","color":"#0059a9","colorDark":"#00294f","band":1,"off":[-1.7,1.1]}},{"type":"Feature","geometry":{"type":"Point","coordinates":[17.130111,51.24057]},"properties":{"line":"931","mode":"bus","color":"#0059a9","colorDark":"#00294f","band":1,"off":[1.7,1.1]}},{"type":"Feature","geometry":{"type":"Point","coordinates":[17.186016,51.118955]},"properties":{"name":"Kiełczówek - pętla","band":1,"modes":"bus","arr":["931"],"off":[0,-0.8]}},{"type":"Feature","geometry":{"type":"Point","coordinates":[17.186016,51.118955]},"properties":{"line":"931","mode":"bus","color":"#0059a9","colorDark":"#00294f","band":1,"off":[0,1.1]}},{"type":"Feature","geometry":{"type":"Point","coordinates":[16.945503,51.056806]},"properties":{"name":"Zabrodzie - pętla","band":1,"modes":"bus","arr":["933"],"off":[0,-0.8]}},{"type":"Feature","geometry":{"type":"Point","coordinates":[16.945503,51.056806]},"properties":{"line":"933","mode":"bus","color":"#0059a9","colorDark":"#00294f","band":1,"off":[0,1.1]}},{"type":"Feature","geometry":{"type":"Point","coordinates":[16.740389,51.121477]},"properties":{"name":"Łowęcice - Staw","band":1,"modes":"bus","arr":["938"],"off":[0,-0.8]}},{"type":"Feature","geometry":{"type":"Point","coordinates":[16.740389,51.121477]},"properties":{"line":"938","mode":"bus","color":"#0059a9","colorDark":"#00294f","band":1,"off":[0,1.1]}},{"type":"Feature","geometry":{"type":"Point","coordinates":[17.169617,51.159098]},"properties":{"name":"Mirków - skrzy. Polna pętla","band":1,"modes":"bus","arr":["944"],"off":[0,-0.8]}},{"type":"Feature","geometry":{"type":"Point","coordinates":[17.169617,51.159098]},"properties":{"line":"944","mode":"bus","color":"#0059a9","colorDark":"#00294f","band":1,"off":[0,1.1]}},{"type":"Feature","geometry":{"type":"Point","coordinates":[17.308509,51.096392]},"properties":{"name":"Chrząstawa Wielka - pętla","band":1,"modes":"bus","arr":["945"],"off":[0,-0.8]}},{"type":"Feature","geometry":{"type":"Point","coordinates":[17.308509,51.096392]},"properties":{"line":"945","mode":"bus","color":"#0059a9","colorDark":"#00294f","band":1,"off":[0,1.1]}},{"type":"Feature","geometry":{"type":"Point","coordinates":[16.823737,51.077017]},"properties":{"name":"Małkowice - Główna","band":1,"modes":"bus","arr":["947"],"off":[0,-0.8]}},{"type":"Feature","geometry":{"type":"Point","coordinates":[16.823737,51.077017]},"properties":{"line":"947","mode":"bus","color":"#0059a9","colorDark":"#00294f","band":1,"off":[0,1.1]}},{"type":"Feature","geometry":{"type":"Point","coordinates":[16.738204,51.193811]},"properties":{"name":"Miękinia - pętla","band":1,"modes":"bus","arr":["948"],"off":[0,-0.8]}},{"type":"Feature","geometry":{"type":"Point","coordinates":[16.738204,51.193811]},"properties":{"line":"948","mode":"bus","color":"#0059a9","colorDark":"#00294f","band":1,"off":[0,1.1]}},{"type":"Feature","geometry":{"type":"Point","coordinates":[17.27837,51.033392]},"properties":{"name":"Ratowice - pętla","band":1,"modes":"bus","arr":["955"],"off":[0,-0.8]}},{"type":"Feature","geometry":{"type":"Point","coordinates":[17.27837,51.033392]},"properties":{"line":"955","mode":"bus","color":"#0059a9","colorDark":"#00294f","band":1,"off":[0,1.1]}},{"type":"Feature","geometry":{"type":"Point","coordinates":[16.762221,51.242269]},"properties":{"name":"Księginice P&R","band":1,"modes":"bus","arr":["958"],"off":[0,-0.8]}},{"type":"Feature","geometry":{"type":"Point","coordinates":[16.762221,51.242269]},"properties":{"line":"958","mode":"bus","color":"#0059a9","colorDark":"#00294f","band":1,"off":[0,1.1]}},{"type":"Feature","geometry":{"type":"Point","coordinates":[17.272124,51.121811]},"properties":{"name":"Brzezia Łąka - Główna pętla","band":1,"modes":"bus","arr":["961"],"off":[0,-0.8]}},{"type":"Feature","geometry":{"type":"Point","coordinates":[17.272124,51.121811]},"properties":{"line":"961","mode":"bus","color":"#0059a9","colorDark":"#00294f","band":1,"off":[0,1.1]}},{"type":"Feature","geometry":{"type":"Point","coordinates":[17.275189,51.155959]},"properties":{"name":"Raków IV","band":1,"modes":"bus","arr":["964"],"off":[0,-0.8]}},{"type":"Feature","geometry":{"type":"Point","coordinates":[17.275189,51.155959]},"properties":{"line":"964","mode":"bus","color":"#0059a9","colorDark":"#00294f","band":1,"off":[0,1.1]}},{"type":"Feature","geometry":{"type":"Point","coordinates":[17.030688,51.092096]},"properties":{"name":"PETRUSEWICZA","band":1,"modes":"bus","arr":["206","242","244"],"off":[0,-0.8]}},{"type":"Feature","geometry":{"type":"Point","coordinates":[17.030688,51.092096]},"properties":{"line":"206","mode":"bus","color":"#000000","colorDark":"#000000","band":1,"off":[-3.4,1.1]}},{"type":"Feature","geometry":{"type":"Point","coordinates":[17.030688,51.092096]},"properties":{"line":"242","mode":"bus","color":"#000000","colorDark":"#000000","band":1,"off":[0,1.1]}},{"type":"Feature","geometry":{"type":"Point","coordinates":[17.030688,51.092096]},"properties":{"line":"244","mode":"bus","color":"#000000","colorDark":"#000000","band":1,"off":[3.4,1.1]}},{"type":"Feature","geometry":{"type":"Point","coordinates":[17.102432,51.127917]},"properties":{"name":"KOWALE","band":1,"modes":"tram,bus","arr":["8","23","24","242"],"off":[0,-0.8]}},{"type":"Feature","geometry":{"type":"Point","coordinates":[17.102432,51.127917]},"properties":{"line":"8","mode":"tram","color":"#d6212b","colorDark":"#7c1116","band":1,"off":[-5.1,1.1]}},{"type":"Feature","geometry":{"type":"Point","coordinates":[17.102432,51.127917]},"properties":{"line":"23","mode":"tram","color":"#d6212b","colorDark":"#7c1116","band":1,"off":[-1.7,1.1]}},{"type":"Feature","geometry":{"type":"Point","coordinates":[17.102432,51.127917]},"properties":{"line":"24","mode":"tram","color":"#d6212b","colorDark":"#7c1116","band":1,"off":[1.7,1.1]}},{"type":"Feature","geometry":{"type":"Point","coordinates":[17.102432,51.127917]},"properties":{"line":"242","mode":"bus","color":"#000000","colorDark":"#000000","band":1,"off":[5.1,1.1]}},{"type":"Feature","geometry":{"type":"Point","coordinates":[17.077863,51.105521]},"properties":{"name":"ZOO","band":1,"modes":"tram","arr":["0","19","T"],"off":[0,-0.8]}},{"type":"Feature","geometry":{"type":"Point","coordinates":[17.077863,51.105521]},"properties":{"line":"0","mode":"tram","color":"#d6212b","colorDark":"#7c1116","band":1,"off":[-3.4,1.1]}},{"type":"Feature","geometry":{"type":"Point","coordinates":[17.077863,51.105521]},"properties":{"line":"19","mode":"tram","color":"#d6212b","colorDark":"#7c1116","band":1,"off":[0,1.1]}},{"type":"Feature","geometry":{"type":"Point","coordinates":[17.077863,51.105521]},"properties":{"line":"T","mode":"tram","color":"#d6212b","colorDark":"#7c1116","band":1,"off":[3.4,1.1]}},{"type":"Feature","geometry":{"type":"Point","coordinates":[17.028711,51.150236]},"properties":{"name":"POŚWIĘTNE","band":1,"modes":"tram","arr":["1","7","15"],"off":[0,-0.8]}},{"type":"Feature","geometry":{"type":"Point","coordinates":[17.028711,51.150236]},"properties":{"line":"1","mode":"tram","color":"#d6212b","colorDark":"#7c1116","band":1,"off":[-3.4,1.1]}},{"type":"Feature","geometry":{"type":"Point","coordinates":[17.028711,51.150236]},"properties":{"line":"7","mode":"tram","color":"#d6212b","colorDark":"#7c1116","band":1,"off":[0,1.1]}},{"type":"Feature","geometry":{"type":"Point","coordinates":[17.028711,51.150236]},"properties":{"line":"15","mode":"tram","color":"#d6212b","colorDark":"#7c1116","band":1,"off":[3.4,1.1]}},{"type":"Feature","geometry":{"type":"Point","coordinates":[16.950602,51.136012]},"properties":{"name":"PILCZYCE","band":1,"modes":"tram","arr":["22","24"],"off":[0,-0.8]}},{"type":"Feature","geometry":{"type":"Point","coordinates":[16.950602,51.136012]},"properties":{"line":"22","mode":"tram","color":"#d6212b","colorDark":"#7c1116","band":1,"off":[-1.7,1.1]}},{"type":"Feature","geometry":{"type":"Point","coordinates":[16.950602,51.136012]},"properties":{"line":"24","mode":"tram","color":"#d6212b","colorDark":"#7c1116","band":1,"off":[1.7,1.1]}},{"type":"Feature","geometry":{"type":"Point","coordinates":[17.031905,51.107397]},"properties":{"name":"Świdnicka","band":1,"modes":"tram","arr":["12"],"off":[0,-0.8]}},{"type":"Feature","geometry":{"type":"Point","coordinates":[17.031905,51.107397]},"properties":{"line":"12","mode":"tram","color":"#d6212b","colorDark":"#7c1116","band":1,"off":[0,1.1]}},{"type":"Feature","geometry":{"type":"Point","coordinates":[17.083531,51.077664]},"properties":{"name":"KSIĘŻE MAŁE","band":1,"modes":"tram","arr":["3","5"],"off":[0,-0.8]}},{"type":"Feature","geometry":{"type":"Point","coordinates":[17.083531,51.077664]},"properties":{"line":"3","mode":"tram","color":"#d6212b","colorDark":"#7c1116","band":1,"off":[-1.7,1.1]}},{"type":"Feature","geometry":{"type":"Point","coordinates":[17.083531,51.077664]},"properties":{"line":"5","mode":"tram","color":"#d6212b","colorDark":"#7c1116","band":1,"off":[1.7,1.1]}},{"type":"Feature","geometry":{"type":"Point","coordinates":[16.976783,51.090372]},"properties":{"name":"GRABISZYŃSKA (Cmentarz)","band":1,"modes":"tram","arr":["5"],"off":[0,-0.8]}},{"type":"Feature","geometry":{"type":"Point","coordinates":[16.976783,51.090372]},"properties":{"line":"5","mode":"tram","color":"#d6212b","colorDark":"#7c1116","band":1,"off":[0,1.1]}},{"type":"Feature","geometry":{"type":"Point","coordinates":[16.987397,51.065691]},"properties":{"name":"KLECINA","band":1,"modes":"tram","arr":["7","17"],"off":[0,-0.8]}},{"type":"Feature","geometry":{"type":"Point","coordinates":[16.987397,51.065691]},"properties":{"line":"7","mode":"tram","color":"#d6212b","colorDark":"#7c1116","band":1,"off":[-1.7,1.1]}},{"type":"Feature","geometry":{"type":"Point","coordinates":[16.987397,51.065691]},"properties":{"line":"17","mode":"tram","color":"#d6212b","colorDark":"#7c1116","band":1,"off":[1.7,1.1]}},{"type":"Feature","geometry":{"type":"Point","coordinates":[17.03185,51.105617]},"properties":{"name":"Opera","band":1,"modes":"tram","arr":["T"],"off":[0,-0.8]}},{"type":"Feature","geometry":{"type":"Point","coordinates":[17.03185,51.105617]},"properties":{"line":"T","mode":"tram","color":"#d6212b","colorDark":"#7c1116","band":1,"off":[0,1.1]}},{"type":"Feature","geometry":{"type":"Point","coordinates":[17.014336,51.072816]},"properties":{"name":"PARK POŁUDNIOWY","band":1,"modes":"tram","arr":["9","15"],"off":[0,-0.8]}},{"type":"Feature","geometry":{"type":"Point","coordinates":[17.014336,51.072816]},"properties":{"line":"9","mode":"tram","color":"#d6212b","colorDark":"#7c1116","band":1,"off":[-1.7,1.1]}},{"type":"Feature","geometry":{"type":"Point","coordinates":[17.014336,51.072816]},"properties":{"line":"15","mode":"tram","color":"#d6212b","colorDark":"#7c1116","band":1,"off":[1.7,1.1]}},{"type":"Feature","geometry":{"type":"Point","coordinates":[16.961741,51.140656]},"properties":{"name":"KOZANÓW (Dokerska)","band":1,"modes":"tram","arr":["12","19"],"off":[0,-0.8]}},{"type":"Feature","geometry":{"type":"Point","coordinates":[16.961741,51.140656]},"properties":{"name":"Górnicza","band":1,"modes":"tram","arr":["12","19"],"off":[0,-1.9]}},{"type":"Feature","geometry":{"type":"Point","coordinates":[16.961741,51.140656]},"properties":{"line":"12","mode":"tram","color":"#d6212b","colorDark":"#7c1116","band":1,"off":[-1.7,1.1]}},{"type":"Feature","geometry":{"type":"Point","coordinates":[16.961741,51.140656]},"properties":{"line":"19","mode":"tram","color":"#d6212b","colorDark":"#7c1116","band":1,"off":[1.7,1.1]}},{"type":"Feature","geometry":{"type":"Point","coordinates":[16.995096,51.13693]},"properties":{"name":"OSOBOWICE","band":1,"modes":"tram","arr":["14","16"],"off":[0,-0.8]}},{"type":"Feature","geometry":{"type":"Point","coordinates":[16.995096,51.13693]},"properties":{"line":"14","mode":"tram","color":"#d6212b","colorDark":"#7c1116","band":1,"off":[-1.7,1.1]}},{"type":"Feature","geometry":{"type":"Point","coordinates":[16.995096,51.13693]},"properties":{"line":"16","mode":"tram","color":"#d6212b","colorDark":"#7c1116","band":1,"off":[1.7,1.1]}},{"type":"Feature","geometry":{"type":"Point","coordinates":[17.040714,51.077167]},"properties":{"name":"GAJ","band":1,"modes":"tram","arr":["18","21"],"off":[0,-0.8]}},{"type":"Feature","geometry":{"type":"Point","coordinates":[17.040714,51.077167]},"properties":{"line":"18","mode":"tram","color":"#d6212b","colorDark":"#7c1116","band":1,"off":[-1.7,1.1]}},{"type":"Feature","geometry":{"type":"Point","coordinates":[17.040714,51.077167]},"properties":{"line":"21","mode":"tram","color":"#d6212b","colorDark":"#7c1116","band":1,"off":[1.7,1.1]}},{"type":"Feature","geometry":{"type":"Point","coordinates":[16.950289,51.143578]},"properties":{"name":"TARCZYŃSKI ARENA (Królewiecka)","band":1,"modes":"tram","arr":["18","21"],"off":[0,-0.8]}},{"type":"Feature","geometry":{"type":"Point","coordinates":[16.950289,51.143578]},"properties":{"line":"18","mode":"tram","color":"#d6212b","colorDark":"#7c1116","band":1,"off":[-1.7,1.1]}},{"type":"Feature","geometry":{"type":"Point","coordinates":[16.950289,51.143578]},"properties":{"line":"21","mode":"tram","color":"#d6212b","colorDark":"#7c1116","band":1,"off":[1.7,1.1]}},{"type":"Feature","geometry":{"type":"Point","coordinates":[17.123977,51.071213]},"properties":{"name":"MOKRY DWÓR","band":2,"modes":"bus","arr":["100"],"off":[0,-0.8]}},{"type":"Feature","geometry":{"type":"Point","coordinates":[17.123977,51.071213]},"properties":{"line":"100","mode":"bus","color":"#0059a9","colorDark":"#00294f","band":2,"off":[0,1.1]}},{"type":"Feature","geometry":{"type":"Point","coordinates":[17.063939,51.078512]},"properties":{"name":"TARNOGAJ","band":2,"modes":"tram,bus","arr":["8","16","22","136","903"],"off":[0,-0.8]}},{"type":"Feature","geometry":{"type":"Point","coordinates":[17.063939,51.078512]},"properties":{"line":"8","mode":"tram","color":"#d6212b","colorDark":"#7c1116","band":2,"off":[-6.8,1.1]}},{"type":"Feature","geometry":{"type":"Point","coordinates":[17.063939,51.078512]},"properties":{"line":"16","mode":"tram","color":"#d6212b","colorDark":"#7c1116","band":2,"off":[-3.4,1.1]}},{"type":"Feature","geometry":{"type":"Point","coordinates":[17.063939,51.078512]},"properties":{"line":"22","mode":"tram","color":"#d6212b","colorDark":"#7c1116","band":2,"off":[0,1.1]}},{"type":"Feature","geometry":{"type":"Point","coordinates":[17.063939,51.078512]},"properties":{"line":"136","mode":"bus","color":"#0059a9","colorDark":"#00294f","band":2,"off":[3.4,1.1]}},{"type":"Feature","geometry":{"type":"Point","coordinates":[17.063939,51.078512]},"properties":{"line":"903","mode":"bus","color":"#0059a9","colorDark":"#00294f","band":2,"off":[6.8,1.1]}},{"type":"Feature","geometry":{"type":"Point","coordinates":[17.05057,51.076697]},"properties":{"name":"GAJ - pętla","band":2,"modes":"bus","arr":["100","146","K"],"off":[0,-0.8]}},{"type":"Feature","geometry":{"type":"Point","coordinates":[17.05057,51.076697]},"properties":{"line":"100","mode":"bus","color":"#0059a9","colorDark":"#00294f","band":2,"off":[-3.4,1.1]}},{"type":"Feature","geometry":{"type":"Point","coordinates":[17.05057,51.076697]},"properties":{"line":"146","mode":"bus","color":"#0059a9","colorDark":"#00294f","band":2,"off":[0,1.1]}},{"type":"Feature","geometry":{"type":"Point","coordinates":[17.05057,51.076697]},"properties":{"line":"K","mode":"bus","color":"#0059a9","colorDark":"#00294f","band":2,"off":[3.4,1.1]}},{"type":"Feature","geometry":{"type":"Point","coordinates":[16.871815,51.144662]},"properties":{"name":"LEŚNICA","band":2,"modes":"tram,bus","arr":["3","10","20","101","117","123","137","138","148","917","923","937","938","948","958","243","253"],"off":[0,-0.8],"sc":0.9}},{"type":"Feature","geometry":{"type":"Point","coordinates":[16.871815,51.144662]},"properties":{"line":"3","mode":"tram","color":"#d6212b","colorDark":"#7c1116","band":2,"sc":0.9,"off":[-6.8,1.1]}},{"type":"Feature","geometry":{"type":"Point","coordinates":[16.871815,51.144662]},"properties":{"line":"10","mode":"tram","color":"#d6212b","colorDark":"#7c1116","band":2,"sc":0.9,"off":[-3.4,1.1]}},{"type":"Feature","geometry":{"type":"Point","coordinates":[16.871815,51.144662]},"properties":{"line":"20","mode":"tram","color":"#d6212b","colorDark":"#7c1116","band":2,"sc":0.9,"off":[0,1.1]}},{"type":"Feature","geometry":{"type":"Point","coordinates":[16.871815,51.144662]},"properties":{"line":"101","mode":"bus","color":"#0059a9","colorDark":"#00294f","band":2,"sc":0.9,"off":[3.4,1.1]}},{"type":"Feature","geometry":{"type":"Point","coordinates":[16.871815,51.144662]},"properties":{"line":"117","mode":"bus","color":"#0059a9","colorDark":"#00294f","band":2,"sc":0.9,"off":[6.8,1.1]}},{"type":"Feature","geometry":{"type":"Point","coordinates":[16.871815,51.144662]},"properties":{"line":"123","mode":"bus","color":"#0059a9","colorDark":"#00294f","band":2,"sc":0.9,"off":[-6.8,3.1]}},{"type":"Feature","geometry":{"type":"Point","coordinates":[16.871815,51.144662]},"properties":{"line":"137","mode":"bus","color":"#0059a9","colorDark":"#00294f","band":2,"sc":0.9,"off":[-3.4,3.1]}},{"type":"Feature","geometry":{"type":"Point","coordinates":[16.871815,51.144662]},"properties":{"line":"138","mode":"bus","color":"#0059a9","colorDark":"#00294f","band":2,"sc":0.9,"off":[0,3.1]}},{"type":"Feature","geometry":{"type":"Point","coordinates":[16.871815,51.144662]},"properties":{"line":"148","mode":"bus","color":"#0059a9","colorDark":"#00294f","band":2,"sc":0.9,"off":[3.4,3.1]}},{"type":"Feature","geometry":{"type":"Point","coordinates":[16.871815,51.144662]},"properties":{"line":"917","mode":"bus","color":"#0059a9","colorDark":"#00294f","band":2,"sc":0.9,"off":[6.8,3.1]}},{"type":"Feature","geometry":{"type":"Point","coordinates":[16.871815,51.144662]},"properties":{"line":"923","mode":"bus","color":"#0059a9","colorDark":"#00294f","band":2,"sc":0.9,"off":[-6.8,5.1]}},{"type":"Feature","geometry":{"type":"Point","coordinates":[16.871815,51.144662]},"properties":{"line":"937","mode":"bus","color":"#0059a9","colorDark":"#00294f","band":2,"sc":0.9,"off":[-3.4,5.1]}},{"type":"Feature","geometry":{"type":"Point","coordinates":[16.871815,51.144662]},"properties":{"line":"938","mode":"bus","color":"#0059a9","colorDark":"#00294f","band":2,"sc":0.9,"off":[0,5.1]}},{"type":"Feature","geometry":{"type":"Point","coordinates":[16.871815,51.144662]},"properties":{"line":"948","mode":"bus","color":"#0059a9","colorDark":"#00294f","band":2,"sc":0.9,"off":[3.4,5.1]}},{"type":"Feature","geometry":{"type":"Point","coordinates":[16.871815,51.144662]},"properties":{"line":"958","mode":"bus","color":"#0059a9","colorDark":"#00294f","band":2,"sc":0.9,"off":[6.8,5.1]}},{"type":"Feature","geometry":{"type":"Point","coordinates":[16.871815,51.144662]},"properties":{"line":"243","mode":"bus","color":"#000000","colorDark":"#000000","band":2,"sc":0.9,"off":[-1.7,7.1]}},{"type":"Feature","geometry":{"type":"Point","coordinates":[16.871815,51.144662]},"properties":{"line":"253","mode":"bus","color":"#000000","colorDark":"#000000","band":2,"sc":0.9,"off":[1.7,7.1]}},{"type":"Feature","geometry":{"type":"Point","coordinates":[16.983349,51.125513]},"properties":{"name":"Kwiska","band":2,"modes":"bus","arr":["101","607"],"off":[0,-0.8]}},{"type":"Feature","geometry":{"type":"Point","coordinates":[16.983349,51.125513]},"properties":{"line":"101","mode":"bus","color":"#0059a9","colorDark":"#00294f","band":2,"off":[-1.7,1.1]}},{"type":"Feature","geometry":{"type":"Point","coordinates":[16.983349,51.125513]},"properties":{"line":"607","mode":"bus","color":"#0059a9","colorDark":"#00294f","band":2,"off":[1.7,1.1]}},{"type":"Feature","geometry":{"type":"Point","coordinates":[16.914238,51.140246]},"properties":{"name":"Kosmonautów (pętla)","band":2,"modes":"bus","arr":["102","152"],"off":[0,-0.8]}},{"type":"Feature","geometry":{"type":"Point","coordinates":[16.914238,51.140246]},"properties":{"line":"102","mode":"bus","color":"#0059a9","colorDark":"#00294f","band":2,"off":[-1.7,1.1]}},{"type":"Feature","geometry":{"type":"Point","coordinates":[16.914238,51.140246]},"properties":{"line":"152","mode":"bus","color":"#0059a9","colorDark":"#00294f","band":2,"off":[1.7,1.1]}},{"type":"Feature","geometry":{"type":"Point","coordinates":[17.020538,51.112731]},"properties":{"name":"PL. JANA PAWŁA II","band":2,"modes":"bus","arr":["102","103","250"],"off":[0,-0.8]}},{"type":"Feature","geometry":{"type":"Point","coordinates":[17.020538,51.112731]},"properties":{"line":"102","mode":"bus","color":"#0059a9","colorDark":"#00294f","band":2,"off":[-3.4,1.1]}},{"type":"Feature","geometry":{"type":"Point","coordinates":[17.020538,51.112731]},"properties":{"line":"103","mode":"bus","color":"#0059a9","colorDark":"#00294f","band":2,"off":[0,1.1]}},{"type":"Feature","geometry":{"type":"Point","coordinates":[17.020538,51.112731]},"properties":{"line":"250","mode":"bus","color":"#000000","colorDark":"#000000","band":2,"off":[3.4,1.1]}},{"type":"Feature","geometry":{"type":"Point","coordinates":[16.906518,51.174687]},"properties":{"name":"PRACZE ODRZAŃSKIE","band":2,"modes":"bus","arr":["103","107","245"],"off":[0,-0.8]}},{"type":"Feature","geometry":{"type":"Point","coordinates":[16.906518,51.174687]},"properties":{"line":"103","mode":"bus","color":"#0059a9","colorDark":"#00294f","band":2,"off":[-3.4,1.1]}},{"type":"Feature","geometry":{"type":"Point","coordinates":[16.906518,51.174687]},"properties":{"line":"107","mode":"bus","color":"#0059a9","colorDark":"#00294f","band":2,"off":[0,1.1]}},{"type":"Feature","geometry":{"type":"Point","coordinates":[16.906518,51.174687]},"properties":{"line":"245","mode":"bus","color":"#000000","colorDark":"#000000","band":2,"off":[3.4,1.1]}},{"type":"Feature","geometry":{"type":"Point","coordinates":[17.020647,51.148538]},"properties":{"name":"Zajezdnia OBORNICKA","band":2,"modes":"bus","arr":["103","142","306","315","602","607","206"],"off":[0,-0.8]}},{"type":"Feature","geometry":{"type":"Point","coordinates":[17.020647,51.148538]},"properties":{"name":"Paprotna","band":2,"modes":"bus","arr":["103","142","306","315","602","607","206"],"off":[0,-3]}},{"type":"Feature","geometry":{"type":"Point","coordinates":[17.020647,51.148538]},"properties":{"line":"103","mode":"bus","color":"#0059a9","colorDark":"#00294f","band":2,"off":[-6.8,1.1]}},{"type":"Feature","geometry":{"type":"Point","coordinates":[17.020647,51.148538]},"properties":{"line":"142","mode":"bus","color":"#0059a9","colorDark":"#00294f","band":2,"off":[-3.4,1.1]}},{"type":"Feature","geometry":{"type":"Point","coordinates":[17.020647,51.148538]},"properties":{"line":"306","mode":"bus","color":"#0059a9","colorDark":"#00294f","band":2,"off":[0,1.1]}},{"type":"Feature","geometry":{"type":"Point","coordinates":[17.020647,51.148538]},"properties":{"line":"315","mode":"bus","color":"#0059a9","colorDark":"#00294f","band":2,"off":[3.4,1.1]}},{"type":"Feature","geometry":{"type":"Point","coordinates":[17.020647,51.148538]},"properties":{"line":"602","mode":"bus","color":"#0059a9","colorDark":"#00294f","band":2,"off":[6.8,1.1]}},{"type":"Feature","geometry":{"type":"Point","coordinates":[17.020647,51.148538]},"properties":{"line":"607","mode":"bus","color":"#0059a9","colorDark":"#00294f","band":2,"off":[-1.7,3.1]}},{"type":"Feature","geometry":{"type":"Point","coordinates":[17.020647,51.148538]},"properties":{"line":"206","mode":"bus","color":"#000000","colorDark":"#000000","band":2,"off":[1.7,3.1]}},{"type":"Feature","geometry":{"type":"Point","coordinates":[16.905609,51.198077]},"properties":{"name":"JANÓWEK","band":2,"modes":"bus","arr":["103"],"off":[0,-0.8]}},{"type":"Feature","geometry":{"type":"Point","coordinates":[16.905609,51.198077]},"properties":{"line":"103","mode":"bus","color":"#0059a9","colorDark":"#00294f","band":2,"off":[0,1.1]}},{"type":"Feature","geometry":{"type":"Point","coordinates":[16.948918,51.157309]},"properties":{"name":"RĘDZIŃSKA","band":2,"modes":"bus","arr":["104"],"off":[0,-0.8]}},{"type":"Feature","geometry":{"type":"Point","coordinates":[16.948918,51.157309]},"properties":{"line":"104","mode":"bus","color":"#0059a9","colorDark":"#00294f","band":2,"off":[0,1.1]}},{"type":"Feature","geometry":{"type":"Point","coordinates":[16.996055,51.152655]},"properties":{"name":"ŚLAZOWA","band":2,"modes":"bus","arr":["104"],"off":[0,-0.8]}},{"type":"Feature","geometry":{"type":"Point","coordinates":[16.996055,51.152655]},"properties":{"line":"104","mode":"bus","color":"#0059a9","colorDark":"#00294f","band":2,"off":[0,1.1]}},{"type":"Feature","geometry":{"type":"Point","coordinates":[16.97515,51.196725]},"properties":{"name":"ŚWINIARY","band":2,"modes":"bus","arr":["105","244"],"off":[0,-0.8]}},{"type":"Feature","geometry":{"type":"Point","coordinates":[16.97515,51.196725]},"properties":{"line":"105","mode":"bus","color":"#0059a9","colorDark":"#00294f","band":2,"off":[-1.7,1.1]}},{"type":"Feature","geometry":{"type":"Point","coordinates":[16.97515,51.196725]},"properties":{"line":"244","mode":"bus","color":"#000000","colorDark":"#000000","band":2,"off":[1.7,1.1]}},{"type":"Feature","geometry":{"type":"Point","coordinates":[17.065449,51.13231]},"properties":{"name":"KROMERA","band":2,"modes":"tram,bus","arr":["6","11","105","132","904","905","928","930","964"],"off":[0,-0.8]}},{"type":"Feature","geometry":{"type":"Point","coordinates":[17.065449,51.13231]},"properties":{"line":"6","mode":"tram","color":"#d6212b","colorDark":"#7c1116","band":2,"off":[-6.8,1.1]}},{"type":"Feature","geometry":{"type":"Point","coordinates":[17.065449,51.13231]},"properties":{"line":"11","mode":"tram","color":"#d6212b","colorDark":"#7c1116","band":2,"off":[-3.4,1.1]}},{"type":"Feature","geometry":{"type":"Point","coordinates":[17.065449,51.13231]},"properties":{"line":"105","mode":"bus","color":"#0059a9","colorDark":"#00294f","band":2,"off":[0,1.1]}},{"type":"Feature","geometry":{"type":"Point","coordinates":[17.065449,51.13231]},"properties":{"line":"132","mode":"bus","color":"#0059a9","colorDark":"#00294f","band":2,"off":[3.4,1.1]}},{"type":"Feature","geometry":{"type":"Point","coordinates":[17.065449,51.13231]},"properties":{"line":"904","mode":"bus","color":"#0059a9","colorDark":"#00294f","band":2,"off":[6.8,1.1]}},{"type":"Feature","geometry":{"type":"Point","coordinates":[17.065449,51.13231]},"properties":{"line":"905","mode":"bus","color":"#0059a9","colorDark":"#00294f","band":2,"off":[-5.1,3.1]}},{"type":"Feature","geometry":{"type":"Point","coordinates":[17.065449,51.13231]},"properties":{"line":"928","mode":"bus","color":"#0059a9","colorDark":"#00294f","band":2,"off":[-1.7,3.1]}},{"type":"Feature","geometry":{"type":"Point","coordinates":[17.065449,51.13231]},"properties":{"line":"930","mode":"bus","color":"#0059a9","colorDark":"#00294f","band":2,"off":[1.7,3.1]}},{"type":"Feature","geometry":{"type":"Point","coordinates":[17.065449,51.13231]},"properties":{"line":"964","mode":"bus","color":"#0059a9","colorDark":"#00294f","band":2,"off":[5.1,3.1]}},{"type":"Feature","geometry":{"type":"Point","coordinates":[16.8824,51.109371]},"properties":{"name":"PORT LOTNICZY","band":2,"modes":"bus","arr":["106","129","206"],"off":[0,-0.8]}},{"type":"Feature","geometry":{"type":"Point","coordinates":[16.8824,51.109371]},"properties":{"line":"106","mode":"bus","color":"#0059a9","colorDark":"#00294f","band":2,"off":[-3.4,1.1]}},{"type":"Feature","geometry":{"type":"Point","coordinates":[16.8824,51.109371]},"properties":{"line":"129","mode":"bus","color":"#0059a9","colorDark":"#00294f","band":2,"off":[0,1.1]}},{"type":"Feature","geometry":{"type":"Point","coordinates":[16.8824,51.109371]},"properties":{"line":"206","mode":"bus","color":"#000000","colorDark":"#000000","band":2,"off":[3.4,1.1]}},{"type":"Feature","geometry":{"type":"Point","coordinates":[17.03828,51.099946]},"properties":{"name":"DWORZEC GŁÓWNY (Dworcowa)","band":2,"modes":"tram,bus","arr":["0","106"],"off":[0,-0.8]}},{"type":"Feature","geometry":{"type":"Point","coordinates":[17.03828,51.099946]},"properties":{"name":"DWORZEC GŁÓWNY","band":2,"modes":"tram,bus","arr":["0","106"],"off":[0,-3]}},{"type":"Feature","geometry":{"type":"Point","coordinates":[17.03828,51.099946]},"properties":{"line":"0","mode":"tram","color":"#d6212b","colorDark":"#7c1116","band":2,"off":[-1.7,1.1]}},{"type":"Feature","geometry":{"type":"Point","coordinates":[17.03828,51.099946]},"properties":{"line":"106","mode":"bus","color":"#0059a9","colorDark":"#00294f","band":2,"off":[1.7,1.1]}},{"type":"Feature","geometry":{"type":"Point","coordinates":[16.899084,51.10507]},"properties":{"name":"Strachowice General Aviation","band":2,"modes":"bus","arr":["306"],"off":[0,-0.8]}},{"type":"Feature","geometry":{"type":"Point","coordinates":[16.899084,51.10507]},"properties":{"line":"306","mode":"bus","color":"#0059a9","colorDark":"#00294f","band":2,"off":[0,1.1]}},{"type":"Feature","geometry":{"type":"Point","coordinates":[17.006772,51.074865]},"properties":{"name":"KRZYKI","band":2,"modes":"tram,bus","arr":["2","6","14","107","112","113","153","612","913","933","249","251"],"off":[0,-0.8]}},{"type":"Feature","geometry":{"type":"Point","coordinates":[17.006772,51.074865]},"properties":{"line":"2","mode":"tram","color":"#d6212b","colorDark":"#7c1116","band":2,"off":[-6.8,1.1]}},{"type":"Feature","geometry":{"type":"Point","coordinates":[17.006772,51.074865]},"properties":{"line":"6","mode":"tram","color":"#d6212b","colorDark":"#7c1116","band":2,"off":[-3.4,1.1]}},{"type":"Feature","geometry":{"type":"Point","coordinates":[17.006772,51.074865]},"properties":{"line":"14","mode":"tram","color":"#d6212b","colorDark":"#7c1116","band":2,"off":[0,1.1]}},{"type":"Feature","geometry":{"type":"Point","coordinates":[17.006772,51.074865]},"properties":{"line":"107","mode":"bus","color":"#0059a9","colorDark":"#00294f","band":2,"off":[3.4,1.1]}},{"type":"Feature","geometry":{"type":"Point","coordinates":[17.006772,51.074865]},"properties":{"line":"112","mode":"bus","color":"#0059a9","colorDark":"#00294f","band":2,"off":[6.8,1.1]}},{"type":"Feature","geometry":{"type":"Point","coordinates":[17.006772,51.074865]},"properties":{"line":"113","mode":"bus","color":"#0059a9","colorDark":"#00294f","band":2,"off":[-6.8,3.1]}},{"type":"Feature","geometry":{"type":"Point","coordinates":[17.006772,51.074865]},"properties":{"line":"153","mode":"bus","color":"#0059a9","colorDark":"#00294f","band":2,"off":[-3.4,3.1]}},{"type":"Feature","geometry":{"type":"Point","coordinates":[17.006772,51.074865]},"properties":{"line":"612","mode":"bus","color":"#0059a9","colorDark":"#00294f","band":2,"off":[0,3.1]}},{"type":"Feature","geometry":{"type":"Point","coordinates":[17.006772,51.074865]},"properties":{"line":"913","mode":"bus","color":"#0059a9","colorDark":"#00294f","band":2,"off":[3.4,3.1]}},{"type":"Feature","geometry":{"type":"Point","coordinates":[17.006772,51.074865]},"properties":{"line":"933","mode":"bus","color":"#0059a9","colorDark":"#00294f","band":2,"off":[6.8,3.1]}},{"type":"Feature","geometry":{"type":"Point","coordinates":[17.006772,51.074865]},"properties":{"line":"249","mode":"bus","color":"#000000","colorDark":"#000000","band":2,"off":[-1.7,5.1]}},{"type":"Feature","geometry":{"type":"Point","coordinates":[17.006772,51.074865]},"properties":{"line":"251","mode":"bus","color":"#000000","colorDark":"#000000","band":2,"off":[1.7,5.1]}},{"type":"Feature","geometry":{"type":"Point","coordinates":[16.987932,51.058173]},"properties":{"name":"KLECINA (Stacja kolejowa)","band":2,"modes":"bus","arr":["319"],"off":[0,-0.8]}},{"type":"Feature","geometry":{"type":"Point","coordinates":[16.987932,51.058173]},"properties":{"line":"319","mode":"bus","color":"#0059a9","colorDark":"#00294f","band":2,"off":[0,1.1]}},{"type":"Feature","geometry":{"type":"Point","coordinates":[16.978183,51.093099]},"properties":{"name":"Fiołkowa","band":2,"modes":"bus","arr":["967"],"off":[0,-0.8]}},{"type":"Feature","geometry":{"type":"Point","coordinates":[16.978183,51.093099]},"properties":{"line":"967","mode":"bus","color":"#0059a9","colorDark":"#00294f","band":2,"off":[0,1.1]}},{"type":"Feature","geometry":{"type":"Point","coordinates":[16.95983,51.112552]},"properties":{"name":"Strzegomska (krzyżówka)","band":2,"modes":"bus","arr":["909"],"off":[0,-0.8]}},{"type":"Feature","geometry":{"type":"Point","coordinates":[16.95983,51.112552]},"properties":{"line":"909","mode":"bus","color":"#0059a9","colorDark":"#00294f","band":2,"off":[0,1.1]}},{"type":"Feature","geometry":{"type":"Point","coordinates":[16.978447,51.09409]},"properties":{"name":"FAT","band":2,"modes":"bus","arr":["967"],"off":[0,-0.8]}},{"type":"Feature","geometry":{"type":"Point","coordinates":[16.978447,51.09409]},"properties":{"line":"967","mode":"bus","color":"#0059a9","colorDark":"#00294f","band":2,"off":[0,1.1]}},{"type":"Feature","geometry":{"type":"Point","coordinates":[16.969517,51.068059]},"properties":{"name":"GIEŁDOWA (Centrum Hurtu)","band":2,"modes":"bus","arr":["D","247","257"],"off":[0,-0.8]}},{"type":"Feature","geometry":{"type":"Point","coordinates":[16.969517,51.068059]},"properties":{"line":"D","mode":"bus","color":"#0059a9","colorDark":"#00294f","band":2,"off":[-3.4,1.1]}},{"type":"Feature","geometry":{"type":"Point","coordinates":[16.969517,51.068059]},"properties":{"line":"247","mode":"bus","color":"#000000","colorDark":"#000000","band":2,"off":[0,1.1]}},{"type":"Feature","geometry":{"type":"Point","coordinates":[16.969517,51.068059]},"properties":{"line":"257","mode":"bus","color":"#000000","colorDark":"#000000","band":2,"off":[3.4,1.1]}},{"type":"Feature","geometry":{"type":"Point","coordinates":[17.006044,51.179388]},"properties":{"name":"KMINKOWA","band":2,"modes":"bus","arr":["108","111","153"],"off":[0,-0.8]}},{"type":"Feature","geometry":{"type":"Point","coordinates":[17.006044,51.179388]},"properties":{"line":"108","mode":"bus","color":"#0059a9","colorDark":"#00294f","band":2,"off":[-3.4,1.1]}},{"type":"Feature","geometry":{"type":"Point","coordinates":[17.006044,51.179388]},"properties":{"line":"111","mode":"bus","color":"#0059a9","colorDark":"#00294f","band":2,"off":[0,1.1]}},{"type":"Feature","geometry":{"type":"Point","coordinates":[17.006044,51.179388]},"properties":{"line":"153","mode":"bus","color":"#0059a9","colorDark":"#00294f","band":2,"off":[3.4,1.1]}},{"type":"Feature","geometry":{"type":"Point","coordinates":[17.033903,51.12468]},"properties":{"name":"DWORZEC NADODRZE","band":2,"modes":"bus","arr":["108","908"],"off":[0,-0.8]}},{"type":"Feature","geometry":{"type":"Point","coordinates":[17.033903,51.12468]},"properties":{"line":"108","mode":"bus","color":"#0059a9","colorDark":"#00294f","band":2,"off":[-1.7,1.1]}},{"type":"Feature","geometry":{"type":"Point","coordinates":[17.033903,51.12468]},"properties":{"line":"908","mode":"bus","color":"#0059a9","colorDark":"#00294f","band":2,"off":[1.7,1.1]}},{"type":"Feature","geometry":{"type":"Point","coordinates":[17.07232,51.04231]},"properties":{"name":"IWINY - pętla","band":2,"modes":"bus","arr":["110"],"off":[0,-0.8]}},{"type":"Feature","geometry":{"type":"Point","coordinates":[17.07232,51.04231]},"properties":{"line":"110","mode":"bus","color":"#0059a9","colorDark":"#00294f","band":2,"off":[0,1.1]}},{"type":"Feature","geometry":{"type":"Point","coordinates":[17.060843,51.045095]},"properties":{"name":"IWINY - rondo","band":2,"modes":"bus","arr":["310","255"],"off":[0,-0.8]}},{"type":"Feature","geometry":{"type":"Point","coordinates":[17.060843,51.045095]},"properties":{"line":"310","mode":"bus","color":"#0059a9","colorDark":"#00294f","band":2,"off":[-1.7,1.1]}},{"type":"Feature","geometry":{"type":"Point","coordinates":[17.060843,51.045095]},"properties":{"line":"255","mode":"bus","color":"#000000","colorDark":"#000000","band":2,"off":[1.7,1.1]}},{"type":"Feature","geometry":{"type":"Point","coordinates":[17.059167,51.05014]},"properties":{"name":"Vivaldiego","band":2,"modes":"bus","arr":["145"],"off":[0,-0.8]}},{"type":"Feature","geometry":{"type":"Point","coordinates":[17.059167,51.05014]},"properties":{"line":"145","mode":"bus","color":"#0059a9","colorDark":"#00294f","band":2,"off":[0,1.1]}},{"type":"Feature","geometry":{"type":"Point","coordinates":[17.041888,51.109011]},"properties":{"name":"GALERIA DOMINIKAŃSKA","band":2,"modes":"bus","arr":["110","112","113","114","120","914","920","924"],"off":[0,-0.8]}},{"type":"Feature","geometry":{"type":"Point","coordinates":[17.041888,51.109011]},"properties":{"line":"110","mode":"bus","color":"#0059a9","colorDark":"#00294f","band":2,"off":[-6.8,1.1]}},{"type":"Feature","geometry":{"type":"Point","coordinates":[17.041888,51.109011]},"properties":{"line":"112","mode":"bus","color":"#0059a9","colorDark":"#00294f","band":2,"off":[-3.4,1.1]}},{"type":"Feature","geometry":{"type":"Point","coordinates":[17.041888,51.109011]},"properties":{"line":"113","mode":"bus","color":"#0059a9","colorDark":"#00294f","band":2,"off":[0,1.1]}},{"type":"Feature","geometry":{"type":"Point","coordinates":[17.041888,51.109011]},"properties":{"line":"114","mode":"bus","color":"#0059a9","colorDark":"#00294f","band":2,"off":[3.4,1.1]}},{"type":"Feature","geometry":{"type":"Point","coordinates":[17.041888,51.109011]},"properties":{"line":"120","mode":"bus","color":"#0059a9","colorDark":"#00294f","band":2,"off":[6.8,1.1]}},{"type":"Feature","geometry":{"type":"Point","coordinates":[17.041888,51.109011]},"properties":{"line":"914","mode":"bus","color":"#0059a9","colorDark":"#00294f","band":2,"off":[-3.4,3.1]}},{"type":"Feature","geometry":{"type":"Point","coordinates":[17.041888,51.109011]},"properties":{"line":"920","mode":"bus","color":"#0059a9","colorDark":"#00294f","band":2,"off":[0,3.1]}},{"type":"Feature","geometry":{"type":"Point","coordinates":[17.041888,51.109011]},"properties":{"line":"924","mode":"bus","color":"#0059a9","colorDark":"#00294f","band":2,"off":[3.4,3.1]}},{"type":"Feature","geometry":{"type":"Point","coordinates":[17.057026,51.053718]},"properties":{"name":"JAGODNO (P+R)","band":2,"modes":"bus","arr":["148","310","N"],"off":[0,-0.8]}},{"type":"Feature","geometry":{"type":"Point","coordinates":[17.057026,51.053718]},"properties":{"line":"148","mode":"bus","color":"#0059a9","colorDark":"#00294f","band":2,"off":[-3.4,1.1]}},{"type":"Feature","geometry":{"type":"Point","coordinates":[17.057026,51.053718]},"properties":{"line":"310","mode":"bus","color":"#0059a9","colorDark":"#00294f","band":2,"off":[0,1.1]}},{"type":"Feature","geometry":{"type":"Point","coordinates":[17.057026,51.053718]},"properties":{"line":"N","mode":"bus","color":"#0059a9","colorDark":"#00294f","band":2,"off":[3.4,1.1]}},{"type":"Feature","geometry":{"type":"Point","coordinates":[17.132518,51.158979]},"properties":{"name":"OSIEDLE SOBIESKIEGO","band":2,"modes":"bus","arr":["111","130","150","D"],"off":[0,-0.8]}},{"type":"Feature","geometry":{"type":"Point","coordinates":[17.132518,51.158979]},"properties":{"line":"111","mode":"bus","color":"#0059a9","colorDark":"#00294f","band":2,"off":[-5.1,1.1]}},{"type":"Feature","geometry":{"type":"Point","coordinates":[17.132518,51.158979]},"properties":{"line":"130","mode":"bus","color":"#0059a9","colorDark":"#00294f","band":2,"off":[-1.7,1.1]}},{"type":"Feature","geometry":{"type":"Point","coordinates":[17.132518,51.158979]},"properties":{"line":"150","mode":"bus","color":"#0059a9","colorDark":"#00294f","band":2,"off":[1.7,1.1]}},{"type":"Feature","geometry":{"type":"Point","coordinates":[17.132518,51.158979]},"properties":{"line":"D","mode":"bus","color":"#0059a9","colorDark":"#00294f","band":2,"off":[5.1,1.1]}},{"type":"Feature","geometry":{"type":"Point","coordinates":[17.060667,51.111923]},"properties":{"name":"Reja","band":2,"modes":"bus","arr":["115","116","121","131","149","151","315","911","945","955","961"],"off":[0,-0.8]}},{"type":"Feature","geometry":{"type":"Point","coordinates":[17.060667,51.111923]},"properties":{"name":"PL. GRUNWALDZKI","band":2,"modes":"bus","arr":["115","116","121","131","149","151","315","911","945","955","961"],"off":[0,-1.9]}},{"type":"Feature","geometry":{"type":"Point","coordinates":[17.060667,51.111923]},"properties":{"line":"115","mode":"bus","color":"#0059a9","colorDark":"#00294f","band":2,"off":[-6.8,1.1]}},{"type":"Feature","geometry":{"type":"Point","coordinates":[17.060667,51.111923]},"properties":{"line":"116","mode":"bus","color":"#0059a9","colorDark":"#00294f","band":2,"off":[-3.4,1.1]}},{"type":"Feature","geometry":{"type":"Point","coordinates":[17.060667,51.111923]},"properties":{"line":"121","mode":"bus","color":"#0059a9","colorDark":"#00294f","band":2,"off":[0,1.1]}},{"type":"Feature","geometry":{"type":"Point","coordinates":[17.060667,51.111923]},"properties":{"line":"131","mode":"bus","color":"#0059a9","colorDark":"#00294f","band":2,"off":[3.4,1.1]}},{"type":"Feature","geometry":{"type":"Point","coordinates":[17.060667,51.111923]},"properties":{"line":"149","mode":"bus","color":"#0059a9","colorDark":"#00294f","band":2,"off":[6.8,1.1]}},{"type":"Feature","geometry":{"type":"Point","coordinates":[17.060667,51.111923]},"properties":{"line":"151","mode":"bus","color":"#0059a9","colorDark":"#00294f","band":2,"off":[-6.8,3.1]}},{"type":"Feature","geometry":{"type":"Point","coordinates":[17.060667,51.111923]},"properties":{"line":"315","mode":"bus","color":"#0059a9","colorDark":"#00294f","band":2,"off":[-3.4,3.1]}},{"type":"Feature","geometry":{"type":"Point","coordinates":[17.060667,51.111923]},"properties":{"line":"911","mode":"bus","color":"#0059a9","colorDark":"#00294f","band":2,"off":[0,3.1]}},{"type":"Feature","geometry":{"type":"Point","coordinates":[17.060667,51.111923]},"properties":{"line":"945","mode":"bus","color":"#0059a9","colorDark":"#00294f","band":2,"off":[3.4,3.1]}},{"type":"Feature","geometry":{"type":"Point","coordinates":[17.060667,51.111923]},"properties":{"line":"955","mode":"bus","color":"#0059a9","colorDark":"#00294f","band":2,"off":[6.8,3.1]}},{"type":"Feature","geometry":{"type":"Point","coordinates":[17.060667,51.111923]},"properties":{"line":"961","mode":"bus","color":"#0059a9","colorDark":"#00294f","band":2,"off":[0,5.1]}},{"type":"Feature","geometry":{"type":"Point","coordinates":[17.086532,51.05903]},"properties":{"name":"BROCHÓW","band":2,"modes":"bus","arr":["125","133"],"off":[0,-0.8]}},{"type":"Feature","geometry":{"type":"Point","coordinates":[17.086532,51.05903]},"properties":{"line":"125","mode":"bus","color":"#0059a9","colorDark":"#00294f","band":2,"off":[-1.7,1.1]}},{"type":"Feature","geometry":{"type":"Point","coordinates":[17.086532,51.05903]},"properties":{"line":"133","mode":"bus","color":"#0059a9","colorDark":"#00294f","band":2,"off":[1.7,1.1]}},{"type":"Feature","geometry":{"type":"Point","coordinates":[17.091095,51.047735]},"properties":{"name":"BIEŃKOWICE","band":2,"modes":"bus","arr":["114","245"],"off":[0,-0.8]}},{"type":"Feature","geometry":{"type":"Point","coordinates":[17.091095,51.047735]},"properties":{"line":"114","mode":"bus","color":"#0059a9","colorDark":"#00294f","band":2,"off":[-1.7,1.1]}},{"type":"Feature","geometry":{"type":"Point","coordinates":[17.091095,51.047735]},"properties":{"line":"245","mode":"bus","color":"#000000","colorDark":"#000000","band":2,"off":[1.7,1.1]}},{"type":"Feature","geometry":{"type":"Point","coordinates":[17.165932,51.095908]},"properties":{"name":"WOJNÓW (Pętla)","band":2,"modes":"bus","arr":["115","118","259"],"off":[0,-0.8]}},{"type":"Feature","geometry":{"type":"Point","coordinates":[17.165932,51.095908]},"properties":{"line":"115","mode":"bus","color":"#0059a9","colorDark":"#00294f","band":2,"off":[-3.4,1.1]}},{"type":"Feature","geometry":{"type":"Point","coordinates":[17.165932,51.095908]},"properties":{"line":"118","mode":"bus","color":"#0059a9","colorDark":"#00294f","band":2,"off":[0,1.1]}},{"type":"Feature","geometry":{"type":"Point","coordinates":[17.165932,51.095908]},"properties":{"line":"259","mode":"bus","color":"#000000","colorDark":"#000000","band":2,"off":[3.4,1.1]}},{"type":"Feature","geometry":{"type":"Point","coordinates":[17.09072,51.113666]},"properties":{"name":"8 Maja","band":2,"modes":"tram,bus","arr":["9","17","118","343"],"off":[0,-0.8]}},{"type":"Feature","geometry":{"type":"Point","coordinates":[17.09072,51.113666]},"properties":{"line":"9","mode":"tram","color":"#d6212b","colorDark":"#7c1116","band":2,"off":[-5.1,1.1]}},{"type":"Feature","geometry":{"type":"Point","coordinates":[17.09072,51.113666]},"properties":{"line":"17","mode":"tram","color":"#d6212b","colorDark":"#7c1116","band":2,"off":[-1.7,1.1]}},{"type":"Feature","geometry":{"type":"Point","coordinates":[17.09072,51.113666]},"properties":{"line":"118","mode":"bus","color":"#0059a9","colorDark":"#00294f","band":2,"off":[1.7,1.1]}},{"type":"Feature","geometry":{"type":"Point","coordinates":[17.09072,51.113666]},"properties":{"line":"343","mode":"bus","color":"#0059a9","colorDark":"#00294f","band":2,"off":[5.1,1.1]}},{"type":"Feature","geometry":{"type":"Point","coordinates":[17.064507,51.15523]},"properties":{"name":"SOŁTYSOWICE","band":2,"modes":"bus","arr":["116","119","A","246"],"off":[0,-0.8]}},{"type":"Feature","geometry":{"type":"Point","coordinates":[17.064507,51.15523]},"properties":{"line":"116","mode":"bus","color":"#0059a9","colorDark":"#00294f","band":2,"off":[-5.1,1.1]}},{"type":"Feature","geometry":{"type":"Point","coordinates":[17.064507,51.15523]},"properties":{"line":"119","mode":"bus","color":"#0059a9","colorDark":"#00294f","band":2,"off":[-1.7,1.1]}},{"type":"Feature","geometry":{"type":"Point","coordinates":[17.064507,51.15523]},"properties":{"line":"A","mode":"bus","color":"#0059a9","colorDark":"#00294f","band":2,"off":[1.7,1.1]}},{"type":"Feature","geometry":{"type":"Point","coordinates":[17.064507,51.15523]},"properties":{"line":"246","mode":"bus","color":"#000000","colorDark":"#000000","band":2,"off":[5.1,1.1]}},{"type":"Feature","geometry":{"type":"Point","coordinates":[16.886564,51.124341]},"properties":{"name":"Jerzmanowo (Cmentarz I)","band":2,"modes":"bus","arr":["117"],"off":[0,-0.8]}},{"type":"Feature","geometry":{"type":"Point","coordinates":[16.886564,51.124341]},"properties":{"line":"117","mode":"bus","color":"#0059a9","colorDark":"#00294f","band":2,"off":[0,1.1]}},{"type":"Feature","geometry":{"type":"Point","coordinates":[16.860023,51.150165]},"properties":{"name":"Krępicka - Szkoła","band":2,"modes":"bus","arr":["117"],"off":[0,-0.8]}},{"type":"Feature","geometry":{"type":"Point","coordinates":[16.860023,51.150165]},"properties":{"line":"117","mode":"bus","color":"#0059a9","colorDark":"#00294f","band":2,"off":[0,1.1]}},{"type":"Feature","geometry":{"type":"Point","coordinates":[16.966697,51.166086]},"properties":{"name":"RĘDZIN","band":2,"modes":"bus","arr":["118","257"],"off":[0,-0.8]}},{"type":"Feature","geometry":{"type":"Point","coordinates":[16.966697,51.166086]},"properties":{"line":"118","mode":"bus","color":"#0059a9","colorDark":"#00294f","band":2,"off":[-1.7,1.1]}},{"type":"Feature","geometry":{"type":"Point","coordinates":[16.966697,51.166086]},"properties":{"line":"257","mode":"bus","color":"#000000","colorDark":"#000000","band":2,"off":[1.7,1.1]}},{"type":"Feature","geometry":{"type":"Point","coordinates":[16.983262,51.07716]},"properties":{"name":"RACŁAWICKA","band":2,"modes":"bus","arr":["119","A","248"],"off":[0,-0.8]}},{"type":"Feature","geometry":{"type":"Point","coordinates":[16.983262,51.07716]},"properties":{"line":"119","mode":"bus","color":"#0059a9","colorDark":"#00294f","band":2,"off":[-3.4,1.1]}},{"type":"Feature","geometry":{"type":"Point","coordinates":[16.983262,51.07716]},"properties":{"line":"A","mode":"bus","color":"#0059a9","colorDark":"#00294f","band":2,"off":[0,1.1]}},{"type":"Feature","geometry":{"type":"Point","coordinates":[16.983262,51.07716]},"properties":{"line":"248","mode":"bus","color":"#000000","colorDark":"#000000","band":2,"off":[3.4,1.1]}},{"type":"Feature","geometry":{"type":"Point","coordinates":[16.970715,51.112576]},"properties":{"name":"Muchobór Mały (Stacja kolejowa)","band":2,"modes":"bus","arr":["306"],"off":[0,-0.8]}},{"type":"Feature","geometry":{"type":"Point","coordinates":[16.970715,51.112576]},"properties":{"line":"306","mode":"bus","color":"#0059a9","colorDark":"#00294f","band":2,"off":[0,1.1]}},{"type":"Feature","geometry":{"type":"Point","coordinates":[17.157232,51.070199]},"properties":{"name":"BLIZANOWICE","band":2,"modes":"bus","arr":["120"],"off":[0,-0.8]}},{"type":"Feature","geometry":{"type":"Point","coordinates":[17.157232,51.070199]},"properties":{"line":"120","mode":"bus","color":"#0059a9","colorDark":"#00294f","band":2,"off":[0,1.1]}},{"type":"Feature","geometry":{"type":"Point","coordinates":[17.148156,51.145324]},"properties":{"name":"KIEŁCZOWSKA (Cmentarz)","band":2,"modes":"bus","arr":["121","921"],"off":[0,-0.8]}},{"type":"Feature","geometry":{"type":"Point","coordinates":[17.148156,51.145324]},"properties":{"line":"121","mode":"bus","color":"#0059a9","colorDark":"#00294f","band":2,"off":[-1.7,1.1]}},{"type":"Feature","geometry":{"type":"Point","coordinates":[17.148156,51.145324]},"properties":{"line":"921","mode":"bus","color":"#0059a9","colorDark":"#00294f","band":2,"off":[1.7,1.1]}},{"type":"Feature","geometry":{"type":"Point","coordinates":[17.127591,51.142267]},"properties":{"name":"LITEWSKA","band":2,"modes":"bus","arr":["131","147","150","N","251"],"off":[0,-0.8]}},{"type":"Feature","geometry":{"type":"Point","coordinates":[17.127591,51.142267]},"properties":{"line":"131","mode":"bus","color":"#0059a9","colorDark":"#00294f","band":2,"off":[-6.8,1.1]}},{"type":"Feature","geometry":{"type":"Point","coordinates":[17.127591,51.142267]},"properties":{"line":"147","mode":"bus","color":"#0059a9","colorDark":"#00294f","band":2,"off":[-3.4,1.1]}},{"type":"Feature","geometry":{"type":"Point","coordinates":[17.127591,51.142267]},"properties":{"line":"150","mode":"bus","color":"#0059a9","colorDark":"#00294f","band":2,"off":[0,1.1]}},{"type":"Feature","geometry":{"type":"Point","coordinates":[17.127591,51.142267]},"properties":{"line":"N","mode":"bus","color":"#0059a9","colorDark":"#00294f","band":2,"off":[3.4,1.1]}},{"type":"Feature","geometry":{"type":"Point","coordinates":[17.127591,51.142267]},"properties":{"line":"251","mode":"bus","color":"#000000","colorDark":"#000000","band":2,"off":[6.8,1.1]}},{"type":"Feature","geometry":{"type":"Point","coordinates":[17.116708,51.145711]},"properties":{"name":"MULICKA","band":2,"modes":"bus","arr":["944"],"off":[0,-0.8]}},{"type":"Feature","geometry":{"type":"Point","coordinates":[17.116708,51.145711]},"properties":{"line":"944","mode":"bus","color":"#0059a9","colorDark":"#00294f","band":2,"off":[0,1.1]}},{"type":"Feature","geometry":{"type":"Point","coordinates":[16.934956,51.09568]},"properties":{"name":"Gagarina","band":2,"modes":"bus","arr":["122"],"off":[0,-0.8]}},{"type":"Feature","geometry":{"type":"Point","coordinates":[16.934956,51.09568]},"properties":{"line":"122","mode":"bus","color":"#0059a9","colorDark":"#00294f","band":2,"off":[0,1.1]}},{"type":"Feature","geometry":{"type":"Point","coordinates":[17.037977,51.09696]},"properties":{"name":"SUCHA","band":2,"modes":"bus","arr":["122","612","240","250"],"off":[0,-0.8]}},{"type":"Feature","geometry":{"type":"Point","coordinates":[17.037977,51.09696]},"properties":{"name":"DWORZEC AUTOBUSOWY","band":2,"modes":"bus","arr":["122","612","240","250"],"off":[0,-1.9]}},{"type":"Feature","geometry":{"type":"Point","coordinates":[17.037977,51.09696]},"properties":{"line":"122","mode":"bus","color":"#0059a9","colorDark":"#00294f","band":2,"off":[-5.1,1.1]}},{"type":"Feature","geometry":{"type":"Point","coordinates":[17.037977,51.09696]},"properties":{"line":"612","mode":"bus","color":"#0059a9","colorDark":"#00294f","band":2,"off":[-1.7,1.1]}},{"type":"Feature","geometry":{"type":"Point","coordinates":[17.037977,51.09696]},"properties":{"line":"240","mode":"bus","color":"#000000","colorDark":"#000000","band":2,"off":[1.7,1.1]}},{"type":"Feature","geometry":{"type":"Point","coordinates":[17.037977,51.09696]},"properties":{"line":"250","mode":"bus","color":"#000000","colorDark":"#000000","band":2,"off":[5.1,1.1]}},{"type":"Feature","geometry":{"type":"Point","coordinates":[16.958257,51.13268]},"properties":{"name":"Metalowców","band":2,"modes":"bus","arr":["123"],"off":[0,-0.8]}},{"type":"Feature","geometry":{"type":"Point","coordinates":[16.958257,51.13268]},"properties":{"line":"123","mode":"bus","color":"#0059a9","colorDark":"#00294f","band":2,"off":[0,1.1]}},{"type":"Feature","geometry":{"type":"Point","coordinates":[16.952121,51.119611]},"properties":{"name":"Wrocław Nowy Dwór (P+R)","band":2,"modes":"tram,bus","arr":["13","23","124","128","134","927","241"],"off":[0,-0.8]}},{"type":"Feature","geometry":{"type":"Point","coordinates":[16.952121,51.119611]},"properties":{"line":"13","mode":"tram","color":"#d6212b","colorDark":"#7c1116","band":2,"off":[-6.8,1.1]}},{"type":"Feature","geometry":{"type":"Point","coordinates":[16.952121,51.119611]},"properties":{"line":"23","mode":"tram","color":"#d6212b","colorDark":"#7c1116","band":2,"off":[-3.4,1.1]}},{"type":"Feature","geometry":{"type":"Point","coordinates":[16.952121,51.119611]},"properties":{"line":"124","mode":"bus","color":"#0059a9","colorDark":"#00294f","band":2,"off":[0,1.1]}},{"type":"Feature","geometry":{"type":"Point","coordinates":[16.952121,51.119611]},"properties":{"line":"128","mode":"bus","color":"#0059a9","colorDark":"#00294f","band":2,"off":[3.4,1.1]}},{"type":"Feature","geometry":{"type":"Point","coordinates":[16.952121,51.119611]},"properties":{"line":"134","mode":"bus","color":"#0059a9","colorDark":"#00294f","band":2,"off":[6.8,1.1]}},{"type":"Feature","geometry":{"type":"Point","coordinates":[16.952121,51.119611]},"properties":{"line":"927","mode":"bus","color":"#0059a9","colorDark":"#00294f","band":2,"off":[-1.7,3.1]}},{"type":"Feature","geometry":{"type":"Point","coordinates":[16.952121,51.119611]},"properties":{"line":"241","mode":"bus","color":"#000000","colorDark":"#000000","band":2,"off":[1.7,3.1]}},{"type":"Feature","geometry":{"type":"Point","coordinates":[17.093033,51.069155]},"properties":{"name":"Brochowska","band":2,"modes":"bus","arr":["343"],"off":[0,-0.8]}},{"type":"Feature","geometry":{"type":"Point","coordinates":[17.093033,51.069155]},"properties":{"line":"343","mode":"bus","color":"#0059a9","colorDark":"#00294f","band":2,"off":[0,1.1]}},{"type":"Feature","geometry":{"type":"Point","coordinates":[17.097547,51.069867]},"properties":{"name":"KSIĘŻE WIELKIE","band":2,"modes":"bus","arr":["124","134","243"],"off":[0,-0.8]}},{"type":"Feature","geometry":{"type":"Point","coordinates":[17.097547,51.069867]},"properties":{"line":"124","mode":"bus","color":"#0059a9","colorDark":"#00294f","band":2,"off":[-3.4,1.1]}},{"type":"Feature","geometry":{"type":"Point","coordinates":[17.097547,51.069867]},"properties":{"line":"134","mode":"bus","color":"#0059a9","colorDark":"#00294f","band":2,"off":[0,1.1]}},{"type":"Feature","geometry":{"type":"Point","coordinates":[17.097547,51.069867]},"properties":{"line":"243","mode":"bus","color":"#000000","colorDark":"#000000","band":2,"off":[3.4,1.1]}},{"type":"Feature","geometry":{"type":"Point","coordinates":[16.952865,51.075993]},"properties":{"name":"TYNIECKA (pętla)","band":2,"modes":"bus","arr":["125","143"],"off":[0,-0.8]}},{"type":"Feature","geometry":{"type":"Point","coordinates":[16.952865,51.075993]},"properties":{"line":"125","mode":"bus","color":"#0059a9","colorDark":"#00294f","band":2,"off":[-1.7,1.1]}},{"type":"Feature","geometry":{"type":"Point","coordinates":[16.952865,51.075993]},"properties":{"line":"143","mode":"bus","color":"#0059a9","colorDark":"#00294f","band":2,"off":[1.7,1.1]}},{"type":"Feature","geometry":{"type":"Point","coordinates":[17.014397,51.067665]},"properties":{"name":"Wojszycka","band":2,"modes":"bus","arr":["126"],"off":[0,-0.8]}},{"type":"Feature","geometry":{"type":"Point","coordinates":[17.014397,51.067665]},"properties":{"line":"126","mode":"bus","color":"#0059a9","colorDark":"#00294f","band":2,"off":[0,1.1]}},{"type":"Feature","geometry":{"type":"Point","coordinates":[16.968755,51.137525]},"properties":{"name":"KOZANÓW","band":2,"modes":"bus","arr":["126","136","246"],"off":[0,-0.8]}},{"type":"Feature","geometry":{"type":"Point","coordinates":[16.968755,51.137525]},"properties":{"line":"126","mode":"bus","color":"#0059a9","colorDark":"#00294f","band":2,"off":[-3.4,1.1]}},{"type":"Feature","geometry":{"type":"Point","coordinates":[16.968755,51.137525]},"properties":{"line":"136","mode":"bus","color":"#0059a9","colorDark":"#00294f","band":2,"off":[0,1.1]}},{"type":"Feature","geometry":{"type":"Point","coordinates":[16.968755,51.137525]},"properties":{"line":"246","mode":"bus","color":"#000000","colorDark":"#000000","band":2,"off":[3.4,1.1]}},{"type":"Feature","geometry":{"type":"Point","coordinates":[17.011543,51.059154]},"properties":{"name":"ZWYCIĘSKA","band":2,"modes":"bus","arr":["127","144","259"],"off":[0,-0.8]}},{"type":"Feature","geometry":{"type":"Point","coordinates":[17.011543,51.059154]},"properties":{"line":"127","mode":"bus","color":"#0059a9","colorDark":"#00294f","band":2,"off":[-3.4,1.1]}},{"type":"Feature","geometry":{"type":"Point","coordinates":[17.011543,51.059154]},"properties":{"line":"144","mode":"bus","color":"#0059a9","colorDark":"#00294f","band":2,"off":[0,1.1]}},{"type":"Feature","geometry":{"type":"Point","coordinates":[17.011543,51.059154]},"properties":{"line":"259","mode":"bus","color":"#000000","colorDark":"#000000","band":2,"off":[3.4,1.1]}},{"type":"Feature","geometry":{"type":"Point","coordinates":[16.927865,51.157501]},"properties":{"name":"KOZIA","band":2,"modes":"bus","arr":["127"],"off":[0,-0.8]}},{"type":"Feature","geometry":{"type":"Point","coordinates":[16.927865,51.157501]},"properties":{"line":"127","mode":"bus","color":"#0059a9","colorDark":"#00294f","band":2,"off":[0,1.1]}},{"type":"Feature","geometry":{"type":"Point","coordinates":[17.124619,51.162031]},"properties":{"name":"ZAKRZÓW","band":2,"modes":"bus","arr":["128"],"off":[0,-0.8]}},{"type":"Feature","geometry":{"type":"Point","coordinates":[17.124619,51.162031]},"properties":{"line":"128","mode":"bus","color":"#0059a9","colorDark":"#00294f","band":2,"off":[0,1.1]}},{"type":"Feature","geometry":{"type":"Point","coordinates":[17.03222,51.156574]},"properties":{"name":"POŚWIĘCKA (Ośrodek zdrowia)","band":2,"modes":"bus","arr":["129","248"],"off":[0,-0.8]}},{"type":"Feature","geometry":{"type":"Point","coordinates":[17.03222,51.156574]},"properties":{"line":"129","mode":"bus","color":"#0059a9","colorDark":"#00294f","band":2,"off":[-1.7,1.1]}},{"type":"Feature","geometry":{"type":"Point","coordinates":[17.03222,51.156574]},"properties":{"line":"248","mode":"bus","color":"#000000","colorDark":"#000000","band":2,"off":[1.7,1.1]}},{"type":"Feature","geometry":{"type":"Point","coordinates":[17.047241,51.166005]},"properties":{"name":"POLANOWICE","band":2,"modes":"bus","arr":["130","144","247"],"off":[0,-0.8]}},{"type":"Feature","geometry":{"type":"Point","coordinates":[17.047241,51.166005]},"properties":{"line":"130","mode":"bus","color":"#0059a9","colorDark":"#00294f","band":2,"off":[-3.4,1.1]}},{"type":"Feature","geometry":{"type":"Point","coordinates":[17.047241,51.166005]},"properties":{"line":"144","mode":"bus","color":"#0059a9","colorDark":"#00294f","band":2,"off":[0,1.1]}},{"type":"Feature","geometry":{"type":"Point","coordinates":[17.047241,51.166005]},"properties":{"line":"247","mode":"bus","color":"#000000","colorDark":"#000000","band":2,"off":[3.4,1.1]}},{"type":"Feature","geometry":{"type":"Point","coordinates":[16.971731,51.084194]},"properties":{"name":"OPORÓW","band":2,"modes":"tram,bus","arr":["4","11","20","132","907","947","257"],"off":[0,-0.8]}},{"type":"Feature","geometry":{"type":"Point","coordinates":[16.971731,51.084194]},"properties":{"line":"4","mode":"tram","color":"#d6212b","colorDark":"#7c1116","band":2,"off":[-6.8,1.1]}},{"type":"Feature","geometry":{"type":"Point","coordinates":[16.971731,51.084194]},"properties":{"line":"11","mode":"tram","color":"#d6212b","colorDark":"#7c1116","band":2,"off":[-3.4,1.1]}},{"type":"Feature","geometry":{"type":"Point","coordinates":[16.971731,51.084194]},"properties":{"line":"20","mode":"tram","color":"#d6212b","colorDark":"#7c1116","band":2,"off":[0,1.1]}},{"type":"Feature","geometry":{"type":"Point","coordinates":[16.971731,51.084194]},"properties":{"line":"132","mode":"bus","color":"#0059a9","colorDark":"#00294f","band":2,"off":[3.4,1.1]}},{"type":"Feature","geometry":{"type":"Point","coordinates":[16.971731,51.084194]},"properties":{"line":"907","mode":"bus","color":"#0059a9","colorDark":"#00294f","band":2,"off":[6.8,1.1]}},{"type":"Feature","geometry":{"type":"Point","coordinates":[16.971731,51.084194]},"properties":{"line":"947","mode":"bus","color":"#0059a9","colorDark":"#00294f","band":2,"off":[-1.7,3.1]}},{"type":"Feature","geometry":{"type":"Point","coordinates":[16.971731,51.084194]},"properties":{"line":"257","mode":"bus","color":"#000000","colorDark":"#000000","band":2,"off":[1.7,3.1]}},{"type":"Feature","geometry":{"type":"Point","coordinates":[17.098916,51.066791]},"properties":{"name":"Zajezdnia TYSKA","band":2,"modes":"bus","arr":["133","134","310","240"],"off":[0,-0.8]}},{"type":"Feature","geometry":{"type":"Point","coordinates":[17.098916,51.066791]},"properties":{"line":"133","mode":"bus","color":"#0059a9","colorDark":"#00294f","band":2,"off":[-5.1,1.1]}},{"type":"Feature","geometry":{"type":"Point","coordinates":[17.098916,51.066791]},"properties":{"line":"134","mode":"bus","color":"#0059a9","colorDark":"#00294f","band":2,"off":[-1.7,1.1]}},{"type":"Feature","geometry":{"type":"Point","coordinates":[17.098916,51.066791]},"properties":{"line":"310","mode":"bus","color":"#0059a9","colorDark":"#00294f","band":2,"off":[1.7,1.1]}},{"type":"Feature","geometry":{"type":"Point","coordinates":[17.098916,51.066791]},"properties":{"line":"240","mode":"bus","color":"#000000","colorDark":"#000000","band":2,"off":[5.1,1.1]}},{"type":"Feature","geometry":{"type":"Point","coordinates":[16.977459,51.055279]},"properties":{"name":"ROD Bielany","band":2,"modes":"bus","arr":["133"],"off":[0,-0.8]}},{"type":"Feature","geometry":{"type":"Point","coordinates":[16.977459,51.055279]},"properties":{"line":"133","mode":"bus","color":"#0059a9","colorDark":"#00294f","band":2,"off":[0,1.1]}},{"type":"Feature","geometry":{"type":"Point","coordinates":[16.961252,51.04792]},"properties":{"name":"C.H. Aleja Bielany","band":2,"modes":"bus","arr":["133"],"off":[0,-0.8]}},{"type":"Feature","geometry":{"type":"Point","coordinates":[16.961252,51.04792]},"properties":{"line":"133","mode":"bus","color":"#0059a9","colorDark":"#00294f","band":2,"off":[0,1.1]}},{"type":"Feature","geometry":{"type":"Point","coordinates":[16.833592,51.176044]},"properties":{"name":"LAS MOKRZAŃSKI","band":2,"modes":"bus","arr":["137"],"off":[0,-0.8]}},{"type":"Feature","geometry":{"type":"Point","coordinates":[16.833592,51.176044]},"properties":{"line":"137","mode":"bus","color":"#0059a9","colorDark":"#00294f","band":2,"off":[0,1.1]}},{"type":"Feature","geometry":{"type":"Point","coordinates":[16.834577,51.149781]},"properties":{"name":"ŻAR","band":2,"modes":"bus","arr":["138"],"off":[0,-0.8]}},{"type":"Feature","geometry":{"type":"Point","coordinates":[16.834577,51.149781]},"properties":{"line":"138","mode":"bus","color":"#0059a9","colorDark":"#00294f","band":2,"off":[0,1.1]}},{"type":"Feature","geometry":{"type":"Point","coordinates":[16.843934,51.121395]},"properties":{"name":"JARNOŁTÓW","band":2,"modes":"bus","arr":["142","249"],"off":[0,-0.8]}},{"type":"Feature","geometry":{"type":"Point","coordinates":[16.843934,51.121395]},"properties":{"line":"142","mode":"bus","color":"#0059a9","colorDark":"#00294f","band":2,"off":[-1.7,1.1]}},{"type":"Feature","geometry":{"type":"Point","coordinates":[16.843934,51.121395]},"properties":{"line":"249","mode":"bus","color":"#000000","colorDark":"#000000","band":2,"off":[1.7,1.1]}},{"type":"Feature","geometry":{"type":"Point","coordinates":[17.116502,51.102176]},"properties":{"name":"BARTOSZOWICE","band":2,"modes":"bus","arr":["143","145","345","255"],"off":[0,-0.8]}},{"type":"Feature","geometry":{"type":"Point","coordinates":[17.116502,51.102176]},"properties":{"line":"143","mode":"bus","color":"#0059a9","colorDark":"#00294f","band":2,"off":[-5.1,1.1]}},{"type":"Feature","geometry":{"type":"Point","coordinates":[17.116502,51.102176]},"properties":{"line":"145","mode":"bus","color":"#0059a9","colorDark":"#00294f","band":2,"off":[-1.7,1.1]}},{"type":"Feature","geometry":{"type":"Point","coordinates":[17.116502,51.102176]},"properties":{"line":"345","mode":"bus","color":"#0059a9","colorDark":"#00294f","band":2,"off":[1.7,1.1]}},{"type":"Feature","geometry":{"type":"Point","coordinates":[17.116502,51.102176]},"properties":{"line":"255","mode":"bus","color":"#000000","colorDark":"#000000","band":2,"off":[5.1,1.1]}},{"type":"Feature","geometry":{"type":"Point","coordinates":[17.103096,51.101923]},"properties":{"name":"Spółdzielcza","band":2,"modes":"bus","arr":["146"],"off":[0,-0.8]}},{"type":"Feature","geometry":{"type":"Point","coordinates":[17.103096,51.101923]},"properties":{"line":"146","mode":"bus","color":"#0059a9","colorDark":"#00294f","band":2,"off":[0,1.1]}},{"type":"Feature","geometry":{"type":"Point","coordinates":[17.104509,51.153708]},"properties":{"name":"ROD Pod Dębem","band":2,"modes":"bus","arr":["147","747"],"off":[0,-0.8]}},{"type":"Feature","geometry":{"type":"Point","coordinates":[17.104509,51.153708]},"properties":{"line":"147","mode":"bus","color":"#0059a9","colorDark":"#00294f","band":2,"off":[-1.7,1.1]}},{"type":"Feature","geometry":{"type":"Point","coordinates":[17.104509,51.153708]},"properties":{"line":"747","mode":"bus","color":"#0059a9","colorDark":"#00294f","band":2,"off":[1.7,1.1]}},{"type":"Feature","geometry":{"type":"Point","coordinates":[16.950078,51.123345]},"properties":{"name":"KUŹNIKI","band":2,"modes":"bus","arr":["149"],"off":[0,-0.8]}},{"type":"Feature","geometry":{"type":"Point","coordinates":[16.950078,51.123345]},"properties":{"line":"149","mode":"bus","color":"#0059a9","colorDark":"#00294f","band":2,"off":[0,1.1]}},{"type":"Feature","geometry":{"type":"Point","coordinates":[17.116372,51.173356]},"properties":{"name":"PAWŁOWICE (Widawska)","band":2,"modes":"bus","arr":["151","241"],"off":[0,-0.8]}},{"type":"Feature","geometry":{"type":"Point","coordinates":[17.116372,51.173356]},"properties":{"line":"151","mode":"bus","color":"#0059a9","colorDark":"#00294f","band":2,"off":[-1.7,1.1]}},{"type":"Feature","geometry":{"type":"Point","coordinates":[17.116372,51.173356]},"properties":{"line":"241","mode":"bus","color":"#000000","colorDark":"#000000","band":2,"off":[1.7,1.1]}},{"type":"Feature","geometry":{"type":"Point","coordinates":[16.989628,51.082061]},"properties":{"name":"BLACHARSKA","band":2,"modes":"bus","arr":["152"],"off":[0,-0.8]}},{"type":"Feature","geometry":{"type":"Point","coordinates":[16.989628,51.082061]},"properties":{"line":"152","mode":"bus","color":"#0059a9","colorDark":"#00294f","band":2,"off":[0,1.1]}},{"type":"Feature","geometry":{"type":"Point","coordinates":[17.128092,51.114714]},"properties":{"name":"SWOJCZYCE","band":2,"modes":"bus","arr":["315","715"],"off":[0,-0.8]}},{"type":"Feature","geometry":{"type":"Point","coordinates":[17.128092,51.114714]},"properties":{"line":"315","mode":"bus","color":"#0059a9","colorDark":"#00294f","band":2,"off":[-1.7,1.1]}},{"type":"Feature","geometry":{"type":"Point","coordinates":[17.128092,51.114714]},"properties":{"line":"715","mode":"bus","color":"#0059a9","colorDark":"#00294f","band":2,"off":[1.7,1.1]}},{"type":"Feature","geometry":{"type":"Point","coordinates":[17.043148,51.150709]},"properties":{"name":"KAMIEŃSKIEGO (pętla)","band":2,"modes":"bus","arr":["319","K"],"off":[0,-0.8]}},{"type":"Feature","geometry":{"type":"Point","coordinates":[17.043148,51.150709]},"properties":{"line":"319","mode":"bus","color":"#0059a9","colorDark":"#00294f","band":2,"off":[-1.7,1.1]}},{"type":"Feature","geometry":{"type":"Point","coordinates":[17.043148,51.150709]},"properties":{"line":"K","mode":"bus","color":"#0059a9","colorDark":"#00294f","band":2,"off":[1.7,1.1]}},{"type":"Feature","geometry":{"type":"Point","coordinates":[17.090088,51.116856]},"properties":{"name":"Stadion Olimpijski","band":2,"modes":"tram,bus","arr":["13","345","715","941","253"],"off":[0,-0.8]}},{"type":"Feature","geometry":{"type":"Point","coordinates":[17.090088,51.116856]},"properties":{"line":"13","mode":"tram","color":"#d6212b","colorDark":"#7c1116","band":2,"off":[-6.8,1.1]}},{"type":"Feature","geometry":{"type":"Point","coordinates":[17.090088,51.116856]},"properties":{"line":"345","mode":"bus","color":"#0059a9","colorDark":"#00294f","band":2,"off":[-3.4,1.1]}},{"type":"Feature","geometry":{"type":"Point","coordinates":[17.090088,51.116856]},"properties":{"line":"715","mode":"bus","color":"#0059a9","colorDark":"#00294f","band":2,"off":[0,1.1]}},{"type":"Feature","geometry":{"type":"Point","coordinates":[17.090088,51.116856]},"properties":{"line":"941","mode":"bus","color":"#0059a9","colorDark":"#00294f","band":2,"off":[3.4,1.1]}},{"type":"Feature","geometry":{"type":"Point","coordinates":[17.090088,51.116856]},"properties":{"line":"253","mode":"bus","color":"#000000","colorDark":"#000000","band":2,"off":[6.8,1.1]}},{"type":"Feature","geometry":{"type":"Point","coordinates":[16.880629,51.017242]},"properties":{"name":"Biskupice Podg. LG Energy Solution Wr. I","band":2,"modes":"bus","arr":["602","607"],"off":[0,-0.8]}},{"type":"Feature","geometry":{"type":"Point","coordinates":[16.880629,51.017242]},"properties":{"line":"602","mode":"bus","color":"#0059a9","colorDark":"#00294f","band":2,"off":[-1.7,1.1]}},{"type":"Feature","geometry":{"type":"Point","coordinates":[16.880629,51.017242]},"properties":{"line":"607","mode":"bus","color":"#0059a9","colorDark":"#00294f","band":2,"off":[1.7,1.1]}},{"type":"Feature","geometry":{"type":"Point","coordinates":[17.096284,51.156951]},"properties":{"name":"KŁOKOCZYCE","band":2,"modes":"bus","arr":["747"],"off":[0,-0.8]}},{"type":"Feature","geometry":{"type":"Point","coordinates":[17.096284,51.156951]},"properties":{"line":"747","mode":"bus","color":"#0059a9","colorDark":"#00294f","band":2,"off":[0,1.1]}},{"type":"Feature","geometry":{"type":"Point","coordinates":[17.04015,50.980071]},"properties":{"name":"Żórawina - Niepodległości (Mostek)","band":2,"modes":"bus","arr":["903"],"off":[0,-0.8]}},{"type":"Feature","geometry":{"type":"Point","coordinates":[17.04015,50.980071]},"properties":{"name":"Żórawina - kościół Św. Trójcy","band":2,"modes":"bus","arr":["903"],"off":[0,-3]}},{"type":"Feature","geometry":{"type":"Point","coordinates":[17.04015,50.980071]},"properties":{"line":"903","mode":"bus","color":"#0059a9","colorDark":"#00294f","band":2,"off":[0,1.1]}},{"type":"Feature","geometry":{"type":"Point","coordinates":[17.175766,51.232316]},"properties":{"name":"Łozina - skrzy.","band":2,"modes":"bus","arr":["904","941"],"off":[0,-0.8]}},{"type":"Feature","geometry":{"type":"Point","coordinates":[17.175766,51.232316]},"properties":{"name":"Łozina - Kościół","band":2,"modes":"bus","arr":["904","941"],"off":[0,-1.9]}},{"type":"Feature","geometry":{"type":"Point","coordinates":[17.175766,51.232316]},"properties":{"line":"904","mode":"bus","color":"#0059a9","colorDark":"#00294f","band":2,"off":[-1.7,1.1]}},{"type":"Feature","geometry":{"type":"Point","coordinates":[17.175766,51.232316]},"properties":{"line":"941","mode":"bus","color":"#0059a9","colorDark":"#00294f","band":2,"off":[1.7,1.1]}},{"type":"Feature","geometry":{"type":"Point","coordinates":[17.238475,51.221135]},"properties":{"name":"Januszkowice - Wrocławska","band":2,"modes":"bus","arr":["928"],"off":[0,-0.8]}},{"type":"Feature","geometry":{"type":"Point","coordinates":[17.238475,51.221135]},"properties":{"line":"928","mode":"bus","color":"#0059a9","colorDark":"#00294f","band":2,"off":[0,1.1]}},{"type":"Feature","geometry":{"type":"Point","coordinates":[17.177798,51.233355]},"properties":{"name":"Łozina - Milicka/poczta","band":2,"modes":"bus","arr":["904"],"off":[0,-0.8]}},{"type":"Feature","geometry":{"type":"Point","coordinates":[17.177798,51.233355]},"properties":{"line":"904","mode":"bus","color":"#0059a9","colorDark":"#00294f","band":2,"off":[0,1.1]}},{"type":"Feature","geometry":{"type":"Point","coordinates":[16.978052,51.238922]},"properties":{"name":"Ozorowice","band":2,"modes":"bus","arr":["905"],"off":[0,-0.8]}},{"type":"Feature","geometry":{"type":"Point","coordinates":[16.978052,51.238922]},"properties":{"line":"905","mode":"bus","color":"#0059a9","colorDark":"#00294f","band":2,"off":[0,1.1]}},{"type":"Feature","geometry":{"type":"Point","coordinates":[16.837446,51.051285]},"properties":{"name":"Sadków - Szkolna/szkoła","band":2,"modes":"bus","arr":["907"],"off":[0,-0.8]}},{"type":"Feature","geometry":{"type":"Point","coordinates":[16.837446,51.051285]},"properties":{"line":"907","mode":"bus","color":"#0059a9","colorDark":"#00294f","band":2,"off":[0,1.1]}},{"type":"Feature","geometry":{"type":"Point","coordinates":[17.038982,51.207104]},"properties":{"name":"Kryniczno - Kościół","band":2,"modes":"bus","arr":["908"],"off":[0,-0.8]}},{"type":"Feature","geometry":{"type":"Point","coordinates":[17.038982,51.207104]},"properties":{"line":"908","mode":"bus","color":"#0059a9","colorDark":"#00294f","band":2,"off":[0,1.1]}},{"type":"Feature","geometry":{"type":"Point","coordinates":[16.771247,51.087763]},"properties":{"name":"Bogdaszowice - Słoneczna","band":2,"modes":"bus","arr":["909"],"off":[0,-0.8]}},{"type":"Feature","geometry":{"type":"Point","coordinates":[16.771247,51.087763]},"properties":{"line":"909","mode":"bus","color":"#0059a9","colorDark":"#00294f","band":2,"off":[0,1.1]}},{"type":"Feature","geometry":{"type":"Point","coordinates":[17.217523,51.144533]},"properties":{"name":"Piecowice","band":2,"modes":"bus","arr":["911"],"off":[0,-0.8]}},{"type":"Feature","geometry":{"type":"Point","coordinates":[17.217523,51.144533]},"properties":{"line":"911","mode":"bus","color":"#0059a9","colorDark":"#00294f","band":2,"off":[0,1.1]}},{"type":"Feature","geometry":{"type":"Point","coordinates":[17.003667,50.982886]},"properties":{"name":"Galowice - Muzeum Powozów","band":2,"modes":"bus","arr":["913"],"off":[0,-0.8]}},{"type":"Feature","geometry":{"type":"Point","coordinates":[17.003667,50.982886]},"properties":{"line":"913","mode":"bus","color":"#0059a9","colorDark":"#00294f","band":2,"off":[0,1.1]}},{"type":"Feature","geometry":{"type":"Point","coordinates":[17.134234,51.188612]},"properties":{"name":"Pruszowice","band":2,"modes":"bus","arr":["914"],"off":[0,-0.8]}},{"type":"Feature","geometry":{"type":"Point","coordinates":[17.134234,51.188612]},"properties":{"line":"914","mode":"bus","color":"#0059a9","colorDark":"#00294f","band":2,"off":[0,1.1]}},{"type":"Feature","geometry":{"type":"Point","coordinates":[16.810747,51.111862]},"properties":{"name":"GAŁÓW (pętla)","band":2,"modes":"bus","arr":["917"],"off":[0,-0.8]}},{"type":"Feature","geometry":{"type":"Point","coordinates":[16.810747,51.111862]},"properties":{"line":"917","mode":"bus","color":"#0059a9","colorDark":"#00294f","band":2,"off":[0,1.1]}},{"type":"Feature","geometry":{"type":"Point","coordinates":[17.262829,51.0627]},"properties":{"name":"Wojnowice - pętla","band":2,"modes":"bus","arr":["920"],"off":[0,-0.8]}},{"type":"Feature","geometry":{"type":"Point","coordinates":[17.262829,51.0627]},"properties":{"line":"920","mode":"bus","color":"#0059a9","colorDark":"#00294f","band":2,"off":[0,1.1]}},{"type":"Feature","geometry":{"type":"Point","coordinates":[17.213372,51.128798]},"properties":{"name":"Śliwice","band":2,"modes":"bus","arr":["921"],"off":[0,-0.8]}},{"type":"Feature","geometry":{"type":"Point","coordinates":[17.213372,51.128798]},"properties":{"line":"921","mode":"bus","color":"#0059a9","colorDark":"#00294f","band":2,"off":[0,1.1]}},{"type":"Feature","geometry":{"type":"Point","coordinates":[16.826486,51.203192]},"properties":{"name":"BRZEZINA (pętla)","band":2,"modes":"bus","arr":["923"],"off":[0,-0.8]}},{"type":"Feature","geometry":{"type":"Point","coordinates":[16.826486,51.203192]},"properties":{"line":"923","mode":"bus","color":"#0059a9","colorDark":"#00294f","band":2,"off":[0,1.1]}},{"type":"Feature","geometry":{"type":"Point","coordinates":[16.837428,51.21919]},"properties":{"name":"Brzezinka Średzka - PKP","band":2,"modes":"bus","arr":["937"],"off":[0,-0.8]}},{"type":"Feature","geometry":{"type":"Point","coordinates":[16.837428,51.21919]},"properties":{"line":"937","mode":"bus","color":"#0059a9","colorDark":"#00294f","band":2,"off":[0,1.1]}},{"type":"Feature","geometry":{"type":"Point","coordinates":[17.285559,51.213412]},"properties":{"name":"Stępin - Kościół","band":2,"modes":"bus","arr":["924"],"off":[0,-0.8]}},{"type":"Feature","geometry":{"type":"Point","coordinates":[17.285559,51.213412]},"properties":{"line":"924","mode":"bus","color":"#0059a9","colorDark":"#00294f","band":2,"off":[0,1.1]}},{"type":"Feature","geometry":{"type":"Point","coordinates":[16.907934,51.088354]},"properties":{"name":"Smolec - Wiśniowa","band":2,"modes":"bus","arr":["927","967"],"off":[0,-0.8]}},{"type":"Feature","geometry":{"type":"Point","coordinates":[16.907934,51.088354]},"properties":{"line":"927","mode":"bus","color":"#0059a9","colorDark":"#00294f","band":2,"off":[-1.7,1.1]}},{"type":"Feature","geometry":{"type":"Point","coordinates":[16.907934,51.088354]},"properties":{"line":"967","mode":"bus","color":"#0059a9","colorDark":"#00294f","band":2,"off":[1.7,1.1]}},{"type":"Feature","geometry":{"type":"Point","coordinates":[17.130111,51.24057]},"properties":{"name":"Godzieszowa - transformator","band":2,"modes":"bus","arr":["930","931"],"off":[0,-0.8]}},{"type":"Feature","geometry":{"type":"Point","coordinates":[17.130111,51.24057]},"properties":{"line":"930","mode":"bus","color":"#0059a9","colorDark":"#00294f","band":2,"off":[-1.7,1.1]}},{"type":"Feature","geometry":{"type":"Point","coordinates":[17.130111,51.24057]},"properties":{"line":"931","mode":"bus","color":"#0059a9","colorDark":"#00294f","band":2,"off":[1.7,1.1]}},{"type":"Feature","geometry":{"type":"Point","coordinates":[17.186016,51.118955]},"properties":{"name":"Kiełczówek - pętla","band":2,"modes":"bus","arr":["931"],"off":[0,-0.8]}},{"type":"Feature","geometry":{"type":"Point","coordinates":[17.186016,51.118955]},"properties":{"line":"931","mode":"bus","color":"#0059a9","colorDark":"#00294f","band":2,"off":[0,1.1]}},{"type":"Feature","geometry":{"type":"Point","coordinates":[16.945503,51.056806]},"properties":{"name":"Zabrodzie - pętla","band":2,"modes":"bus","arr":["933"],"off":[0,-0.8]}},{"type":"Feature","geometry":{"type":"Point","coordinates":[16.945503,51.056806]},"properties":{"line":"933","mode":"bus","color":"#0059a9","colorDark":"#00294f","band":2,"off":[0,1.1]}},{"type":"Feature","geometry":{"type":"Point","coordinates":[16.740389,51.121477]},"properties":{"name":"Łowęcice - Staw","band":2,"modes":"bus","arr":["938"],"off":[0,-0.8]}},{"type":"Feature","geometry":{"type":"Point","coordinates":[16.740389,51.121477]},"properties":{"line":"938","mode":"bus","color":"#0059a9","colorDark":"#00294f","band":2,"off":[0,1.1]}},{"type":"Feature","geometry":{"type":"Point","coordinates":[17.169617,51.159098]},"properties":{"name":"Mirków - skrzy. Polna pętla","band":2,"modes":"bus","arr":["944"],"off":[0,-0.8]}},{"type":"Feature","geometry":{"type":"Point","coordinates":[17.169617,51.159098]},"properties":{"line":"944","mode":"bus","color":"#0059a9","colorDark":"#00294f","band":2,"off":[0,1.1]}},{"type":"Feature","geometry":{"type":"Point","coordinates":[17.308509,51.096392]},"properties":{"name":"Chrząstawa Wielka - pętla","band":2,"modes":"bus","arr":["945"],"off":[0,-0.8]}},{"type":"Feature","geometry":{"type":"Point","coordinates":[17.308509,51.096392]},"properties":{"line":"945","mode":"bus","color":"#0059a9","colorDark":"#00294f","band":2,"off":[0,1.1]}},{"type":"Feature","geometry":{"type":"Point","coordinates":[16.823737,51.077017]},"properties":{"name":"Małkowice - Główna","band":2,"modes":"bus","arr":["947"],"off":[0,-0.8]}},{"type":"Feature","geometry":{"type":"Point","coordinates":[16.823737,51.077017]},"properties":{"line":"947","mode":"bus","color":"#0059a9","colorDark":"#00294f","band":2,"off":[0,1.1]}},{"type":"Feature","geometry":{"type":"Point","coordinates":[16.738204,51.193811]},"properties":{"name":"Miękinia - pętla","band":2,"modes":"bus","arr":["948"],"off":[0,-0.8]}},{"type":"Feature","geometry":{"type":"Point","coordinates":[16.738204,51.193811]},"properties":{"line":"948","mode":"bus","color":"#0059a9","colorDark":"#00294f","band":2,"off":[0,1.1]}},{"type":"Feature","geometry":{"type":"Point","coordinates":[17.27837,51.033392]},"properties":{"name":"Ratowice - pętla","band":2,"modes":"bus","arr":["955"],"off":[0,-0.8]}},{"type":"Feature","geometry":{"type":"Point","coordinates":[17.27837,51.033392]},"properties":{"line":"955","mode":"bus","color":"#0059a9","colorDark":"#00294f","band":2,"off":[0,1.1]}},{"type":"Feature","geometry":{"type":"Point","coordinates":[16.762221,51.242269]},"properties":{"name":"Księginice P&R","band":2,"modes":"bus","arr":["958"],"off":[0,-0.8]}},{"type":"Feature","geometry":{"type":"Point","coordinates":[16.762221,51.242269]},"properties":{"line":"958","mode":"bus","color":"#0059a9","colorDark":"#00294f","band":2,"off":[0,1.1]}},{"type":"Feature","geometry":{"type":"Point","coordinates":[17.272124,51.121811]},"properties":{"name":"Brzezia Łąka - Główna pętla","band":2,"modes":"bus","arr":["961"],"off":[0,-0.8]}},{"type":"Feature","geometry":{"type":"Point","coordinates":[17.272124,51.121811]},"properties":{"line":"961","mode":"bus","color":"#0059a9","colorDark":"#00294f","band":2,"off":[0,1.1]}},{"type":"Feature","geometry":{"type":"Point","coordinates":[17.275189,51.155959]},"properties":{"name":"Raków IV","band":2,"modes":"bus","arr":["964"],"off":[0,-0.8]}},{"type":"Feature","geometry":{"type":"Point","coordinates":[17.275189,51.155959]},"properties":{"line":"964","mode":"bus","color":"#0059a9","colorDark":"#00294f","band":2,"off":[0,1.1]}},{"type":"Feature","geometry":{"type":"Point","coordinates":[17.030688,51.092096]},"properties":{"name":"PETRUSEWICZA","band":2,"modes":"bus","arr":["206","242","244"],"off":[0,-0.8]}},{"type":"Feature","geometry":{"type":"Point","coordinates":[17.030688,51.092096]},"properties":{"line":"206","mode":"bus","color":"#000000","colorDark":"#000000","band":2,"off":[-3.4,1.1]}},{"type":"Feature","geometry":{"type":"Point","coordinates":[17.030688,51.092096]},"properties":{"line":"242","mode":"bus","color":"#000000","colorDark":"#000000","band":2,"off":[0,1.1]}},{"type":"Feature","geometry":{"type":"Point","coordinates":[17.030688,51.092096]},"properties":{"line":"244","mode":"bus","color":"#000000","colorDark":"#000000","band":2,"off":[3.4,1.1]}},{"type":"Feature","geometry":{"type":"Point","coordinates":[17.102432,51.127917]},"properties":{"name":"KOWALE","band":2,"modes":"tram,bus","arr":["8","23","24","242"],"off":[0,-0.8]}},{"type":"Feature","geometry":{"type":"Point","coordinates":[17.102432,51.127917]},"properties":{"line":"8","mode":"tram","color":"#d6212b","colorDark":"#7c1116","band":2,"off":[-5.1,1.1]}},{"type":"Feature","geometry":{"type":"Point","coordinates":[17.102432,51.127917]},"properties":{"line":"23","mode":"tram","color":"#d6212b","colorDark":"#7c1116","band":2,"off":[-1.7,1.1]}},{"type":"Feature","geometry":{"type":"Point","coordinates":[17.102432,51.127917]},"properties":{"line":"24","mode":"tram","color":"#d6212b","colorDark":"#7c1116","band":2,"off":[1.7,1.1]}},{"type":"Feature","geometry":{"type":"Point","coordinates":[17.102432,51.127917]},"properties":{"line":"242","mode":"bus","color":"#000000","colorDark":"#000000","band":2,"off":[5.1,1.1]}},{"type":"Feature","geometry":{"type":"Point","coordinates":[17.077863,51.105521]},"properties":{"name":"ZOO","band":2,"modes":"tram","arr":["0","19","T"],"off":[0,-0.8]}},{"type":"Feature","geometry":{"type":"Point","coordinates":[17.077863,51.105521]},"properties":{"line":"0","mode":"tram","color":"#d6212b","colorDark":"#7c1116","band":2,"off":[-3.4,1.1]}},{"type":"Feature","geometry":{"type":"Point","coordinates":[17.077863,51.105521]},"properties":{"line":"19","mode":"tram","color":"#d6212b","colorDark":"#7c1116","band":2,"off":[0,1.1]}},{"type":"Feature","geometry":{"type":"Point","coordinates":[17.077863,51.105521]},"properties":{"line":"T","mode":"tram","color":"#d6212b","colorDark":"#7c1116","band":2,"off":[3.4,1.1]}},{"type":"Feature","geometry":{"type":"Point","coordinates":[17.028711,51.150236]},"properties":{"name":"POŚWIĘTNE","band":2,"modes":"tram","arr":["1","7","15"],"off":[0,-0.8]}},{"type":"Feature","geometry":{"type":"Point","coordinates":[17.028711,51.150236]},"properties":{"line":"1","mode":"tram","color":"#d6212b","colorDark":"#7c1116","band":2,"off":[-3.4,1.1]}},{"type":"Feature","geometry":{"type":"Point","coordinates":[17.028711,51.150236]},"properties":{"line":"7","mode":"tram","color":"#d6212b","colorDark":"#7c1116","band":2,"off":[0,1.1]}},{"type":"Feature","geometry":{"type":"Point","coordinates":[17.028711,51.150236]},"properties":{"line":"15","mode":"tram","color":"#d6212b","colorDark":"#7c1116","band":2,"off":[3.4,1.1]}},{"type":"Feature","geometry":{"type":"Point","coordinates":[17.108702,51.101185]},"properties":{"name":"BISKUPIN","band":2,"modes":"tram","arr":["1","2","4","10"],"off":[0,-0.8]}},{"type":"Feature","geometry":{"type":"Point","coordinates":[17.108702,51.101185]},"properties":{"line":"1","mode":"tram","color":"#d6212b","colorDark":"#7c1116","band":2,"off":[-5.1,1.1]}},{"type":"Feature","geometry":{"type":"Point","coordinates":[17.108702,51.101185]},"properties":{"line":"2","mode":"tram","color":"#d6212b","colorDark":"#7c1116","band":2,"off":[-1.7,1.1]}},{"type":"Feature","geometry":{"type":"Point","coordinates":[17.108702,51.101185]},"properties":{"line":"4","mode":"tram","color":"#d6212b","colorDark":"#7c1116","band":2,"off":[1.7,1.1]}},{"type":"Feature","geometry":{"type":"Point","coordinates":[17.108702,51.101185]},"properties":{"line":"10","mode":"tram","color":"#d6212b","colorDark":"#7c1116","band":2,"off":[5.1,1.1]}},{"type":"Feature","geometry":{"type":"Point","coordinates":[16.950602,51.136012]},"properties":{"name":"PILCZYCE","band":2,"modes":"tram","arr":["22","24"],"off":[0,-0.8]}},{"type":"Feature","geometry":{"type":"Point","coordinates":[16.950602,51.136012]},"properties":{"line":"22","mode":"tram","color":"#d6212b","colorDark":"#7c1116","band":2,"off":[-1.7,1.1]}},{"type":"Feature","geometry":{"type":"Point","coordinates":[16.950602,51.136012]},"properties":{"line":"24","mode":"tram","color":"#d6212b","colorDark":"#7c1116","band":2,"off":[1.7,1.1]}},{"type":"Feature","geometry":{"type":"Point","coordinates":[17.031905,51.107397]},"properties":{"name":"Świdnicka","band":2,"modes":"tram","arr":["12"],"off":[0,-0.8]}},{"type":"Feature","geometry":{"type":"Point","coordinates":[17.031905,51.107397]},"properties":{"line":"12","mode":"tram","color":"#d6212b","colorDark":"#7c1116","band":2,"off":[0,1.1]}},{"type":"Feature","geometry":{"type":"Point","coordinates":[17.083531,51.077664]},"properties":{"name":"KSIĘŻE MAŁE","band":2,"modes":"tram","arr":["3","5"],"off":[0,-0.8]}},{"type":"Feature","geometry":{"type":"Point","coordinates":[17.083531,51.077664]},"properties":{"line":"3","mode":"tram","color":"#d6212b","colorDark":"#7c1116","band":2,"off":[-1.7,1.1]}},{"type":"Feature","geometry":{"type":"Point","coordinates":[17.083531,51.077664]},"properties":{"line":"5","mode":"tram","color":"#d6212b","colorDark":"#7c1116","band":2,"off":[1.7,1.1]}},{"type":"Feature","geometry":{"type":"Point","coordinates":[16.976783,51.090372]},"properties":{"name":"GRABISZYŃSKA (Cmentarz)","band":2,"modes":"tram","arr":["5"],"off":[0,-0.8]}},{"type":"Feature","geometry":{"type":"Point","coordinates":[16.976783,51.090372]},"properties":{"line":"5","mode":"tram","color":"#d6212b","colorDark":"#7c1116","band":2,"off":[0,1.1]}},{"type":"Feature","geometry":{"type":"Point","coordinates":[16.987397,51.065691]},"properties":{"name":"KLECINA","band":2,"modes":"tram","arr":["7","17"],"off":[0,-0.8]}},{"type":"Feature","geometry":{"type":"Point","coordinates":[16.987397,51.065691]},"properties":{"line":"7","mode":"tram","color":"#d6212b","colorDark":"#7c1116","band":2,"off":[-1.7,1.1]}},{"type":"Feature","geometry":{"type":"Point","coordinates":[16.987397,51.065691]},"properties":{"line":"17","mode":"tram","color":"#d6212b","colorDark":"#7c1116","band":2,"off":[1.7,1.1]}},{"type":"Feature","geometry":{"type":"Point","coordinates":[17.03185,51.105617]},"properties":{"name":"Opera","band":2,"modes":"tram","arr":["T"],"off":[0,-0.8]}},{"type":"Feature","geometry":{"type":"Point","coordinates":[17.03185,51.105617]},"properties":{"line":"T","mode":"tram","color":"#d6212b","colorDark":"#7c1116","band":2,"off":[0,1.1]}},{"type":"Feature","geometry":{"type":"Point","coordinates":[17.014336,51.072816]},"properties":{"name":"PARK POŁUDNIOWY","band":2,"modes":"tram","arr":["9","15"],"off":[0,-0.8]}},{"type":"Feature","geometry":{"type":"Point","coordinates":[17.014336,51.072816]},"properties":{"line":"9","mode":"tram","color":"#d6212b","colorDark":"#7c1116","band":2,"off":[-1.7,1.1]}},{"type":"Feature","geometry":{"type":"Point","coordinates":[17.014336,51.072816]},"properties":{"line":"15","mode":"tram","color":"#d6212b","colorDark":"#7c1116","band":2,"off":[1.7,1.1]}},{"type":"Feature","geometry":{"type":"Point","coordinates":[16.964056,51.141137]},"properties":{"name":"KOZANÓW (Dokerska)","band":2,"modes":"tram","arr":["12","19"],"off":[0,-0.8]}},{"type":"Feature","geometry":{"type":"Point","coordinates":[16.964056,51.141137]},"properties":{"line":"12","mode":"tram","color":"#d6212b","colorDark":"#7c1116","band":2,"off":[-1.7,1.1]}},{"type":"Feature","geometry":{"type":"Point","coordinates":[16.964056,51.141137]},"properties":{"line":"19","mode":"tram","color":"#d6212b","colorDark":"#7c1116","band":2,"off":[1.7,1.1]}},{"type":"Feature","geometry":{"type":"Point","coordinates":[16.959425,51.140174]},"properties":{"name":"Górnicza","band":2,"modes":"tram","arr":["12","19"],"off":[0,-0.8]}},{"type":"Feature","geometry":{"type":"Point","coordinates":[16.959425,51.140174]},"properties":{"line":"12","mode":"tram","color":"#d6212b","colorDark":"#7c1116","band":2,"off":[-1.7,1.1]}},{"type":"Feature","geometry":{"type":"Point","coordinates":[16.959425,51.140174]},"properties":{"line":"19","mode":"tram","color":"#d6212b","colorDark":"#7c1116","band":2,"off":[1.7,1.1]}},{"type":"Feature","geometry":{"type":"Point","coordinates":[16.995096,51.13693]},"properties":{"name":"OSOBOWICE","band":2,"modes":"tram","arr":["14","16"],"off":[0,-0.8]}},{"type":"Feature","geometry":{"type":"Point","coordinates":[16.995096,51.13693]},"properties":{"line":"14","mode":"tram","color":"#d6212b","colorDark":"#7c1116","band":2,"off":[-1.7,1.1]}},{"type":"Feature","geometry":{"type":"Point","coordinates":[16.995096,51.13693]},"properties":{"line":"16","mode":"tram","color":"#d6212b","colorDark":"#7c1116","band":2,"off":[1.7,1.1]}},{"type":"Feature","geometry":{"type":"Point","coordinates":[17.040714,51.077167]},"properties":{"name":"GAJ","band":2,"modes":"tram","arr":["18","21"],"off":[0,-0.8]}},{"type":"Feature","geometry":{"type":"Point","coordinates":[17.040714,51.077167]},"properties":{"line":"18","mode":"tram","color":"#d6212b","colorDark":"#7c1116","band":2,"off":[-1.7,1.1]}},{"type":"Feature","geometry":{"type":"Point","coordinates":[17.040714,51.077167]},"properties":{"line":"21","mode":"tram","color":"#d6212b","colorDark":"#7c1116","band":2,"off":[1.7,1.1]}},{"type":"Feature","geometry":{"type":"Point","coordinates":[16.950289,51.143578]},"properties":{"name":"TARCZYŃSKI ARENA (Królewiecka)","band":2,"modes":"tram","arr":["18","21"],"off":[0,-0.8]}},{"type":"Feature","geometry":{"type":"Point","coordinates":[16.950289,51.143578]},"properties":{"line":"18","mode":"tram","color":"#d6212b","colorDark":"#7c1116","band":2,"off":[-1.7,1.1]}},{"type":"Feature","geometry":{"type":"Point","coordinates":[16.950289,51.143578]},"properties":{"line":"21","mode":"tram","color":"#d6212b","colorDark":"#7c1116","band":2,"off":[1.7,1.1]}},{"type":"Feature","geometry":{"type":"Point","coordinates":[17.123977,51.071213]},"properties":{"name":"MOKRY DWÓR","band":3,"modes":"bus","arr":["100"],"off":[0,-0.8]}},{"type":"Feature","geometry":{"type":"Point","coordinates":[17.123977,51.071213]},"properties":{"line":"100","mode":"bus","color":"#0059a9","colorDark":"#00294f","band":3,"off":[0,1.1]}},{"type":"Feature","geometry":{"type":"Point","coordinates":[17.063939,51.078512]},"properties":{"name":"TARNOGAJ","band":3,"modes":"tram,bus","arr":["8","16","22","136","903"],"off":[0,-0.8]}},{"type":"Feature","geometry":{"type":"Point","coordinates":[17.063939,51.078512]},"properties":{"line":"8","mode":"tram","color":"#d6212b","colorDark":"#7c1116","band":3,"off":[-6.8,1.1]}},{"type":"Feature","geometry":{"type":"Point","coordinates":[17.063939,51.078512]},"properties":{"line":"16","mode":"tram","color":"#d6212b","colorDark":"#7c1116","band":3,"off":[-3.4,1.1]}},{"type":"Feature","geometry":{"type":"Point","coordinates":[17.063939,51.078512]},"properties":{"line":"22","mode":"tram","color":"#d6212b","colorDark":"#7c1116","band":3,"off":[0,1.1]}},{"type":"Feature","geometry":{"type":"Point","coordinates":[17.063939,51.078512]},"properties":{"line":"136","mode":"bus","color":"#0059a9","colorDark":"#00294f","band":3,"off":[3.4,1.1]}},{"type":"Feature","geometry":{"type":"Point","coordinates":[17.063939,51.078512]},"properties":{"line":"903","mode":"bus","color":"#0059a9","colorDark":"#00294f","band":3,"off":[6.8,1.1]}},{"type":"Feature","geometry":{"type":"Point","coordinates":[17.05057,51.076697]},"properties":{"name":"GAJ - pętla","band":3,"modes":"bus","arr":["100","146","K"],"off":[0,-0.8]}},{"type":"Feature","geometry":{"type":"Point","coordinates":[17.05057,51.076697]},"properties":{"line":"100","mode":"bus","color":"#0059a9","colorDark":"#00294f","band":3,"off":[-3.4,1.1]}},{"type":"Feature","geometry":{"type":"Point","coordinates":[17.05057,51.076697]},"properties":{"line":"146","mode":"bus","color":"#0059a9","colorDark":"#00294f","band":3,"off":[0,1.1]}},{"type":"Feature","geometry":{"type":"Point","coordinates":[17.05057,51.076697]},"properties":{"line":"K","mode":"bus","color":"#0059a9","colorDark":"#00294f","band":3,"off":[3.4,1.1]}},{"type":"Feature","geometry":{"type":"Point","coordinates":[16.871815,51.144662]},"properties":{"name":"LEŚNICA","band":3,"modes":"tram,bus","arr":["3","10","20","101","117","123","137","138","148","917","923","937","938","948","958","243","253"],"off":[0,-0.8]}},{"type":"Feature","geometry":{"type":"Point","coordinates":[16.871815,51.144662]},"properties":{"line":"3","mode":"tram","color":"#d6212b","colorDark":"#7c1116","band":3,"off":[-6.8,1.1]}},{"type":"Feature","geometry":{"type":"Point","coordinates":[16.871815,51.144662]},"properties":{"line":"10","mode":"tram","color":"#d6212b","colorDark":"#7c1116","band":3,"off":[-3.4,1.1]}},{"type":"Feature","geometry":{"type":"Point","coordinates":[16.871815,51.144662]},"properties":{"line":"20","mode":"tram","color":"#d6212b","colorDark":"#7c1116","band":3,"off":[0,1.1]}},{"type":"Feature","geometry":{"type":"Point","coordinates":[16.871815,51.144662]},"properties":{"line":"101","mode":"bus","color":"#0059a9","colorDark":"#00294f","band":3,"off":[3.4,1.1]}},{"type":"Feature","geometry":{"type":"Point","coordinates":[16.871815,51.144662]},"properties":{"line":"117","mode":"bus","color":"#0059a9","colorDark":"#00294f","band":3,"off":[6.8,1.1]}},{"type":"Feature","geometry":{"type":"Point","coordinates":[16.871815,51.144662]},"properties":{"line":"123","mode":"bus","color":"#0059a9","colorDark":"#00294f","band":3,"off":[-6.8,3.1]}},{"type":"Feature","geometry":{"type":"Point","coordinates":[16.871815,51.144662]},"properties":{"line":"137","mode":"bus","color":"#0059a9","colorDark":"#00294f","band":3,"off":[-3.4,3.1]}},{"type":"Feature","geometry":{"type":"Point","coordinates":[16.871815,51.144662]},"properties":{"line":"138","mode":"bus","color":"#0059a9","colorDark":"#00294f","band":3,"off":[0,3.1]}},{"type":"Feature","geometry":{"type":"Point","coordinates":[16.871815,51.144662]},"properties":{"line":"148","mode":"bus","color":"#0059a9","colorDark":"#00294f","band":3,"off":[3.4,3.1]}},{"type":"Feature","geometry":{"type":"Point","coordinates":[16.871815,51.144662]},"properties":{"line":"917","mode":"bus","color":"#0059a9","colorDark":"#00294f","band":3,"off":[6.8,3.1]}},{"type":"Feature","geometry":{"type":"Point","coordinates":[16.871815,51.144662]},"properties":{"line":"923","mode":"bus","color":"#0059a9","colorDark":"#00294f","band":3,"off":[-6.8,5.1]}},{"type":"Feature","geometry":{"type":"Point","coordinates":[16.871815,51.144662]},"properties":{"line":"937","mode":"bus","color":"#0059a9","colorDark":"#00294f","band":3,"off":[-3.4,5.1]}},{"type":"Feature","geometry":{"type":"Point","coordinates":[16.871815,51.144662]},"properties":{"line":"938","mode":"bus","color":"#0059a9","colorDark":"#00294f","band":3,"off":[0,5.1]}},{"type":"Feature","geometry":{"type":"Point","coordinates":[16.871815,51.144662]},"properties":{"line":"948","mode":"bus","color":"#0059a9","colorDark":"#00294f","band":3,"off":[3.4,5.1]}},{"type":"Feature","geometry":{"type":"Point","coordinates":[16.871815,51.144662]},"properties":{"line":"958","mode":"bus","color":"#0059a9","colorDark":"#00294f","band":3,"off":[6.8,5.1]}},{"type":"Feature","geometry":{"type":"Point","coordinates":[16.871815,51.144662]},"properties":{"line":"243","mode":"bus","color":"#000000","colorDark":"#000000","band":3,"off":[-1.7,7.1]}},{"type":"Feature","geometry":{"type":"Point","coordinates":[16.871815,51.144662]},"properties":{"line":"253","mode":"bus","color":"#000000","colorDark":"#000000","band":3,"off":[1.7,7.1]}},{"type":"Feature","geometry":{"type":"Point","coordinates":[16.983349,51.125513]},"properties":{"name":"Kwiska","band":3,"modes":"bus","arr":["101","607"],"off":[0,-0.8]}},{"type":"Feature","geometry":{"type":"Point","coordinates":[16.983349,51.125513]},"properties":{"line":"101","mode":"bus","color":"#0059a9","colorDark":"#00294f","band":3,"off":[-1.7,1.1]}},{"type":"Feature","geometry":{"type":"Point","coordinates":[16.983349,51.125513]},"properties":{"line":"607","mode":"bus","color":"#0059a9","colorDark":"#00294f","band":3,"off":[1.7,1.1]}},{"type":"Feature","geometry":{"type":"Point","coordinates":[16.914238,51.140246]},"properties":{"name":"Kosmonautów (pętla)","band":3,"modes":"bus","arr":["102","152"],"off":[0,-0.8]}},{"type":"Feature","geometry":{"type":"Point","coordinates":[16.914238,51.140246]},"properties":{"line":"102","mode":"bus","color":"#0059a9","colorDark":"#00294f","band":3,"off":[-1.7,1.1]}},{"type":"Feature","geometry":{"type":"Point","coordinates":[16.914238,51.140246]},"properties":{"line":"152","mode":"bus","color":"#0059a9","colorDark":"#00294f","band":3,"off":[1.7,1.1]}},{"type":"Feature","geometry":{"type":"Point","coordinates":[17.020538,51.112731]},"properties":{"name":"PL. JANA PAWŁA II","band":3,"modes":"bus","arr":["102","103","250"],"off":[0,-0.8]}},{"type":"Feature","geometry":{"type":"Point","coordinates":[17.020538,51.112731]},"properties":{"line":"102","mode":"bus","color":"#0059a9","colorDark":"#00294f","band":3,"off":[-3.4,1.1]}},{"type":"Feature","geometry":{"type":"Point","coordinates":[17.020538,51.112731]},"properties":{"line":"103","mode":"bus","color":"#0059a9","colorDark":"#00294f","band":3,"off":[0,1.1]}},{"type":"Feature","geometry":{"type":"Point","coordinates":[17.020538,51.112731]},"properties":{"line":"250","mode":"bus","color":"#000000","colorDark":"#000000","band":3,"off":[3.4,1.1]}},{"type":"Feature","geometry":{"type":"Point","coordinates":[16.906518,51.174687]},"properties":{"name":"PRACZE ODRZAŃSKIE","band":3,"modes":"bus","arr":["103","107","245"],"off":[0,-0.8]}},{"type":"Feature","geometry":{"type":"Point","coordinates":[16.906518,51.174687]},"properties":{"line":"103","mode":"bus","color":"#0059a9","colorDark":"#00294f","band":3,"off":[-3.4,1.1]}},{"type":"Feature","geometry":{"type":"Point","coordinates":[16.906518,51.174687]},"properties":{"line":"107","mode":"bus","color":"#0059a9","colorDark":"#00294f","band":3,"off":[0,1.1]}},{"type":"Feature","geometry":{"type":"Point","coordinates":[16.906518,51.174687]},"properties":{"line":"245","mode":"bus","color":"#000000","colorDark":"#000000","band":3,"off":[3.4,1.1]}},{"type":"Feature","geometry":{"type":"Point","coordinates":[17.020534,51.148155]},"properties":{"name":"Paprotna","band":3,"modes":"bus","arr":["142"],"off":[0,-0.8]}},{"type":"Feature","geometry":{"type":"Point","coordinates":[17.020534,51.148155]},"properties":{"line":"142","mode":"bus","color":"#0059a9","colorDark":"#00294f","band":3,"off":[0,1.1]}},{"type":"Feature","geometry":{"type":"Point","coordinates":[17.020759,51.148921]},"properties":{"name":"Zajezdnia OBORNICKA","band":3,"modes":"bus","arr":["103","142","306","315","602","607","206"],"off":[0,-0.8]}},{"type":"Feature","geometry":{"type":"Point","coordinates":[17.020759,51.148921]},"properties":{"line":"103","mode":"bus","color":"#0059a9","colorDark":"#00294f","band":3,"off":[-6.8,1.1]}},{"type":"Feature","geometry":{"type":"Point","coordinates":[17.020759,51.148921]},"properties":{"line":"142","mode":"bus","color":"#0059a9","colorDark":"#00294f","band":3,"off":[-3.4,1.1]}},{"type":"Feature","geometry":{"type":"Point","coordinates":[17.020759,51.148921]},"properties":{"line":"306","mode":"bus","color":"#0059a9","colorDark":"#00294f","band":3,"off":[0,1.1]}},{"type":"Feature","geometry":{"type":"Point","coordinates":[17.020759,51.148921]},"properties":{"line":"315","mode":"bus","color":"#0059a9","colorDark":"#00294f","band":3,"off":[3.4,1.1]}},{"type":"Feature","geometry":{"type":"Point","coordinates":[17.020759,51.148921]},"properties":{"line":"602","mode":"bus","color":"#0059a9","colorDark":"#00294f","band":3,"off":[6.8,1.1]}},{"type":"Feature","geometry":{"type":"Point","coordinates":[17.020759,51.148921]},"properties":{"line":"607","mode":"bus","color":"#0059a9","colorDark":"#00294f","band":3,"off":[-1.7,3.1]}},{"type":"Feature","geometry":{"type":"Point","coordinates":[17.020759,51.148921]},"properties":{"line":"206","mode":"bus","color":"#000000","colorDark":"#000000","band":3,"off":[1.7,3.1]}},{"type":"Feature","geometry":{"type":"Point","coordinates":[16.905609,51.198077]},"properties":{"name":"JANÓWEK","band":3,"modes":"bus","arr":["103"],"off":[0,-0.8]}},{"type":"Feature","geometry":{"type":"Point","coordinates":[16.905609,51.198077]},"properties":{"line":"103","mode":"bus","color":"#0059a9","colorDark":"#00294f","band":3,"off":[0,1.1]}},{"type":"Feature","geometry":{"type":"Point","coordinates":[16.948918,51.157309]},"properties":{"name":"RĘDZIŃSKA","band":3,"modes":"bus","arr":["104"],"off":[0,-0.8]}},{"type":"Feature","geometry":{"type":"Point","coordinates":[16.948918,51.157309]},"properties":{"line":"104","mode":"bus","color":"#0059a9","colorDark":"#00294f","band":3,"off":[0,1.1]}},{"type":"Feature","geometry":{"type":"Point","coordinates":[16.996055,51.152655]},"properties":{"name":"ŚLAZOWA","band":3,"modes":"bus","arr":["104"],"off":[0,-0.8]}},{"type":"Feature","geometry":{"type":"Point","coordinates":[16.996055,51.152655]},"properties":{"line":"104","mode":"bus","color":"#0059a9","colorDark":"#00294f","band":3,"off":[0,1.1]}},{"type":"Feature","geometry":{"type":"Point","coordinates":[16.97515,51.196725]},"properties":{"name":"ŚWINIARY","band":3,"modes":"bus","arr":["105","244"],"off":[0,-0.8]}},{"type":"Feature","geometry":{"type":"Point","coordinates":[16.97515,51.196725]},"properties":{"line":"105","mode":"bus","color":"#0059a9","colorDark":"#00294f","band":3,"off":[-1.7,1.1]}},{"type":"Feature","geometry":{"type":"Point","coordinates":[16.97515,51.196725]},"properties":{"line":"244","mode":"bus","color":"#000000","colorDark":"#000000","band":3,"off":[1.7,1.1]}},{"type":"Feature","geometry":{"type":"Point","coordinates":[17.065449,51.13231]},"properties":{"name":"KROMERA","band":3,"modes":"tram,bus","arr":["6","11","105","132","904","905","928","930","964"],"off":[0,-0.8]}},{"type":"Feature","geometry":{"type":"Point","coordinates":[17.065449,51.13231]},"properties":{"line":"6","mode":"tram","color":"#d6212b","colorDark":"#7c1116","band":3,"off":[-6.8,1.1]}},{"type":"Feature","geometry":{"type":"Point","coordinates":[17.065449,51.13231]},"properties":{"line":"11","mode":"tram","color":"#d6212b","colorDark":"#7c1116","band":3,"off":[-3.4,1.1]}},{"type":"Feature","geometry":{"type":"Point","coordinates":[17.065449,51.13231]},"properties":{"line":"105","mode":"bus","color":"#0059a9","colorDark":"#00294f","band":3,"off":[0,1.1]}},{"type":"Feature","geometry":{"type":"Point","coordinates":[17.065449,51.13231]},"properties":{"line":"132","mode":"bus","color":"#0059a9","colorDark":"#00294f","band":3,"off":[3.4,1.1]}},{"type":"Feature","geometry":{"type":"Point","coordinates":[17.065449,51.13231]},"properties":{"line":"904","mode":"bus","color":"#0059a9","colorDark":"#00294f","band":3,"off":[6.8,1.1]}},{"type":"Feature","geometry":{"type":"Point","coordinates":[17.065449,51.13231]},"properties":{"line":"905","mode":"bus","color":"#0059a9","colorDark":"#00294f","band":3,"off":[-5.1,3.1]}},{"type":"Feature","geometry":{"type":"Point","coordinates":[17.065449,51.13231]},"properties":{"line":"928","mode":"bus","color":"#0059a9","colorDark":"#00294f","band":3,"off":[-1.7,3.1]}},{"type":"Feature","geometry":{"type":"Point","coordinates":[17.065449,51.13231]},"properties":{"line":"930","mode":"bus","color":"#0059a9","colorDark":"#00294f","band":3,"off":[1.7,3.1]}},{"type":"Feature","geometry":{"type":"Point","coordinates":[17.065449,51.13231]},"properties":{"line":"964","mode":"bus","color":"#0059a9","colorDark":"#00294f","band":3,"off":[5.1,3.1]}},{"type":"Feature","geometry":{"type":"Point","coordinates":[16.8824,51.109371]},"properties":{"name":"PORT LOTNICZY","band":3,"modes":"bus","arr":["106","129","206"],"off":[0,-0.8]}},{"type":"Feature","geometry":{"type":"Point","coordinates":[16.8824,51.109371]},"properties":{"line":"106","mode":"bus","color":"#0059a9","colorDark":"#00294f","band":3,"off":[-3.4,1.1]}},{"type":"Feature","geometry":{"type":"Point","coordinates":[16.8824,51.109371]},"properties":{"line":"129","mode":"bus","color":"#0059a9","colorDark":"#00294f","band":3,"off":[0,1.1]}},{"type":"Feature","geometry":{"type":"Point","coordinates":[16.8824,51.109371]},"properties":{"line":"206","mode":"bus","color":"#000000","colorDark":"#000000","band":3,"off":[3.4,1.1]}},{"type":"Feature","geometry":{"type":"Point","coordinates":[17.039308,51.100268]},"properties":{"name":"DWORZEC GŁÓWNY (Dworcowa)","band":3,"modes":"bus","arr":["106"],"off":[0,-0.8]}},{"type":"Feature","geometry":{"type":"Point","coordinates":[17.039308,51.100268]},"properties":{"line":"106","mode":"bus","color":"#0059a9","colorDark":"#00294f","band":3,"off":[0,1.1]}},{"type":"Feature","geometry":{"type":"Point","coordinates":[16.899084,51.10507]},"properties":{"name":"Strachowice General Aviation","band":3,"modes":"bus","arr":["306"],"off":[0,-0.8]}},{"type":"Feature","geometry":{"type":"Point","coordinates":[16.899084,51.10507]},"properties":{"line":"306","mode":"bus","color":"#0059a9","colorDark":"#00294f","band":3,"off":[0,1.1]}},{"type":"Feature","geometry":{"type":"Point","coordinates":[17.006772,51.074865]},"properties":{"name":"KRZYKI","band":3,"modes":"tram,bus","arr":["2","6","14","107","112","113","153","612","913","933","249","251"],"off":[0,-0.8]}},{"type":"Feature","geometry":{"type":"Point","coordinates":[17.006772,51.074865]},"properties":{"line":"2","mode":"tram","color":"#d6212b","colorDark":"#7c1116","band":3,"off":[-6.8,1.1]}},{"type":"Feature","geometry":{"type":"Point","coordinates":[17.006772,51.074865]},"properties":{"line":"6","mode":"tram","color":"#d6212b","colorDark":"#7c1116","band":3,"off":[-3.4,1.1]}},{"type":"Feature","geometry":{"type":"Point","coordinates":[17.006772,51.074865]},"properties":{"line":"14","mode":"tram","color":"#d6212b","colorDark":"#7c1116","band":3,"off":[0,1.1]}},{"type":"Feature","geometry":{"type":"Point","coordinates":[17.006772,51.074865]},"properties":{"line":"107","mode":"bus","color":"#0059a9","colorDark":"#00294f","band":3,"off":[3.4,1.1]}},{"type":"Feature","geometry":{"type":"Point","coordinates":[17.006772,51.074865]},"properties":{"line":"112","mode":"bus","color":"#0059a9","colorDark":"#00294f","band":3,"off":[6.8,1.1]}},{"type":"Feature","geometry":{"type":"Point","coordinates":[17.006772,51.074865]},"properties":{"line":"113","mode":"bus","color":"#0059a9","colorDark":"#00294f","band":3,"off":[-6.8,3.1]}},{"type":"Feature","geometry":{"type":"Point","coordinates":[17.006772,51.074865]},"properties":{"line":"153","mode":"bus","color":"#0059a9","colorDark":"#00294f","band":3,"off":[-3.4,3.1]}},{"type":"Feature","geometry":{"type":"Point","coordinates":[17.006772,51.074865]},"properties":{"line":"612","mode":"bus","color":"#0059a9","colorDark":"#00294f","band":3,"off":[0,3.1]}},{"type":"Feature","geometry":{"type":"Point","coordinates":[17.006772,51.074865]},"properties":{"line":"913","mode":"bus","color":"#0059a9","colorDark":"#00294f","band":3,"off":[3.4,3.1]}},{"type":"Feature","geometry":{"type":"Point","coordinates":[17.006772,51.074865]},"properties":{"line":"933","mode":"bus","color":"#0059a9","colorDark":"#00294f","band":3,"off":[6.8,3.1]}},{"type":"Feature","geometry":{"type":"Point","coordinates":[17.006772,51.074865]},"properties":{"line":"249","mode":"bus","color":"#000000","colorDark":"#000000","band":3,"off":[-1.7,5.1]}},{"type":"Feature","geometry":{"type":"Point","coordinates":[17.006772,51.074865]},"properties":{"line":"251","mode":"bus","color":"#000000","colorDark":"#000000","band":3,"off":[1.7,5.1]}},{"type":"Feature","geometry":{"type":"Point","coordinates":[16.987932,51.058173]},"properties":{"name":"KLECINA (Stacja kolejowa)","band":3,"modes":"bus","arr":["319"],"off":[0,-0.8]}},{"type":"Feature","geometry":{"type":"Point","coordinates":[16.987932,51.058173]},"properties":{"line":"319","mode":"bus","color":"#0059a9","colorDark":"#00294f","band":3,"off":[0,1.1]}},{"type":"Feature","geometry":{"type":"Point","coordinates":[16.978183,51.093099]},"properties":{"name":"Fiołkowa","band":3,"modes":"bus","arr":["967"],"off":[0,-0.8]}},{"type":"Feature","geometry":{"type":"Point","coordinates":[16.978183,51.093099]},"properties":{"line":"967","mode":"bus","color":"#0059a9","colorDark":"#00294f","band":3,"off":[0,1.1]}},{"type":"Feature","geometry":{"type":"Point","coordinates":[16.95983,51.112552]},"properties":{"name":"Strzegomska (krzyżówka)","band":3,"modes":"bus","arr":["909"],"off":[0,-0.8]}},{"type":"Feature","geometry":{"type":"Point","coordinates":[16.95983,51.112552]},"properties":{"line":"909","mode":"bus","color":"#0059a9","colorDark":"#00294f","band":3,"off":[0,1.1]}},{"type":"Feature","geometry":{"type":"Point","coordinates":[16.978447,51.09409]},"properties":{"name":"FAT","band":3,"modes":"bus","arr":["967"],"off":[0,-0.8]}},{"type":"Feature","geometry":{"type":"Point","coordinates":[16.978447,51.09409]},"properties":{"line":"967","mode":"bus","color":"#0059a9","colorDark":"#00294f","band":3,"off":[0,1.1]}},{"type":"Feature","geometry":{"type":"Point","coordinates":[16.969517,51.068059]},"properties":{"name":"GIEŁDOWA (Centrum Hurtu)","band":3,"modes":"bus","arr":["D","247","257"],"off":[0,-0.8]}},{"type":"Feature","geometry":{"type":"Point","coordinates":[16.969517,51.068059]},"properties":{"line":"D","mode":"bus","color":"#0059a9","colorDark":"#00294f","band":3,"off":[-3.4,1.1]}},{"type":"Feature","geometry":{"type":"Point","coordinates":[16.969517,51.068059]},"properties":{"line":"247","mode":"bus","color":"#000000","colorDark":"#000000","band":3,"off":[0,1.1]}},{"type":"Feature","geometry":{"type":"Point","coordinates":[16.969517,51.068059]},"properties":{"line":"257","mode":"bus","color":"#000000","colorDark":"#000000","band":3,"off":[3.4,1.1]}},{"type":"Feature","geometry":{"type":"Point","coordinates":[17.006044,51.179388]},"properties":{"name":"KMINKOWA","band":3,"modes":"bus","arr":["108","111","153"],"off":[0,-0.8]}},{"type":"Feature","geometry":{"type":"Point","coordinates":[17.006044,51.179388]},"properties":{"line":"108","mode":"bus","color":"#0059a9","colorDark":"#00294f","band":3,"off":[-3.4,1.1]}},{"type":"Feature","geometry":{"type":"Point","coordinates":[17.006044,51.179388]},"properties":{"line":"111","mode":"bus","color":"#0059a9","colorDark":"#00294f","band":3,"off":[0,1.1]}},{"type":"Feature","geometry":{"type":"Point","coordinates":[17.006044,51.179388]},"properties":{"line":"153","mode":"bus","color":"#0059a9","colorDark":"#00294f","band":3,"off":[3.4,1.1]}},{"type":"Feature","geometry":{"type":"Point","coordinates":[17.033903,51.12468]},"properties":{"name":"DWORZEC NADODRZE","band":3,"modes":"bus","arr":["108","908"],"off":[0,-0.8]}},{"type":"Feature","geometry":{"type":"Point","coordinates":[17.033903,51.12468]},"properties":{"line":"108","mode":"bus","color":"#0059a9","colorDark":"#00294f","band":3,"off":[-1.7,1.1]}},{"type":"Feature","geometry":{"type":"Point","coordinates":[17.033903,51.12468]},"properties":{"line":"908","mode":"bus","color":"#0059a9","colorDark":"#00294f","band":3,"off":[1.7,1.1]}},{"type":"Feature","geometry":{"type":"Point","coordinates":[17.07232,51.04231]},"properties":{"name":"IWINY - pętla","band":3,"modes":"bus","arr":["110"],"off":[0,-0.8]}},{"type":"Feature","geometry":{"type":"Point","coordinates":[17.07232,51.04231]},"properties":{"line":"110","mode":"bus","color":"#0059a9","colorDark":"#00294f","band":3,"off":[0,1.1]}},{"type":"Feature","geometry":{"type":"Point","coordinates":[17.060843,51.045095]},"properties":{"name":"IWINY - rondo","band":3,"modes":"bus","arr":["310","255"],"off":[0,-0.8]}},{"type":"Feature","geometry":{"type":"Point","coordinates":[17.060843,51.045095]},"properties":{"line":"310","mode":"bus","color":"#0059a9","colorDark":"#00294f","band":3,"off":[-1.7,1.1]}},{"type":"Feature","geometry":{"type":"Point","coordinates":[17.060843,51.045095]},"properties":{"line":"255","mode":"bus","color":"#000000","colorDark":"#000000","band":3,"off":[1.7,1.1]}},{"type":"Feature","geometry":{"type":"Point","coordinates":[17.059167,51.05014]},"properties":{"name":"Vivaldiego","band":3,"modes":"bus","arr":["145"],"off":[0,-0.8]}},{"type":"Feature","geometry":{"type":"Point","coordinates":[17.059167,51.05014]},"properties":{"line":"145","mode":"bus","color":"#0059a9","colorDark":"#00294f","band":3,"off":[0,1.1]}},{"type":"Feature","geometry":{"type":"Point","coordinates":[17.041888,51.109011]},"properties":{"name":"GALERIA DOMINIKAŃSKA","band":3,"modes":"bus","arr":["110","112","113","114","120","914","920","924"],"off":[0,-0.8]}},{"type":"Feature","geometry":{"type":"Point","coordinates":[17.041888,51.109011]},"properties":{"line":"110","mode":"bus","color":"#0059a9","colorDark":"#00294f","band":3,"off":[-6.8,1.1]}},{"type":"Feature","geometry":{"type":"Point","coordinates":[17.041888,51.109011]},"properties":{"line":"112","mode":"bus","color":"#0059a9","colorDark":"#00294f","band":3,"off":[-3.4,1.1]}},{"type":"Feature","geometry":{"type":"Point","coordinates":[17.041888,51.109011]},"properties":{"line":"113","mode":"bus","color":"#0059a9","colorDark":"#00294f","band":3,"off":[0,1.1]}},{"type":"Feature","geometry":{"type":"Point","coordinates":[17.041888,51.109011]},"properties":{"line":"114","mode":"bus","color":"#0059a9","colorDark":"#00294f","band":3,"off":[3.4,1.1]}},{"type":"Feature","geometry":{"type":"Point","coordinates":[17.041888,51.109011]},"properties":{"line":"120","mode":"bus","color":"#0059a9","colorDark":"#00294f","band":3,"off":[6.8,1.1]}},{"type":"Feature","geometry":{"type":"Point","coordinates":[17.041888,51.109011]},"properties":{"line":"914","mode":"bus","color":"#0059a9","colorDark":"#00294f","band":3,"off":[-3.4,3.1]}},{"type":"Feature","geometry":{"type":"Point","coordinates":[17.041888,51.109011]},"properties":{"line":"920","mode":"bus","color":"#0059a9","colorDark":"#00294f","band":3,"off":[0,3.1]}},{"type":"Feature","geometry":{"type":"Point","coordinates":[17.041888,51.109011]},"properties":{"line":"924","mode":"bus","color":"#0059a9","colorDark":"#00294f","band":3,"off":[3.4,3.1]}},{"type":"Feature","geometry":{"type":"Point","coordinates":[17.057026,51.053718]},"properties":{"name":"JAGODNO (P+R)","band":3,"modes":"bus","arr":["148","310","N"],"off":[0,-0.8]}},{"type":"Feature","geometry":{"type":"Point","coordinates":[17.057026,51.053718]},"properties":{"line":"148","mode":"bus","color":"#0059a9","colorDark":"#00294f","band":3,"off":[-3.4,1.1]}},{"type":"Feature","geometry":{"type":"Point","coordinates":[17.057026,51.053718]},"properties":{"line":"310","mode":"bus","color":"#0059a9","colorDark":"#00294f","band":3,"off":[0,1.1]}},{"type":"Feature","geometry":{"type":"Point","coordinates":[17.057026,51.053718]},"properties":{"line":"N","mode":"bus","color":"#0059a9","colorDark":"#00294f","band":3,"off":[3.4,1.1]}},{"type":"Feature","geometry":{"type":"Point","coordinates":[17.132518,51.158979]},"properties":{"name":"OSIEDLE SOBIESKIEGO","band":3,"modes":"bus","arr":["111","130","150","D"],"off":[0,-0.8]}},{"type":"Feature","geometry":{"type":"Point","coordinates":[17.132518,51.158979]},"properties":{"line":"111","mode":"bus","color":"#0059a9","colorDark":"#00294f","band":3,"off":[-5.1,1.1]}},{"type":"Feature","geometry":{"type":"Point","coordinates":[17.132518,51.158979]},"properties":{"line":"130","mode":"bus","color":"#0059a9","colorDark":"#00294f","band":3,"off":[-1.7,1.1]}},{"type":"Feature","geometry":{"type":"Point","coordinates":[17.132518,51.158979]},"properties":{"line":"150","mode":"bus","color":"#0059a9","colorDark":"#00294f","band":3,"off":[1.7,1.1]}},{"type":"Feature","geometry":{"type":"Point","coordinates":[17.132518,51.158979]},"properties":{"line":"D","mode":"bus","color":"#0059a9","colorDark":"#00294f","band":3,"off":[5.1,1.1]}},{"type":"Feature","geometry":{"type":"Point","coordinates":[17.057445,51.112174]},"properties":{"name":"Reja","band":3,"modes":"bus","arr":["115","121","131","151"],"off":[0,-0.8]}},{"type":"Feature","geometry":{"type":"Point","coordinates":[17.057445,51.112174]},"properties":{"line":"115","mode":"bus","color":"#0059a9","colorDark":"#00294f","band":3,"off":[-5.1,1.1]}},{"type":"Feature","geometry":{"type":"Point","coordinates":[17.057445,51.112174]},"properties":{"line":"121","mode":"bus","color":"#0059a9","colorDark":"#00294f","band":3,"off":[-1.7,1.1]}},{"type":"Feature","geometry":{"type":"Point","coordinates":[17.057445,51.112174]},"properties":{"line":"131","mode":"bus","color":"#0059a9","colorDark":"#00294f","band":3,"off":[1.7,1.1]}},{"type":"Feature","geometry":{"type":"Point","coordinates":[17.057445,51.112174]},"properties":{"line":"151","mode":"bus","color":"#0059a9","colorDark":"#00294f","band":3,"off":[5.1,1.1]}},{"type":"Feature","geometry":{"type":"Point","coordinates":[17.060404,51.111653]},"properties":{"name":"PL. GRUNWALDZKI","band":3,"modes":"bus","arr":["115","116","121","131","151","315","945","955"],"off":[0,-0.8]}},{"type":"Feature","geometry":{"type":"Point","coordinates":[17.060404,51.111653]},"properties":{"line":"115","mode":"bus","color":"#0059a9","colorDark":"#00294f","band":3,"off":[-6.8,1.1]}},{"type":"Feature","geometry":{"type":"Point","coordinates":[17.060404,51.111653]},"properties":{"line":"116","mode":"bus","color":"#0059a9","colorDark":"#00294f","band":3,"off":[-3.4,1.1]}},{"type":"Feature","geometry":{"type":"Point","coordinates":[17.060404,51.111653]},"properties":{"line":"121","mode":"bus","color":"#0059a9","colorDark":"#00294f","band":3,"off":[0,1.1]}},{"type":"Feature","geometry":{"type":"Point","coordinates":[17.060404,51.111653]},"properties":{"line":"131","mode":"bus","color":"#0059a9","colorDark":"#00294f","band":3,"off":[3.4,1.1]}},{"type":"Feature","geometry":{"type":"Point","coordinates":[17.060404,51.111653]},"properties":{"line":"151","mode":"bus","color":"#0059a9","colorDark":"#00294f","band":3,"off":[6.8,1.1]}},{"type":"Feature","geometry":{"type":"Point","coordinates":[17.060404,51.111653]},"properties":{"line":"315","mode":"bus","color":"#0059a9","colorDark":"#00294f","band":3,"off":[-3.4,3.1]}},{"type":"Feature","geometry":{"type":"Point","coordinates":[17.060404,51.111653]},"properties":{"line":"945","mode":"bus","color":"#0059a9","colorDark":"#00294f","band":3,"off":[0,3.1]}},{"type":"Feature","geometry":{"type":"Point","coordinates":[17.060404,51.111653]},"properties":{"line":"955","mode":"bus","color":"#0059a9","colorDark":"#00294f","band":3,"off":[3.4,3.1]}},{"type":"Feature","geometry":{"type":"Point","coordinates":[17.086532,51.05903]},"properties":{"name":"BROCHÓW","band":3,"modes":"bus","arr":["125","133"],"off":[0,-0.8]}},{"type":"Feature","geometry":{"type":"Point","coordinates":[17.086532,51.05903]},"properties":{"line":"125","mode":"bus","color":"#0059a9","colorDark":"#00294f","band":3,"off":[-1.7,1.1]}},{"type":"Feature","geometry":{"type":"Point","coordinates":[17.086532,51.05903]},"properties":{"line":"133","mode":"bus","color":"#0059a9","colorDark":"#00294f","band":3,"off":[1.7,1.1]}},{"type":"Feature","geometry":{"type":"Point","coordinates":[17.091095,51.047735]},"properties":{"name":"BIEŃKOWICE","band":3,"modes":"bus","arr":["114","245"],"off":[0,-0.8]}},{"type":"Feature","geometry":{"type":"Point","coordinates":[17.091095,51.047735]},"properties":{"line":"114","mode":"bus","color":"#0059a9","colorDark":"#00294f","band":3,"off":[-1.7,1.1]}},{"type":"Feature","geometry":{"type":"Point","coordinates":[17.091095,51.047735]},"properties":{"line":"245","mode":"bus","color":"#000000","colorDark":"#000000","band":3,"off":[1.7,1.1]}},{"type":"Feature","geometry":{"type":"Point","coordinates":[17.165932,51.095908]},"properties":{"name":"WOJNÓW (Pętla)","band":3,"modes":"bus","arr":["115","118","259"],"off":[0,-0.8]}},{"type":"Feature","geometry":{"type":"Point","coordinates":[17.165932,51.095908]},"properties":{"line":"115","mode":"bus","color":"#0059a9","colorDark":"#00294f","band":3,"off":[-3.4,1.1]}},{"type":"Feature","geometry":{"type":"Point","coordinates":[17.165932,51.095908]},"properties":{"line":"118","mode":"bus","color":"#0059a9","colorDark":"#00294f","band":3,"off":[0,1.1]}},{"type":"Feature","geometry":{"type":"Point","coordinates":[17.165932,51.095908]},"properties":{"line":"259","mode":"bus","color":"#000000","colorDark":"#000000","band":3,"off":[3.4,1.1]}},{"type":"Feature","geometry":{"type":"Point","coordinates":[17.091077,51.113465]},"properties":{"name":"8 Maja","band":3,"modes":"bus","arr":["118","343"],"off":[0,-0.8]}},{"type":"Feature","geometry":{"type":"Point","coordinates":[17.091077,51.113465]},"properties":{"line":"118","mode":"bus","color":"#0059a9","colorDark":"#00294f","band":3,"off":[-1.7,1.1]}},{"type":"Feature","geometry":{"type":"Point","coordinates":[17.091077,51.113465]},"properties":{"line":"343","mode":"bus","color":"#0059a9","colorDark":"#00294f","band":3,"off":[1.7,1.1]}},{"type":"Feature","geometry":{"type":"Point","coordinates":[17.064507,51.15523]},"properties":{"name":"SOŁTYSOWICE","band":3,"modes":"bus","arr":["116","119","A","246"],"off":[0,-0.8]}},{"type":"Feature","geometry":{"type":"Point","coordinates":[17.064507,51.15523]},"properties":{"line":"116","mode":"bus","color":"#0059a9","colorDark":"#00294f","band":3,"off":[-5.1,1.1]}},{"type":"Feature","geometry":{"type":"Point","coordinates":[17.064507,51.15523]},"properties":{"line":"119","mode":"bus","color":"#0059a9","colorDark":"#00294f","band":3,"off":[-1.7,1.1]}},{"type":"Feature","geometry":{"type":"Point","coordinates":[17.064507,51.15523]},"properties":{"line":"A","mode":"bus","color":"#0059a9","colorDark":"#00294f","band":3,"off":[1.7,1.1]}},{"type":"Feature","geometry":{"type":"Point","coordinates":[17.064507,51.15523]},"properties":{"line":"246","mode":"bus","color":"#000000","colorDark":"#000000","band":3,"off":[5.1,1.1]}},{"type":"Feature","geometry":{"type":"Point","coordinates":[17.064151,51.111941]},"properties":{"name":"PL. GRUNWALDZKI","band":3,"modes":"bus","arr":["149","911","945","955","961"],"off":[0,-0.8]}},{"type":"Feature","geometry":{"type":"Point","coordinates":[17.064151,51.111941]},"properties":{"line":"149","mode":"bus","color":"#0059a9","colorDark":"#00294f","band":3,"off":[-6.8,1.1]}},{"type":"Feature","geometry":{"type":"Point","coordinates":[17.064151,51.111941]},"properties":{"line":"911","mode":"bus","color":"#0059a9","colorDark":"#00294f","band":3,"off":[-3.4,1.1]}},{"type":"Feature","geometry":{"type":"Point","coordinates":[17.064151,51.111941]},"properties":{"line":"945","mode":"bus","color":"#0059a9","colorDark":"#00294f","band":3,"off":[0,1.1]}},{"type":"Feature","geometry":{"type":"Point","coordinates":[17.064151,51.111941]},"properties":{"line":"955","mode":"bus","color":"#0059a9","colorDark":"#00294f","band":3,"off":[3.4,1.1]}},{"type":"Feature","geometry":{"type":"Point","coordinates":[17.064151,51.111941]},"properties":{"line":"961","mode":"bus","color":"#0059a9","colorDark":"#00294f","band":3,"off":[6.8,1.1]}},{"type":"Feature","geometry":{"type":"Point","coordinates":[16.886564,51.124341]},"properties":{"name":"Jerzmanowo (Cmentarz I)","band":3,"modes":"bus","arr":["117"],"off":[0,-0.8]}},{"type":"Feature","geometry":{"type":"Point","coordinates":[16.886564,51.124341]},"properties":{"line":"117","mode":"bus","color":"#0059a9","colorDark":"#00294f","band":3,"off":[0,1.1]}},{"type":"Feature","geometry":{"type":"Point","coordinates":[16.860023,51.150165]},"properties":{"name":"Krępicka - Szkoła","band":3,"modes":"bus","arr":["117"],"off":[0,-0.8]}},{"type":"Feature","geometry":{"type":"Point","coordinates":[16.860023,51.150165]},"properties":{"line":"117","mode":"bus","color":"#0059a9","colorDark":"#00294f","band":3,"off":[0,1.1]}},{"type":"Feature","geometry":{"type":"Point","coordinates":[16.966697,51.166086]},"properties":{"name":"RĘDZIN","band":3,"modes":"bus","arr":["118","257"],"off":[0,-0.8]}},{"type":"Feature","geometry":{"type":"Point","coordinates":[16.966697,51.166086]},"properties":{"line":"118","mode":"bus","color":"#0059a9","colorDark":"#00294f","band":3,"off":[-1.7,1.1]}},{"type":"Feature","geometry":{"type":"Point","coordinates":[16.966697,51.166086]},"properties":{"line":"257","mode":"bus","color":"#000000","colorDark":"#000000","band":3,"off":[1.7,1.1]}},{"type":"Feature","geometry":{"type":"Point","coordinates":[16.983262,51.07716]},"properties":{"name":"RACŁAWICKA","band":3,"modes":"bus","arr":["119","A","248"],"off":[0,-0.8]}},{"type":"Feature","geometry":{"type":"Point","coordinates":[16.983262,51.07716]},"properties":{"line":"119","mode":"bus","color":"#0059a9","colorDark":"#00294f","band":3,"off":[-3.4,1.1]}},{"type":"Feature","geometry":{"type":"Point","coordinates":[16.983262,51.07716]},"properties":{"line":"A","mode":"bus","color":"#0059a9","colorDark":"#00294f","band":3,"off":[0,1.1]}},{"type":"Feature","geometry":{"type":"Point","coordinates":[16.983262,51.07716]},"properties":{"line":"248","mode":"bus","color":"#000000","colorDark":"#000000","band":3,"off":[3.4,1.1]}},{"type":"Feature","geometry":{"type":"Point","coordinates":[16.970715,51.112576]},"properties":{"name":"Muchobór Mały (Stacja kolejowa)","band":3,"modes":"bus","arr":["306"],"off":[0,-0.8]}},{"type":"Feature","geometry":{"type":"Point","coordinates":[16.970715,51.112576]},"properties":{"line":"306","mode":"bus","color":"#0059a9","colorDark":"#00294f","band":3,"off":[0,1.1]}},{"type":"Feature","geometry":{"type":"Point","coordinates":[17.157232,51.070199]},"properties":{"name":"BLIZANOWICE","band":3,"modes":"bus","arr":["120"],"off":[0,-0.8]}},{"type":"Feature","geometry":{"type":"Point","coordinates":[17.157232,51.070199]},"properties":{"line":"120","mode":"bus","color":"#0059a9","colorDark":"#00294f","band":3,"off":[0,1.1]}},{"type":"Feature","geometry":{"type":"Point","coordinates":[17.148156,51.145324]},"properties":{"name":"KIEŁCZOWSKA (Cmentarz)","band":3,"modes":"bus","arr":["121","921"],"off":[0,-0.8]}},{"type":"Feature","geometry":{"type":"Point","coordinates":[17.148156,51.145324]},"properties":{"line":"121","mode":"bus","color":"#0059a9","colorDark":"#00294f","band":3,"off":[-1.7,1.1]}},{"type":"Feature","geometry":{"type":"Point","coordinates":[17.148156,51.145324]},"properties":{"line":"921","mode":"bus","color":"#0059a9","colorDark":"#00294f","band":3,"off":[1.7,1.1]}},{"type":"Feature","geometry":{"type":"Point","coordinates":[17.127591,51.142267]},"properties":{"name":"LITEWSKA","band":3,"modes":"bus","arr":["131","147","150","N","251"],"off":[0,-0.8]}},{"type":"Feature","geometry":{"type":"Point","coordinates":[17.127591,51.142267]},"properties":{"line":"131","mode":"bus","color":"#0059a9","colorDark":"#00294f","band":3,"off":[-6.8,1.1]}},{"type":"Feature","geometry":{"type":"Point","coordinates":[17.127591,51.142267]},"properties":{"line":"147","mode":"bus","color":"#0059a9","colorDark":"#00294f","band":3,"off":[-3.4,1.1]}},{"type":"Feature","geometry":{"type":"Point","coordinates":[17.127591,51.142267]},"properties":{"line":"150","mode":"bus","color":"#0059a9","colorDark":"#00294f","band":3,"off":[0,1.1]}},{"type":"Feature","geometry":{"type":"Point","coordinates":[17.127591,51.142267]},"properties":{"line":"N","mode":"bus","color":"#0059a9","colorDark":"#00294f","band":3,"off":[3.4,1.1]}},{"type":"Feature","geometry":{"type":"Point","coordinates":[17.127591,51.142267]},"properties":{"line":"251","mode":"bus","color":"#000000","colorDark":"#000000","band":3,"off":[6.8,1.1]}},{"type":"Feature","geometry":{"type":"Point","coordinates":[17.116708,51.145711]},"properties":{"name":"MULICKA","band":3,"modes":"bus","arr":["944"],"off":[0,-0.8]}},{"type":"Feature","geometry":{"type":"Point","coordinates":[17.116708,51.145711]},"properties":{"line":"944","mode":"bus","color":"#0059a9","colorDark":"#00294f","band":3,"off":[0,1.1]}},{"type":"Feature","geometry":{"type":"Point","coordinates":[16.934956,51.09568]},"properties":{"name":"Gagarina","band":3,"modes":"bus","arr":["122"],"off":[0,-0.8]}},{"type":"Feature","geometry":{"type":"Point","coordinates":[16.934956,51.09568]},"properties":{"line":"122","mode":"bus","color":"#0059a9","colorDark":"#00294f","band":3,"off":[0,1.1]}},{"type":"Feature","geometry":{"type":"Point","coordinates":[17.036447,51.097139]},"properties":{"name":"DWORZEC AUTOBUSOWY","band":3,"modes":"bus","arr":["122","612","240","250"],"off":[0,-0.8]}},{"type":"Feature","geometry":{"type":"Point","coordinates":[17.036447,51.097139]},"properties":{"line":"122","mode":"bus","color":"#0059a9","colorDark":"#00294f","band":3,"off":[-5.1,1.1]}},{"type":"Feature","geometry":{"type":"Point","coordinates":[17.036447,51.097139]},"properties":{"line":"612","mode":"bus","color":"#0059a9","colorDark":"#00294f","band":3,"off":[-1.7,1.1]}},{"type":"Feature","geometry":{"type":"Point","coordinates":[17.036447,51.097139]},"properties":{"line":"240","mode":"bus","color":"#000000","colorDark":"#000000","band":3,"off":[1.7,1.1]}},{"type":"Feature","geometry":{"type":"Point","coordinates":[17.036447,51.097139]},"properties":{"line":"250","mode":"bus","color":"#000000","colorDark":"#000000","band":3,"off":[5.1,1.1]}},{"type":"Feature","geometry":{"type":"Point","coordinates":[16.958257,51.13268]},"properties":{"name":"Metalowców","band":3,"modes":"bus","arr":["123"],"off":[0,-0.8]}},{"type":"Feature","geometry":{"type":"Point","coordinates":[16.958257,51.13268]},"properties":{"line":"123","mode":"bus","color":"#0059a9","colorDark":"#00294f","band":3,"off":[0,1.1]}},{"type":"Feature","geometry":{"type":"Point","coordinates":[16.952172,51.119369]},"properties":{"name":"Wrocław Nowy Dwór (P+R)","band":3,"modes":"bus","arr":["124","128","134","927","241"],"off":[0,-0.8]}},{"type":"Feature","geometry":{"type":"Point","coordinates":[16.952172,51.119369]},"properties":{"line":"124","mode":"bus","color":"#0059a9","colorDark":"#00294f","band":3,"off":[-6.8,1.1]}},{"type":"Feature","geometry":{"type":"Point","coordinates":[16.952172,51.119369]},"properties":{"line":"128","mode":"bus","color":"#0059a9","colorDark":"#00294f","band":3,"off":[-3.4,1.1]}},{"type":"Feature","geometry":{"type":"Point","coordinates":[16.952172,51.119369]},"properties":{"line":"134","mode":"bus","color":"#0059a9","colorDark":"#00294f","band":3,"off":[0,1.1]}},{"type":"Feature","geometry":{"type":"Point","coordinates":[16.952172,51.119369]},"properties":{"line":"927","mode":"bus","color":"#0059a9","colorDark":"#00294f","band":3,"off":[3.4,1.1]}},{"type":"Feature","geometry":{"type":"Point","coordinates":[16.952172,51.119369]},"properties":{"line":"241","mode":"bus","color":"#000000","colorDark":"#000000","band":3,"off":[6.8,1.1]}},{"type":"Feature","geometry":{"type":"Point","coordinates":[17.093033,51.069155]},"properties":{"name":"Brochowska","band":3,"modes":"bus","arr":["343"],"off":[0,-0.8]}},{"type":"Feature","geometry":{"type":"Point","coordinates":[17.093033,51.069155]},"properties":{"line":"343","mode":"bus","color":"#0059a9","colorDark":"#00294f","band":3,"off":[0,1.1]}},{"type":"Feature","geometry":{"type":"Point","coordinates":[17.097547,51.069867]},"properties":{"name":"KSIĘŻE WIELKIE","band":3,"modes":"bus","arr":["124","134","243"],"off":[0,-0.8]}},{"type":"Feature","geometry":{"type":"Point","coordinates":[17.097547,51.069867]},"properties":{"line":"124","mode":"bus","color":"#0059a9","colorDark":"#00294f","band":3,"off":[-3.4,1.1]}},{"type":"Feature","geometry":{"type":"Point","coordinates":[17.097547,51.069867]},"properties":{"line":"134","mode":"bus","color":"#0059a9","colorDark":"#00294f","band":3,"off":[0,1.1]}},{"type":"Feature","geometry":{"type":"Point","coordinates":[17.097547,51.069867]},"properties":{"line":"243","mode":"bus","color":"#000000","colorDark":"#000000","band":3,"off":[3.4,1.1]}},{"type":"Feature","geometry":{"type":"Point","coordinates":[16.952865,51.075993]},"properties":{"name":"TYNIECKA (pętla)","band":3,"modes":"bus","arr":["125","143"],"off":[0,-0.8]}},{"type":"Feature","geometry":{"type":"Point","coordinates":[16.952865,51.075993]},"properties":{"line":"125","mode":"bus","color":"#0059a9","colorDark":"#00294f","band":3,"off":[-1.7,1.1]}},{"type":"Feature","geometry":{"type":"Point","coordinates":[16.952865,51.075993]},"properties":{"line":"143","mode":"bus","color":"#0059a9","colorDark":"#00294f","band":3,"off":[1.7,1.1]}},{"type":"Feature","geometry":{"type":"Point","coordinates":[17.014397,51.067665]},"properties":{"name":"Wojszycka","band":3,"modes":"bus","arr":["126"],"off":[0,-0.8]}},{"type":"Feature","geometry":{"type":"Point","coordinates":[17.014397,51.067665]},"properties":{"line":"126","mode":"bus","color":"#0059a9","colorDark":"#00294f","band":3,"off":[0,1.1]}},{"type":"Feature","geometry":{"type":"Point","coordinates":[16.968755,51.137525]},"properties":{"name":"KOZANÓW","band":3,"modes":"bus","arr":["126","136","246"],"off":[0,-0.8]}},{"type":"Feature","geometry":{"type":"Point","coordinates":[16.968755,51.137525]},"properties":{"line":"126","mode":"bus","color":"#0059a9","colorDark":"#00294f","band":3,"off":[-3.4,1.1]}},{"type":"Feature","geometry":{"type":"Point","coordinates":[16.968755,51.137525]},"properties":{"line":"136","mode":"bus","color":"#0059a9","colorDark":"#00294f","band":3,"off":[0,1.1]}},{"type":"Feature","geometry":{"type":"Point","coordinates":[16.968755,51.137525]},"properties":{"line":"246","mode":"bus","color":"#000000","colorDark":"#000000","band":3,"off":[3.4,1.1]}},{"type":"Feature","geometry":{"type":"Point","coordinates":[17.011543,51.059154]},"properties":{"name":"ZWYCIĘSKA","band":3,"modes":"bus","arr":["127","144","259"],"off":[0,-0.8]}},{"type":"Feature","geometry":{"type":"Point","coordinates":[17.011543,51.059154]},"properties":{"line":"127","mode":"bus","color":"#0059a9","colorDark":"#00294f","band":3,"off":[-3.4,1.1]}},{"type":"Feature","geometry":{"type":"Point","coordinates":[17.011543,51.059154]},"properties":{"line":"144","mode":"bus","color":"#0059a9","colorDark":"#00294f","band":3,"off":[0,1.1]}},{"type":"Feature","geometry":{"type":"Point","coordinates":[17.011543,51.059154]},"properties":{"line":"259","mode":"bus","color":"#000000","colorDark":"#000000","band":3,"off":[3.4,1.1]}},{"type":"Feature","geometry":{"type":"Point","coordinates":[16.927865,51.157501]},"properties":{"name":"KOZIA","band":3,"modes":"bus","arr":["127"],"off":[0,-0.8]}},{"type":"Feature","geometry":{"type":"Point","coordinates":[16.927865,51.157501]},"properties":{"line":"127","mode":"bus","color":"#0059a9","colorDark":"#00294f","band":3,"off":[0,1.1]}},{"type":"Feature","geometry":{"type":"Point","coordinates":[17.124619,51.162031]},"properties":{"name":"ZAKRZÓW","band":3,"modes":"bus","arr":["128"],"off":[0,-0.8]}},{"type":"Feature","geometry":{"type":"Point","coordinates":[17.124619,51.162031]},"properties":{"line":"128","mode":"bus","color":"#0059a9","colorDark":"#00294f","band":3,"off":[0,1.1]}},{"type":"Feature","geometry":{"type":"Point","coordinates":[17.03222,51.156574]},"properties":{"name":"POŚWIĘCKA (Ośrodek zdrowia)","band":3,"modes":"bus","arr":["129","248"],"off":[0,-0.8]}},{"type":"Feature","geometry":{"type":"Point","coordinates":[17.03222,51.156574]},"properties":{"line":"129","mode":"bus","color":"#0059a9","colorDark":"#00294f","band":3,"off":[-1.7,1.1]}},{"type":"Feature","geometry":{"type":"Point","coordinates":[17.03222,51.156574]},"properties":{"line":"248","mode":"bus","color":"#000000","colorDark":"#000000","band":3,"off":[1.7,1.1]}},{"type":"Feature","geometry":{"type":"Point","coordinates":[17.047241,51.166005]},"properties":{"name":"POLANOWICE","band":3,"modes":"bus","arr":["130","144","247"],"off":[0,-0.8]}},{"type":"Feature","geometry":{"type":"Point","coordinates":[17.047241,51.166005]},"properties":{"line":"130","mode":"bus","color":"#0059a9","colorDark":"#00294f","band":3,"off":[-3.4,1.1]}},{"type":"Feature","geometry":{"type":"Point","coordinates":[17.047241,51.166005]},"properties":{"line":"144","mode":"bus","color":"#0059a9","colorDark":"#00294f","band":3,"off":[0,1.1]}},{"type":"Feature","geometry":{"type":"Point","coordinates":[17.047241,51.166005]},"properties":{"line":"247","mode":"bus","color":"#000000","colorDark":"#000000","band":3,"off":[3.4,1.1]}},{"type":"Feature","geometry":{"type":"Point","coordinates":[16.971731,51.084194]},"properties":{"name":"OPORÓW","band":3,"modes":"tram,bus","arr":["4","11","20","132","907","947","257"],"off":[0,-0.8]}},{"type":"Feature","geometry":{"type":"Point","coordinates":[16.971731,51.084194]},"properties":{"line":"4","mode":"tram","color":"#d6212b","colorDark":"#7c1116","band":3,"off":[-6.8,1.1]}},{"type":"Feature","geometry":{"type":"Point","coordinates":[16.971731,51.084194]},"properties":{"line":"11","mode":"tram","color":"#d6212b","colorDark":"#7c1116","band":3,"off":[-3.4,1.1]}},{"type":"Feature","geometry":{"type":"Point","coordinates":[16.971731,51.084194]},"properties":{"line":"20","mode":"tram","color":"#d6212b","colorDark":"#7c1116","band":3,"off":[0,1.1]}},{"type":"Feature","geometry":{"type":"Point","coordinates":[16.971731,51.084194]},"properties":{"line":"132","mode":"bus","color":"#0059a9","colorDark":"#00294f","band":3,"off":[3.4,1.1]}},{"type":"Feature","geometry":{"type":"Point","coordinates":[16.971731,51.084194]},"properties":{"line":"907","mode":"bus","color":"#0059a9","colorDark":"#00294f","band":3,"off":[6.8,1.1]}},{"type":"Feature","geometry":{"type":"Point","coordinates":[16.971731,51.084194]},"properties":{"line":"947","mode":"bus","color":"#0059a9","colorDark":"#00294f","band":3,"off":[-1.7,3.1]}},{"type":"Feature","geometry":{"type":"Point","coordinates":[16.971731,51.084194]},"properties":{"line":"257","mode":"bus","color":"#000000","colorDark":"#000000","band":3,"off":[1.7,3.1]}},{"type":"Feature","geometry":{"type":"Point","coordinates":[17.098916,51.066791]},"properties":{"name":"Zajezdnia TYSKA","band":3,"modes":"bus","arr":["133","134","310","240"],"off":[0,-0.8]}},{"type":"Feature","geometry":{"type":"Point","coordinates":[17.098916,51.066791]},"properties":{"line":"133","mode":"bus","color":"#0059a9","colorDark":"#00294f","band":3,"off":[-5.1,1.1]}},{"type":"Feature","geometry":{"type":"Point","coordinates":[17.098916,51.066791]},"properties":{"line":"134","mode":"bus","color":"#0059a9","colorDark":"#00294f","band":3,"off":[-1.7,1.1]}},{"type":"Feature","geometry":{"type":"Point","coordinates":[17.098916,51.066791]},"properties":{"line":"310","mode":"bus","color":"#0059a9","colorDark":"#00294f","band":3,"off":[1.7,1.1]}},{"type":"Feature","geometry":{"type":"Point","coordinates":[17.098916,51.066791]},"properties":{"line":"240","mode":"bus","color":"#000000","colorDark":"#000000","band":3,"off":[5.1,1.1]}},{"type":"Feature","geometry":{"type":"Point","coordinates":[16.977459,51.055279]},"properties":{"name":"ROD Bielany","band":3,"modes":"bus","arr":["133"],"off":[0,-0.8]}},{"type":"Feature","geometry":{"type":"Point","coordinates":[16.977459,51.055279]},"properties":{"line":"133","mode":"bus","color":"#0059a9","colorDark":"#00294f","band":3,"off":[0,1.1]}},{"type":"Feature","geometry":{"type":"Point","coordinates":[16.961252,51.04792]},"properties":{"name":"C.H. Aleja Bielany","band":3,"modes":"bus","arr":["133"],"off":[0,-0.8]}},{"type":"Feature","geometry":{"type":"Point","coordinates":[16.961252,51.04792]},"properties":{"line":"133","mode":"bus","color":"#0059a9","colorDark":"#00294f","band":3,"off":[0,1.1]}},{"type":"Feature","geometry":{"type":"Point","coordinates":[16.833592,51.176044]},"properties":{"name":"LAS MOKRZAŃSKI","band":3,"modes":"bus","arr":["137"],"off":[0,-0.8]}},{"type":"Feature","geometry":{"type":"Point","coordinates":[16.833592,51.176044]},"properties":{"line":"137","mode":"bus","color":"#0059a9","colorDark":"#00294f","band":3,"off":[0,1.1]}},{"type":"Feature","geometry":{"type":"Point","coordinates":[16.834577,51.149781]},"properties":{"name":"ŻAR","band":3,"modes":"bus","arr":["138"],"off":[0,-0.8]}},{"type":"Feature","geometry":{"type":"Point","coordinates":[16.834577,51.149781]},"properties":{"line":"138","mode":"bus","color":"#0059a9","colorDark":"#00294f","band":3,"off":[0,1.1]}},{"type":"Feature","geometry":{"type":"Point","coordinates":[16.843934,51.121395]},"properties":{"name":"JARNOŁTÓW","band":3,"modes":"bus","arr":["142","249"],"off":[0,-0.8]}},{"type":"Feature","geometry":{"type":"Point","coordinates":[16.843934,51.121395]},"properties":{"line":"142","mode":"bus","color":"#0059a9","colorDark":"#00294f","band":3,"off":[-1.7,1.1]}},{"type":"Feature","geometry":{"type":"Point","coordinates":[16.843934,51.121395]},"properties":{"line":"249","mode":"bus","color":"#000000","colorDark":"#000000","band":3,"off":[1.7,1.1]}},{"type":"Feature","geometry":{"type":"Point","coordinates":[17.116502,51.102176]},"properties":{"name":"BARTOSZOWICE","band":3,"modes":"bus","arr":["143","145","345","255"],"off":[0,-0.8]}},{"type":"Feature","geometry":{"type":"Point","coordinates":[17.116502,51.102176]},"properties":{"line":"143","mode":"bus","color":"#0059a9","colorDark":"#00294f","band":3,"off":[-5.1,1.1]}},{"type":"Feature","geometry":{"type":"Point","coordinates":[17.116502,51.102176]},"properties":{"line":"145","mode":"bus","color":"#0059a9","colorDark":"#00294f","band":3,"off":[-1.7,1.1]}},{"type":"Feature","geometry":{"type":"Point","coordinates":[17.116502,51.102176]},"properties":{"line":"345","mode":"bus","color":"#0059a9","colorDark":"#00294f","band":3,"off":[1.7,1.1]}},{"type":"Feature","geometry":{"type":"Point","coordinates":[17.116502,51.102176]},"properties":{"line":"255","mode":"bus","color":"#000000","colorDark":"#000000","band":3,"off":[5.1,1.1]}},{"type":"Feature","geometry":{"type":"Point","coordinates":[17.103096,51.101923]},"properties":{"name":"Spółdzielcza","band":3,"modes":"bus","arr":["146"],"off":[0,-0.8]}},{"type":"Feature","geometry":{"type":"Point","coordinates":[17.103096,51.101923]},"properties":{"line":"146","mode":"bus","color":"#0059a9","colorDark":"#00294f","band":3,"off":[0,1.1]}},{"type":"Feature","geometry":{"type":"Point","coordinates":[17.104509,51.153708]},"properties":{"name":"ROD Pod Dębem","band":3,"modes":"bus","arr":["147","747"],"off":[0,-0.8]}},{"type":"Feature","geometry":{"type":"Point","coordinates":[17.104509,51.153708]},"properties":{"line":"147","mode":"bus","color":"#0059a9","colorDark":"#00294f","band":3,"off":[-1.7,1.1]}},{"type":"Feature","geometry":{"type":"Point","coordinates":[17.104509,51.153708]},"properties":{"line":"747","mode":"bus","color":"#0059a9","colorDark":"#00294f","band":3,"off":[1.7,1.1]}},{"type":"Feature","geometry":{"type":"Point","coordinates":[16.950078,51.123345]},"properties":{"name":"KUŹNIKI","band":3,"modes":"bus","arr":["149"],"off":[0,-0.8]}},{"type":"Feature","geometry":{"type":"Point","coordinates":[16.950078,51.123345]},"properties":{"line":"149","mode":"bus","color":"#0059a9","colorDark":"#00294f","band":3,"off":[0,1.1]}},{"type":"Feature","geometry":{"type":"Point","coordinates":[17.116372,51.173356]},"properties":{"name":"PAWŁOWICE (Widawska)","band":3,"modes":"bus","arr":["151","241"],"off":[0,-0.8]}},{"type":"Feature","geometry":{"type":"Point","coordinates":[17.116372,51.173356]},"properties":{"line":"151","mode":"bus","color":"#0059a9","colorDark":"#00294f","band":3,"off":[-1.7,1.1]}},{"type":"Feature","geometry":{"type":"Point","coordinates":[17.116372,51.173356]},"properties":{"line":"241","mode":"bus","color":"#000000","colorDark":"#000000","band":3,"off":[1.7,1.1]}},{"type":"Feature","geometry":{"type":"Point","coordinates":[16.989628,51.082061]},"properties":{"name":"BLACHARSKA","band":3,"modes":"bus","arr":["152"],"off":[0,-0.8]}},{"type":"Feature","geometry":{"type":"Point","coordinates":[16.989628,51.082061]},"properties":{"line":"152","mode":"bus","color":"#0059a9","colorDark":"#00294f","band":3,"off":[0,1.1]}},{"type":"Feature","geometry":{"type":"Point","coordinates":[17.128092,51.114714]},"properties":{"name":"SWOJCZYCE","band":3,"modes":"bus","arr":["315","715"],"off":[0,-0.8]}},{"type":"Feature","geometry":{"type":"Point","coordinates":[17.128092,51.114714]},"properties":{"line":"315","mode":"bus","color":"#0059a9","colorDark":"#00294f","band":3,"off":[-1.7,1.1]}},{"type":"Feature","geometry":{"type":"Point","coordinates":[17.128092,51.114714]},"properties":{"line":"715","mode":"bus","color":"#0059a9","colorDark":"#00294f","band":3,"off":[1.7,1.1]}},{"type":"Feature","geometry":{"type":"Point","coordinates":[17.043148,51.150709]},"properties":{"name":"KAMIEŃSKIEGO (pętla)","band":3,"modes":"bus","arr":["319","K"],"off":[0,-0.8]}},{"type":"Feature","geometry":{"type":"Point","coordinates":[17.043148,51.150709]},"properties":{"line":"319","mode":"bus","color":"#0059a9","colorDark":"#00294f","band":3,"off":[-1.7,1.1]}},{"type":"Feature","geometry":{"type":"Point","coordinates":[17.043148,51.150709]},"properties":{"line":"K","mode":"bus","color":"#0059a9","colorDark":"#00294f","band":3,"off":[1.7,1.1]}},{"type":"Feature","geometry":{"type":"Point","coordinates":[17.090088,51.116856]},"properties":{"name":"Stadion Olimpijski","band":3,"modes":"tram,bus","arr":["13","345","715","941","253"],"off":[0,-0.8]}},{"type":"Feature","geometry":{"type":"Point","coordinates":[17.090088,51.116856]},"properties":{"line":"13","mode":"tram","color":"#d6212b","colorDark":"#7c1116","band":3,"off":[-6.8,1.1]}},{"type":"Feature","geometry":{"type":"Point","coordinates":[17.090088,51.116856]},"properties":{"line":"345","mode":"bus","color":"#0059a9","colorDark":"#00294f","band":3,"off":[-3.4,1.1]}},{"type":"Feature","geometry":{"type":"Point","coordinates":[17.090088,51.116856]},"properties":{"line":"715","mode":"bus","color":"#0059a9","colorDark":"#00294f","band":3,"off":[0,1.1]}},{"type":"Feature","geometry":{"type":"Point","coordinates":[17.090088,51.116856]},"properties":{"line":"941","mode":"bus","color":"#0059a9","colorDark":"#00294f","band":3,"off":[3.4,1.1]}},{"type":"Feature","geometry":{"type":"Point","coordinates":[17.090088,51.116856]},"properties":{"line":"253","mode":"bus","color":"#000000","colorDark":"#000000","band":3,"off":[6.8,1.1]}},{"type":"Feature","geometry":{"type":"Point","coordinates":[16.880629,51.017242]},"properties":{"name":"Biskupice Podg. LG Energy Solution Wr. I","band":3,"modes":"bus","arr":["602","607"],"off":[0,-0.8]}},{"type":"Feature","geometry":{"type":"Point","coordinates":[16.880629,51.017242]},"properties":{"line":"602","mode":"bus","color":"#0059a9","colorDark":"#00294f","band":3,"off":[-1.7,1.1]}},{"type":"Feature","geometry":{"type":"Point","coordinates":[16.880629,51.017242]},"properties":{"line":"607","mode":"bus","color":"#0059a9","colorDark":"#00294f","band":3,"off":[1.7,1.1]}},{"type":"Feature","geometry":{"type":"Point","coordinates":[17.039506,51.096781]},"properties":{"name":"SUCHA","band":3,"modes":"bus","arr":["612","250"],"off":[0,-0.8]}},{"type":"Feature","geometry":{"type":"Point","coordinates":[17.039506,51.096781]},"properties":{"line":"612","mode":"bus","color":"#0059a9","colorDark":"#00294f","band":3,"off":[-1.7,1.1]}},{"type":"Feature","geometry":{"type":"Point","coordinates":[17.039506,51.096781]},"properties":{"line":"250","mode":"bus","color":"#000000","colorDark":"#000000","band":3,"off":[1.7,1.1]}},{"type":"Feature","geometry":{"type":"Point","coordinates":[17.096284,51.156951]},"properties":{"name":"KŁOKOCZYCE","band":3,"modes":"bus","arr":["747"],"off":[0,-0.8]}},{"type":"Feature","geometry":{"type":"Point","coordinates":[17.096284,51.156951]},"properties":{"line":"747","mode":"bus","color":"#0059a9","colorDark":"#00294f","band":3,"off":[0,1.1]}},{"type":"Feature","geometry":{"type":"Point","coordinates":[17.039572,50.980418]},"properties":{"name":"Żórawina - kościół Św. Trójcy","band":3,"modes":"bus","arr":["903"],"off":[0,-0.8]}},{"type":"Feature","geometry":{"type":"Point","coordinates":[17.039572,50.980418]},"properties":{"line":"903","mode":"bus","color":"#0059a9","colorDark":"#00294f","band":3,"off":[0,1.1]}},{"type":"Feature","geometry":{"type":"Point","coordinates":[17.040727,50.979723]},"properties":{"name":"Żórawina - Niepodległości (Mostek)","band":3,"modes":"bus","arr":["903"],"off":[0,-0.8]}},{"type":"Feature","geometry":{"type":"Point","coordinates":[17.040727,50.979723]},"properties":{"line":"903","mode":"bus","color":"#0059a9","colorDark":"#00294f","band":3,"off":[0,1.1]}},{"type":"Feature","geometry":{"type":"Point","coordinates":[17.175334,51.232512]},"properties":{"name":"Łozina - skrzy.","band":3,"modes":"bus","arr":["904","941"],"off":[0,-0.8]}},{"type":"Feature","geometry":{"type":"Point","coordinates":[17.175334,51.232512]},"properties":{"line":"904","mode":"bus","color":"#0059a9","colorDark":"#00294f","band":3,"off":[-1.7,1.1]}},{"type":"Feature","geometry":{"type":"Point","coordinates":[17.175334,51.232512]},"properties":{"line":"941","mode":"bus","color":"#0059a9","colorDark":"#00294f","band":3,"off":[1.7,1.1]}},{"type":"Feature","geometry":{"type":"Point","coordinates":[17.238475,51.221135]},"properties":{"name":"Januszkowice - Wrocławska","band":3,"modes":"bus","arr":["928"],"off":[0,-0.8]}},{"type":"Feature","geometry":{"type":"Point","coordinates":[17.238475,51.221135]},"properties":{"line":"928","mode":"bus","color":"#0059a9","colorDark":"#00294f","band":3,"off":[0,1.1]}},{"type":"Feature","geometry":{"type":"Point","coordinates":[17.177798,51.233355]},"properties":{"name":"Łozina - Milicka/poczta","band":3,"modes":"bus","arr":["904"],"off":[0,-0.8]}},{"type":"Feature","geometry":{"type":"Point","coordinates":[17.177798,51.233355]},"properties":{"line":"904","mode":"bus","color":"#0059a9","colorDark":"#00294f","band":3,"off":[0,1.1]}},{"type":"Feature","geometry":{"type":"Point","coordinates":[16.978052,51.238922]},"properties":{"name":"Ozorowice","band":3,"modes":"bus","arr":["905"],"off":[0,-0.8]}},{"type":"Feature","geometry":{"type":"Point","coordinates":[16.978052,51.238922]},"properties":{"line":"905","mode":"bus","color":"#0059a9","colorDark":"#00294f","band":3,"off":[0,1.1]}},{"type":"Feature","geometry":{"type":"Point","coordinates":[16.837446,51.051285]},"properties":{"name":"Sadków - Szkolna/szkoła","band":3,"modes":"bus","arr":["907"],"off":[0,-0.8]}},{"type":"Feature","geometry":{"type":"Point","coordinates":[16.837446,51.051285]},"properties":{"line":"907","mode":"bus","color":"#0059a9","colorDark":"#00294f","band":3,"off":[0,1.1]}},{"type":"Feature","geometry":{"type":"Point","coordinates":[17.038982,51.207104]},"properties":{"name":"Kryniczno - Kościół","band":3,"modes":"bus","arr":["908"],"off":[0,-0.8]}},{"type":"Feature","geometry":{"type":"Point","coordinates":[17.038982,51.207104]},"properties":{"line":"908","mode":"bus","color":"#0059a9","colorDark":"#00294f","band":3,"off":[0,1.1]}},{"type":"Feature","geometry":{"type":"Point","coordinates":[16.771247,51.087763]},"properties":{"name":"Bogdaszowice - Słoneczna","band":3,"modes":"bus","arr":["909"],"off":[0,-0.8]}},{"type":"Feature","geometry":{"type":"Point","coordinates":[16.771247,51.087763]},"properties":{"line":"909","mode":"bus","color":"#0059a9","colorDark":"#00294f","band":3,"off":[0,1.1]}},{"type":"Feature","geometry":{"type":"Point","coordinates":[17.217523,51.144533]},"properties":{"name":"Piecowice","band":3,"modes":"bus","arr":["911"],"off":[0,-0.8]}},{"type":"Feature","geometry":{"type":"Point","coordinates":[17.217523,51.144533]},"properties":{"line":"911","mode":"bus","color":"#0059a9","colorDark":"#00294f","band":3,"off":[0,1.1]}},{"type":"Feature","geometry":{"type":"Point","coordinates":[17.003667,50.982886]},"properties":{"name":"Galowice - Muzeum Powozów","band":3,"modes":"bus","arr":["913"],"off":[0,-0.8]}},{"type":"Feature","geometry":{"type":"Point","coordinates":[17.003667,50.982886]},"properties":{"line":"913","mode":"bus","color":"#0059a9","colorDark":"#00294f","band":3,"off":[0,1.1]}},{"type":"Feature","geometry":{"type":"Point","coordinates":[17.134234,51.188612]},"properties":{"name":"Pruszowice","band":3,"modes":"bus","arr":["914"],"off":[0,-0.8]}},{"type":"Feature","geometry":{"type":"Point","coordinates":[17.134234,51.188612]},"properties":{"line":"914","mode":"bus","color":"#0059a9","colorDark":"#00294f","band":3,"off":[0,1.1]}},{"type":"Feature","geometry":{"type":"Point","coordinates":[16.810747,51.111862]},"properties":{"name":"GAŁÓW (pętla)","band":3,"modes":"bus","arr":["917"],"off":[0,-0.8]}},{"type":"Feature","geometry":{"type":"Point","coordinates":[16.810747,51.111862]},"properties":{"line":"917","mode":"bus","color":"#0059a9","colorDark":"#00294f","band":3,"off":[0,1.1]}},{"type":"Feature","geometry":{"type":"Point","coordinates":[17.262829,51.0627]},"properties":{"name":"Wojnowice - pętla","band":3,"modes":"bus","arr":["920"],"off":[0,-0.8]}},{"type":"Feature","geometry":{"type":"Point","coordinates":[17.262829,51.0627]},"properties":{"line":"920","mode":"bus","color":"#0059a9","colorDark":"#00294f","band":3,"off":[0,1.1]}},{"type":"Feature","geometry":{"type":"Point","coordinates":[17.213372,51.128798]},"properties":{"name":"Śliwice","band":3,"modes":"bus","arr":["921"],"off":[0,-0.8]}},{"type":"Feature","geometry":{"type":"Point","coordinates":[17.213372,51.128798]},"properties":{"line":"921","mode":"bus","color":"#0059a9","colorDark":"#00294f","band":3,"off":[0,1.1]}},{"type":"Feature","geometry":{"type":"Point","coordinates":[16.826486,51.203192]},"properties":{"name":"BRZEZINA (pętla)","band":3,"modes":"bus","arr":["923"],"off":[0,-0.8]}},{"type":"Feature","geometry":{"type":"Point","coordinates":[16.826486,51.203192]},"properties":{"line":"923","mode":"bus","color":"#0059a9","colorDark":"#00294f","band":3,"off":[0,1.1]}},{"type":"Feature","geometry":{"type":"Point","coordinates":[16.837428,51.21919]},"properties":{"name":"Brzezinka Średzka - PKP","band":3,"modes":"bus","arr":["937"],"off":[0,-0.8]}},{"type":"Feature","geometry":{"type":"Point","coordinates":[16.837428,51.21919]},"properties":{"line":"937","mode":"bus","color":"#0059a9","colorDark":"#00294f","band":3,"off":[0,1.1]}},{"type":"Feature","geometry":{"type":"Point","coordinates":[17.285559,51.213412]},"properties":{"name":"Stępin - Kościół","band":3,"modes":"bus","arr":["924"],"off":[0,-0.8]}},{"type":"Feature","geometry":{"type":"Point","coordinates":[17.285559,51.213412]},"properties":{"line":"924","mode":"bus","color":"#0059a9","colorDark":"#00294f","band":3,"off":[0,1.1]}},{"type":"Feature","geometry":{"type":"Point","coordinates":[16.907934,51.088354]},"properties":{"name":"Smolec - Wiśniowa","band":3,"modes":"bus","arr":["927","967"],"off":[0,-0.8]}},{"type":"Feature","geometry":{"type":"Point","coordinates":[16.907934,51.088354]},"properties":{"line":"927","mode":"bus","color":"#0059a9","colorDark":"#00294f","band":3,"off":[-1.7,1.1]}},{"type":"Feature","geometry":{"type":"Point","coordinates":[16.907934,51.088354]},"properties":{"line":"967","mode":"bus","color":"#0059a9","colorDark":"#00294f","band":3,"off":[1.7,1.1]}},{"type":"Feature","geometry":{"type":"Point","coordinates":[17.176198,51.232119]},"properties":{"name":"Łozina - Kościół","band":3,"modes":"bus","arr":["941"],"off":[0,-0.8]}},{"type":"Feature","geometry":{"type":"Point","coordinates":[17.176198,51.232119]},"properties":{"line":"941","mode":"bus","color":"#0059a9","colorDark":"#00294f","band":3,"off":[0,1.1]}},{"type":"Feature","geometry":{"type":"Point","coordinates":[17.130111,51.24057]},"properties":{"name":"Godzieszowa - transformator","band":3,"modes":"bus","arr":["930","931"],"off":[0,-0.8]}},{"type":"Feature","geometry":{"type":"Point","coordinates":[17.130111,51.24057]},"properties":{"line":"930","mode":"bus","color":"#0059a9","colorDark":"#00294f","band":3,"off":[-1.7,1.1]}},{"type":"Feature","geometry":{"type":"Point","coordinates":[17.130111,51.24057]},"properties":{"line":"931","mode":"bus","color":"#0059a9","colorDark":"#00294f","band":3,"off":[1.7,1.1]}},{"type":"Feature","geometry":{"type":"Point","coordinates":[17.186016,51.118955]},"properties":{"name":"Kiełczówek - pętla","band":3,"modes":"bus","arr":["931"],"off":[0,-0.8]}},{"type":"Feature","geometry":{"type":"Point","coordinates":[17.186016,51.118955]},"properties":{"line":"931","mode":"bus","color":"#0059a9","colorDark":"#00294f","band":3,"off":[0,1.1]}},{"type":"Feature","geometry":{"type":"Point","coordinates":[16.945503,51.056806]},"properties":{"name":"Zabrodzie - pętla","band":3,"modes":"bus","arr":["933"],"off":[0,-0.8]}},{"type":"Feature","geometry":{"type":"Point","coordinates":[16.945503,51.056806]},"properties":{"line":"933","mode":"bus","color":"#0059a9","colorDark":"#00294f","band":3,"off":[0,1.1]}},{"type":"Feature","geometry":{"type":"Point","coordinates":[16.740389,51.121477]},"properties":{"name":"Łowęcice - Staw","band":3,"modes":"bus","arr":["938"],"off":[0,-0.8]}},{"type":"Feature","geometry":{"type":"Point","coordinates":[16.740389,51.121477]},"properties":{"line":"938","mode":"bus","color":"#0059a9","colorDark":"#00294f","band":3,"off":[0,1.1]}},{"type":"Feature","geometry":{"type":"Point","coordinates":[17.169617,51.159098]},"properties":{"name":"Mirków - skrzy. Polna pętla","band":3,"modes":"bus","arr":["944"],"off":[0,-0.8]}},{"type":"Feature","geometry":{"type":"Point","coordinates":[17.169617,51.159098]},"properties":{"line":"944","mode":"bus","color":"#0059a9","colorDark":"#00294f","band":3,"off":[0,1.1]}},{"type":"Feature","geometry":{"type":"Point","coordinates":[17.308509,51.096392]},"properties":{"name":"Chrząstawa Wielka - pętla","band":3,"modes":"bus","arr":["945"],"off":[0,-0.8]}},{"type":"Feature","geometry":{"type":"Point","coordinates":[17.308509,51.096392]},"properties":{"line":"945","mode":"bus","color":"#0059a9","colorDark":"#00294f","band":3,"off":[0,1.1]}},{"type":"Feature","geometry":{"type":"Point","coordinates":[16.823737,51.077017]},"properties":{"name":"Małkowice - Główna","band":3,"modes":"bus","arr":["947"],"off":[0,-0.8]}},{"type":"Feature","geometry":{"type":"Point","coordinates":[16.823737,51.077017]},"properties":{"line":"947","mode":"bus","color":"#0059a9","colorDark":"#00294f","band":3,"off":[0,1.1]}},{"type":"Feature","geometry":{"type":"Point","coordinates":[16.738204,51.193811]},"properties":{"name":"Miękinia - pętla","band":3,"modes":"bus","arr":["948"],"off":[0,-0.8]}},{"type":"Feature","geometry":{"type":"Point","coordinates":[16.738204,51.193811]},"properties":{"line":"948","mode":"bus","color":"#0059a9","colorDark":"#00294f","band":3,"off":[0,1.1]}},{"type":"Feature","geometry":{"type":"Point","coordinates":[17.27837,51.033392]},"properties":{"name":"Ratowice - pętla","band":3,"modes":"bus","arr":["955"],"off":[0,-0.8]}},{"type":"Feature","geometry":{"type":"Point","coordinates":[17.27837,51.033392]},"properties":{"line":"955","mode":"bus","color":"#0059a9","colorDark":"#00294f","band":3,"off":[0,1.1]}},{"type":"Feature","geometry":{"type":"Point","coordinates":[16.762221,51.242269]},"properties":{"name":"Księginice P&R","band":3,"modes":"bus","arr":["958"],"off":[0,-0.8]}},{"type":"Feature","geometry":{"type":"Point","coordinates":[16.762221,51.242269]},"properties":{"line":"958","mode":"bus","color":"#0059a9","colorDark":"#00294f","band":3,"off":[0,1.1]}},{"type":"Feature","geometry":{"type":"Point","coordinates":[17.272124,51.121811]},"properties":{"name":"Brzezia Łąka - Główna pętla","band":3,"modes":"bus","arr":["961"],"off":[0,-0.8]}},{"type":"Feature","geometry":{"type":"Point","coordinates":[17.272124,51.121811]},"properties":{"line":"961","mode":"bus","color":"#0059a9","colorDark":"#00294f","band":3,"off":[0,1.1]}},{"type":"Feature","geometry":{"type":"Point","coordinates":[17.275189,51.155959]},"properties":{"name":"Raków IV","band":3,"modes":"bus","arr":["964"],"off":[0,-0.8]}},{"type":"Feature","geometry":{"type":"Point","coordinates":[17.275189,51.155959]},"properties":{"line":"964","mode":"bus","color":"#0059a9","colorDark":"#00294f","band":3,"off":[0,1.1]}},{"type":"Feature","geometry":{"type":"Point","coordinates":[17.030688,51.092096]},"properties":{"name":"PETRUSEWICZA","band":3,"modes":"bus","arr":["206","242","244"],"off":[0,-0.8]}},{"type":"Feature","geometry":{"type":"Point","coordinates":[17.030688,51.092096]},"properties":{"line":"206","mode":"bus","color":"#000000","colorDark":"#000000","band":3,"off":[-3.4,1.1]}},{"type":"Feature","geometry":{"type":"Point","coordinates":[17.030688,51.092096]},"properties":{"line":"242","mode":"bus","color":"#000000","colorDark":"#000000","band":3,"off":[0,1.1]}},{"type":"Feature","geometry":{"type":"Point","coordinates":[17.030688,51.092096]},"properties":{"line":"244","mode":"bus","color":"#000000","colorDark":"#000000","band":3,"off":[3.4,1.1]}},{"type":"Feature","geometry":{"type":"Point","coordinates":[17.102432,51.127917]},"properties":{"name":"KOWALE","band":3,"modes":"tram,bus","arr":["8","23","24","242"],"off":[0,-0.8]}},{"type":"Feature","geometry":{"type":"Point","coordinates":[17.102432,51.127917]},"properties":{"line":"8","mode":"tram","color":"#d6212b","colorDark":"#7c1116","band":3,"off":[-5.1,1.1]}},{"type":"Feature","geometry":{"type":"Point","coordinates":[17.102432,51.127917]},"properties":{"line":"23","mode":"tram","color":"#d6212b","colorDark":"#7c1116","band":3,"off":[-1.7,1.1]}},{"type":"Feature","geometry":{"type":"Point","coordinates":[17.102432,51.127917]},"properties":{"line":"24","mode":"tram","color":"#d6212b","colorDark":"#7c1116","band":3,"off":[1.7,1.1]}},{"type":"Feature","geometry":{"type":"Point","coordinates":[17.102432,51.127917]},"properties":{"line":"242","mode":"bus","color":"#000000","colorDark":"#000000","band":3,"off":[5.1,1.1]}},{"type":"Feature","geometry":{"type":"Point","coordinates":[17.077863,51.105521]},"properties":{"name":"ZOO","band":3,"modes":"tram","arr":["0","19","T"],"off":[0,-0.8]}},{"type":"Feature","geometry":{"type":"Point","coordinates":[17.077863,51.105521]},"properties":{"line":"0","mode":"tram","color":"#d6212b","colorDark":"#7c1116","band":3,"off":[-3.4,1.1]}},{"type":"Feature","geometry":{"type":"Point","coordinates":[17.077863,51.105521]},"properties":{"line":"19","mode":"tram","color":"#d6212b","colorDark":"#7c1116","band":3,"off":[0,1.1]}},{"type":"Feature","geometry":{"type":"Point","coordinates":[17.077863,51.105521]},"properties":{"line":"T","mode":"tram","color":"#d6212b","colorDark":"#7c1116","band":3,"off":[3.4,1.1]}},{"type":"Feature","geometry":{"type":"Point","coordinates":[17.037251,51.099623]},"properties":{"name":"DWORZEC GŁÓWNY","band":3,"modes":"tram","arr":["0"],"off":[0,-0.8]}},{"type":"Feature","geometry":{"type":"Point","coordinates":[17.037251,51.099623]},"properties":{"line":"0","mode":"tram","color":"#d6212b","colorDark":"#7c1116","band":3,"off":[0,1.1]}},{"type":"Feature","geometry":{"type":"Point","coordinates":[17.028711,51.150236]},"properties":{"name":"POŚWIĘTNE","band":3,"modes":"tram","arr":["1","7","15"],"off":[0,-0.8]}},{"type":"Feature","geometry":{"type":"Point","coordinates":[17.028711,51.150236]},"properties":{"line":"1","mode":"tram","color":"#d6212b","colorDark":"#7c1116","band":3,"off":[-3.4,1.1]}},{"type":"Feature","geometry":{"type":"Point","coordinates":[17.028711,51.150236]},"properties":{"line":"7","mode":"tram","color":"#d6212b","colorDark":"#7c1116","band":3,"off":[0,1.1]}},{"type":"Feature","geometry":{"type":"Point","coordinates":[17.028711,51.150236]},"properties":{"line":"15","mode":"tram","color":"#d6212b","colorDark":"#7c1116","band":3,"off":[3.4,1.1]}},{"type":"Feature","geometry":{"type":"Point","coordinates":[17.108702,51.101185]},"properties":{"name":"BISKUPIN","band":3,"modes":"tram","arr":["1","2","4","10"],"off":[0,-0.8]}},{"type":"Feature","geometry":{"type":"Point","coordinates":[17.108702,51.101185]},"properties":{"line":"1","mode":"tram","color":"#d6212b","colorDark":"#7c1116","band":3,"off":[-5.1,1.1]}},{"type":"Feature","geometry":{"type":"Point","coordinates":[17.108702,51.101185]},"properties":{"line":"2","mode":"tram","color":"#d6212b","colorDark":"#7c1116","band":3,"off":[-1.7,1.1]}},{"type":"Feature","geometry":{"type":"Point","coordinates":[17.108702,51.101185]},"properties":{"line":"4","mode":"tram","color":"#d6212b","colorDark":"#7c1116","band":3,"off":[1.7,1.1]}},{"type":"Feature","geometry":{"type":"Point","coordinates":[17.108702,51.101185]},"properties":{"line":"10","mode":"tram","color":"#d6212b","colorDark":"#7c1116","band":3,"off":[5.1,1.1]}},{"type":"Feature","geometry":{"type":"Point","coordinates":[16.950602,51.136012]},"properties":{"name":"PILCZYCE","band":3,"modes":"tram","arr":["22","24"],"off":[0,-0.8]}},{"type":"Feature","geometry":{"type":"Point","coordinates":[16.950602,51.136012]},"properties":{"line":"22","mode":"tram","color":"#d6212b","colorDark":"#7c1116","band":3,"off":[-1.7,1.1]}},{"type":"Feature","geometry":{"type":"Point","coordinates":[16.950602,51.136012]},"properties":{"line":"24","mode":"tram","color":"#d6212b","colorDark":"#7c1116","band":3,"off":[1.7,1.1]}},{"type":"Feature","geometry":{"type":"Point","coordinates":[17.031905,51.107397]},"properties":{"name":"Świdnicka","band":3,"modes":"tram","arr":["12"],"off":[0,-0.8]}},{"type":"Feature","geometry":{"type":"Point","coordinates":[17.031905,51.107397]},"properties":{"line":"12","mode":"tram","color":"#d6212b","colorDark":"#7c1116","band":3,"off":[0,1.1]}},{"type":"Feature","geometry":{"type":"Point","coordinates":[17.083531,51.077664]},"properties":{"name":"KSIĘŻE MAŁE","band":3,"modes":"tram","arr":["3","5"],"off":[0,-0.8]}},{"type":"Feature","geometry":{"type":"Point","coordinates":[17.083531,51.077664]},"properties":{"line":"3","mode":"tram","color":"#d6212b","colorDark":"#7c1116","band":3,"off":[-1.7,1.1]}},{"type":"Feature","geometry":{"type":"Point","coordinates":[17.083531,51.077664]},"properties":{"line":"5","mode":"tram","color":"#d6212b","colorDark":"#7c1116","band":3,"off":[1.7,1.1]}},{"type":"Feature","geometry":{"type":"Point","coordinates":[16.976783,51.090372]},"properties":{"name":"GRABISZYŃSKA (Cmentarz)","band":3,"modes":"tram","arr":["5"],"off":[0,-0.8]}},{"type":"Feature","geometry":{"type":"Point","coordinates":[16.976783,51.090372]},"properties":{"line":"5","mode":"tram","color":"#d6212b","colorDark":"#7c1116","band":3,"off":[0,1.1]}},{"type":"Feature","geometry":{"type":"Point","coordinates":[16.987397,51.065691]},"properties":{"name":"KLECINA","band":3,"modes":"tram","arr":["7","17"],"off":[0,-0.8]}},{"type":"Feature","geometry":{"type":"Point","coordinates":[16.987397,51.065691]},"properties":{"line":"7","mode":"tram","color":"#d6212b","colorDark":"#7c1116","band":3,"off":[-1.7,1.1]}},{"type":"Feature","geometry":{"type":"Point","coordinates":[16.987397,51.065691]},"properties":{"line":"17","mode":"tram","color":"#d6212b","colorDark":"#7c1116","band":3,"off":[1.7,1.1]}},{"type":"Feature","geometry":{"type":"Point","coordinates":[17.03185,51.105617]},"properties":{"name":"Opera","band":3,"modes":"tram","arr":["T"],"off":[0,-0.8]}},{"type":"Feature","geometry":{"type":"Point","coordinates":[17.03185,51.105617]},"properties":{"line":"T","mode":"tram","color":"#d6212b","colorDark":"#7c1116","band":3,"off":[0,1.1]}},{"type":"Feature","geometry":{"type":"Point","coordinates":[17.014336,51.072816]},"properties":{"name":"PARK POŁUDNIOWY","band":3,"modes":"tram","arr":["9","15"],"off":[0,-0.8]}},{"type":"Feature","geometry":{"type":"Point","coordinates":[17.014336,51.072816]},"properties":{"line":"9","mode":"tram","color":"#d6212b","colorDark":"#7c1116","band":3,"off":[-1.7,1.1]}},{"type":"Feature","geometry":{"type":"Point","coordinates":[17.014336,51.072816]},"properties":{"line":"15","mode":"tram","color":"#d6212b","colorDark":"#7c1116","band":3,"off":[1.7,1.1]}},{"type":"Feature","geometry":{"type":"Point","coordinates":[17.090363,51.113867]},"properties":{"name":"8 Maja","band":3,"modes":"tram","arr":["9","17"],"off":[0,-0.8]}},{"type":"Feature","geometry":{"type":"Point","coordinates":[17.090363,51.113867]},"properties":{"line":"9","mode":"tram","color":"#d6212b","colorDark":"#7c1116","band":3,"off":[-1.7,1.1]}},{"type":"Feature","geometry":{"type":"Point","coordinates":[17.090363,51.113867]},"properties":{"line":"17","mode":"tram","color":"#d6212b","colorDark":"#7c1116","band":3,"off":[1.7,1.1]}},{"type":"Feature","geometry":{"type":"Point","coordinates":[16.964056,51.141137]},"properties":{"name":"KOZANÓW (Dokerska)","band":3,"modes":"tram","arr":["12","19"],"off":[0,-0.8]}},{"type":"Feature","geometry":{"type":"Point","coordinates":[16.964056,51.141137]},"properties":{"line":"12","mode":"tram","color":"#d6212b","colorDark":"#7c1116","band":3,"off":[-1.7,1.1]}},{"type":"Feature","geometry":{"type":"Point","coordinates":[16.964056,51.141137]},"properties":{"line":"19","mode":"tram","color":"#d6212b","colorDark":"#7c1116","band":3,"off":[1.7,1.1]}},{"type":"Feature","geometry":{"type":"Point","coordinates":[16.959425,51.140174]},"properties":{"name":"Górnicza","band":3,"modes":"tram","arr":["12","19"],"off":[0,-0.8]}},{"type":"Feature","geometry":{"type":"Point","coordinates":[16.959425,51.140174]},"properties":{"line":"12","mode":"tram","color":"#d6212b","colorDark":"#7c1116","band":3,"off":[-1.7,1.1]}},{"type":"Feature","geometry":{"type":"Point","coordinates":[16.959425,51.140174]},"properties":{"line":"19","mode":"tram","color":"#d6212b","colorDark":"#7c1116","band":3,"off":[1.7,1.1]}},{"type":"Feature","geometry":{"type":"Point","coordinates":[16.95207,51.119853]},"properties":{"name":"Wrocław Nowy Dwór (P+R)","band":3,"modes":"tram","arr":["13","23"],"off":[0,-0.8]}},{"type":"Feature","geometry":{"type":"Point","coordinates":[16.95207,51.119853]},"properties":{"line":"13","mode":"tram","color":"#d6212b","colorDark":"#7c1116","band":3,"off":[-1.7,1.1]}},{"type":"Feature","geometry":{"type":"Point","coordinates":[16.95207,51.119853]},"properties":{"line":"23","mode":"tram","color":"#d6212b","colorDark":"#7c1116","band":3,"off":[1.7,1.1]}},{"type":"Feature","geometry":{"type":"Point","coordinates":[16.995096,51.13693]},"properties":{"name":"OSOBOWICE","band":3,"modes":"tram","arr":["14","16"],"off":[0,-0.8]}},{"type":"Feature","geometry":{"type":"Point","coordinates":[16.995096,51.13693]},"properties":{"line":"14","mode":"tram","color":"#d6212b","colorDark":"#7c1116","band":3,"off":[-1.7,1.1]}},{"type":"Feature","geometry":{"type":"Point","coordinates":[16.995096,51.13693]},"properties":{"line":"16","mode":"tram","color":"#d6212b","colorDark":"#7c1116","band":3,"off":[1.7,1.1]}},{"type":"Feature","geometry":{"type":"Point","coordinates":[17.040714,51.077167]},"properties":{"name":"GAJ","band":3,"modes":"tram","arr":["18","21"],"off":[0,-0.8]}},{"type":"Feature","geometry":{"type":"Point","coordinates":[17.040714,51.077167]},"properties":{"line":"18","mode":"tram","color":"#d6212b","colorDark":"#7c1116","band":3,"off":[-1.7,1.1]}},{"type":"Feature","geometry":{"type":"Point","coordinates":[17.040714,51.077167]},"properties":{"line":"21","mode":"tram","color":"#d6212b","colorDark":"#7c1116","band":3,"off":[1.7,1.1]}},{"type":"Feature","geometry":{"type":"Point","coordinates":[16.950289,51.143578]},"properties":{"name":"TARCZYŃSKI ARENA (Królewiecka)","band":3,"modes":"tram","arr":["18","21"],"off":[0,-0.8]}},{"type":"Feature","geometry":{"type":"Point","coordinates":[16.950289,51.143578]},"properties":{"line":"18","mode":"tram","color":"#d6212b","colorDark":"#7c1116","band":3,"off":[-1.7,1.1]}},{"type":"Feature","geometry":{"type":"Point","coordinates":[16.950289,51.143578]},"properties":{"line":"21","mode":"tram","color":"#d6212b","colorDark":"#7c1116","band":3,"off":[1.7,1.1]}},{"type":"Feature","geometry":{"type":"Point","coordinates":[17.123977,51.071213]},"properties":{"name":"MOKRY DWÓR","band":4,"modes":"bus","arr":["100"],"off":[0,-0.8]}},{"type":"Feature","geometry":{"type":"Point","coordinates":[17.123977,51.071213]},"properties":{"line":"100","mode":"bus","color":"#0059a9","colorDark":"#00294f","band":4,"off":[0,1.1]}},{"type":"Feature","geometry":{"type":"Point","coordinates":[17.063939,51.078512]},"properties":{"name":"TARNOGAJ","band":4,"modes":"tram,bus","arr":["8","16","22","136","903"],"off":[0,-0.8]}},{"type":"Feature","geometry":{"type":"Point","coordinates":[17.063939,51.078512]},"properties":{"line":"8","mode":"tram","color":"#d6212b","colorDark":"#7c1116","band":4,"off":[-6.8,1.1]}},{"type":"Feature","geometry":{"type":"Point","coordinates":[17.063939,51.078512]},"properties":{"line":"16","mode":"tram","color":"#d6212b","colorDark":"#7c1116","band":4,"off":[-3.4,1.1]}},{"type":"Feature","geometry":{"type":"Point","coordinates":[17.063939,51.078512]},"properties":{"line":"22","mode":"tram","color":"#d6212b","colorDark":"#7c1116","band":4,"off":[0,1.1]}},{"type":"Feature","geometry":{"type":"Point","coordinates":[17.063939,51.078512]},"properties":{"line":"136","mode":"bus","color":"#0059a9","colorDark":"#00294f","band":4,"off":[3.4,1.1]}},{"type":"Feature","geometry":{"type":"Point","coordinates":[17.063939,51.078512]},"properties":{"line":"903","mode":"bus","color":"#0059a9","colorDark":"#00294f","band":4,"off":[6.8,1.1]}},{"type":"Feature","geometry":{"type":"Point","coordinates":[17.05057,51.076697]},"properties":{"name":"GAJ - pętla","band":4,"modes":"bus","arr":["100","146","K"],"off":[0,-0.8]}},{"type":"Feature","geometry":{"type":"Point","coordinates":[17.05057,51.076697]},"properties":{"line":"100","mode":"bus","color":"#0059a9","colorDark":"#00294f","band":4,"off":[-3.4,1.1]}},{"type":"Feature","geometry":{"type":"Point","coordinates":[17.05057,51.076697]},"properties":{"line":"146","mode":"bus","color":"#0059a9","colorDark":"#00294f","band":4,"off":[0,1.1]}},{"type":"Feature","geometry":{"type":"Point","coordinates":[17.05057,51.076697]},"properties":{"line":"K","mode":"bus","color":"#0059a9","colorDark":"#00294f","band":4,"off":[3.4,1.1]}},{"type":"Feature","geometry":{"type":"Point","coordinates":[16.871333,51.144651]},"properties":{"name":"LEŚNICA","band":4,"modes":"bus","arr":["101","117","123","137","138","148","917","923","937","938","948","958","243","253"],"off":[0,-0.8]}},{"type":"Feature","geometry":{"type":"Point","coordinates":[16.871333,51.144651]},"properties":{"line":"101","mode":"bus","color":"#0059a9","colorDark":"#00294f","band":4,"off":[-6.8,1.1]}},{"type":"Feature","geometry":{"type":"Point","coordinates":[16.871333,51.144651]},"properties":{"line":"117","mode":"bus","color":"#0059a9","colorDark":"#00294f","band":4,"off":[-3.4,1.1]}},{"type":"Feature","geometry":{"type":"Point","coordinates":[16.871333,51.144651]},"properties":{"line":"123","mode":"bus","color":"#0059a9","colorDark":"#00294f","band":4,"off":[0,1.1]}},{"type":"Feature","geometry":{"type":"Point","coordinates":[16.871333,51.144651]},"properties":{"line":"137","mode":"bus","color":"#0059a9","colorDark":"#00294f","band":4,"off":[3.4,1.1]}},{"type":"Feature","geometry":{"type":"Point","coordinates":[16.871333,51.144651]},"properties":{"line":"138","mode":"bus","color":"#0059a9","colorDark":"#00294f","band":4,"off":[6.8,1.1]}},{"type":"Feature","geometry":{"type":"Point","coordinates":[16.871333,51.144651]},"properties":{"line":"148","mode":"bus","color":"#0059a9","colorDark":"#00294f","band":4,"off":[-6.8,3.1]}},{"type":"Feature","geometry":{"type":"Point","coordinates":[16.871333,51.144651]},"properties":{"line":"917","mode":"bus","color":"#0059a9","colorDark":"#00294f","band":4,"off":[-3.4,3.1]}},{"type":"Feature","geometry":{"type":"Point","coordinates":[16.871333,51.144651]},"properties":{"line":"923","mode":"bus","color":"#0059a9","colorDark":"#00294f","band":4,"off":[0,3.1]}},{"type":"Feature","geometry":{"type":"Point","coordinates":[16.871333,51.144651]},"properties":{"line":"937","mode":"bus","color":"#0059a9","colorDark":"#00294f","band":4,"off":[3.4,3.1]}},{"type":"Feature","geometry":{"type":"Point","coordinates":[16.871333,51.144651]},"properties":{"line":"938","mode":"bus","color":"#0059a9","colorDark":"#00294f","band":4,"off":[6.8,3.1]}},{"type":"Feature","geometry":{"type":"Point","coordinates":[16.871333,51.144651]},"properties":{"line":"948","mode":"bus","color":"#0059a9","colorDark":"#00294f","band":4,"off":[-5.1,5.1]}},{"type":"Feature","geometry":{"type":"Point","coordinates":[16.871333,51.144651]},"properties":{"line":"958","mode":"bus","color":"#0059a9","colorDark":"#00294f","band":4,"off":[-1.7,5.1]}},{"type":"Feature","geometry":{"type":"Point","coordinates":[16.871333,51.144651]},"properties":{"line":"243","mode":"bus","color":"#000000","colorDark":"#000000","band":4,"off":[1.7,5.1]}},{"type":"Feature","geometry":{"type":"Point","coordinates":[16.871333,51.144651]},"properties":{"line":"253","mode":"bus","color":"#000000","colorDark":"#000000","band":4,"off":[5.1,5.1]}},{"type":"Feature","geometry":{"type":"Point","coordinates":[16.983349,51.125513]},"properties":{"name":"Kwiska","band":4,"modes":"bus","arr":["101","607"],"off":[0,-0.8]}},{"type":"Feature","geometry":{"type":"Point","coordinates":[16.983349,51.125513]},"properties":{"line":"101","mode":"bus","color":"#0059a9","colorDark":"#00294f","band":4,"off":[-1.7,1.1]}},{"type":"Feature","geometry":{"type":"Point","coordinates":[16.983349,51.125513]},"properties":{"line":"607","mode":"bus","color":"#0059a9","colorDark":"#00294f","band":4,"off":[1.7,1.1]}},{"type":"Feature","geometry":{"type":"Point","coordinates":[16.914238,51.140246]},"properties":{"name":"Kosmonautów (pętla)","band":4,"modes":"bus","arr":["102","152"],"off":[0,-0.8]}},{"type":"Feature","geometry":{"type":"Point","coordinates":[16.914238,51.140246]},"properties":{"line":"102","mode":"bus","color":"#0059a9","colorDark":"#00294f","band":4,"off":[-1.7,1.1]}},{"type":"Feature","geometry":{"type":"Point","coordinates":[16.914238,51.140246]},"properties":{"line":"152","mode":"bus","color":"#0059a9","colorDark":"#00294f","band":4,"off":[1.7,1.1]}},{"type":"Feature","geometry":{"type":"Point","coordinates":[17.020538,51.112731]},"properties":{"name":"PL. JANA PAWŁA II","band":4,"modes":"bus","arr":["102","103","250"],"off":[0,-0.8]}},{"type":"Feature","geometry":{"type":"Point","coordinates":[17.020538,51.112731]},"properties":{"line":"102","mode":"bus","color":"#0059a9","colorDark":"#00294f","band":4,"off":[-3.4,1.1]}},{"type":"Feature","geometry":{"type":"Point","coordinates":[17.020538,51.112731]},"properties":{"line":"103","mode":"bus","color":"#0059a9","colorDark":"#00294f","band":4,"off":[0,1.1]}},{"type":"Feature","geometry":{"type":"Point","coordinates":[17.020538,51.112731]},"properties":{"line":"250","mode":"bus","color":"#000000","colorDark":"#000000","band":4,"off":[3.4,1.1]}},{"type":"Feature","geometry":{"type":"Point","coordinates":[16.906518,51.174687]},"properties":{"name":"PRACZE ODRZAŃSKIE","band":4,"modes":"bus","arr":["103","107","245"],"off":[0,-0.8]}},{"type":"Feature","geometry":{"type":"Point","coordinates":[16.906518,51.174687]},"properties":{"line":"103","mode":"bus","color":"#0059a9","colorDark":"#00294f","band":4,"off":[-3.4,1.1]}},{"type":"Feature","geometry":{"type":"Point","coordinates":[16.906518,51.174687]},"properties":{"line":"107","mode":"bus","color":"#0059a9","colorDark":"#00294f","band":4,"off":[0,1.1]}},{"type":"Feature","geometry":{"type":"Point","coordinates":[16.906518,51.174687]},"properties":{"line":"245","mode":"bus","color":"#000000","colorDark":"#000000","band":4,"off":[3.4,1.1]}},{"type":"Feature","geometry":{"type":"Point","coordinates":[17.020534,51.148155]},"properties":{"name":"Paprotna","band":4,"modes":"bus","arr":["142"],"off":[0,-0.8]}},{"type":"Feature","geometry":{"type":"Point","coordinates":[17.020534,51.148155]},"properties":{"line":"142","mode":"bus","color":"#0059a9","colorDark":"#00294f","band":4,"off":[0,1.1]}},{"type":"Feature","geometry":{"type":"Point","coordinates":[17.020759,51.148921]},"properties":{"name":"Zajezdnia OBORNICKA","band":4,"modes":"bus","arr":["103","142","306","315","602","607","206"],"off":[0,-0.8]}},{"type":"Feature","geometry":{"type":"Point","coordinates":[17.020759,51.148921]},"properties":{"line":"103","mode":"bus","color":"#0059a9","colorDark":"#00294f","band":4,"off":[-6.8,1.1]}},{"type":"Feature","geometry":{"type":"Point","coordinates":[17.020759,51.148921]},"properties":{"line":"142","mode":"bus","color":"#0059a9","colorDark":"#00294f","band":4,"off":[-3.4,1.1]}},{"type":"Feature","geometry":{"type":"Point","coordinates":[17.020759,51.148921]},"properties":{"line":"306","mode":"bus","color":"#0059a9","colorDark":"#00294f","band":4,"off":[0,1.1]}},{"type":"Feature","geometry":{"type":"Point","coordinates":[17.020759,51.148921]},"properties":{"line":"315","mode":"bus","color":"#0059a9","colorDark":"#00294f","band":4,"off":[3.4,1.1]}},{"type":"Feature","geometry":{"type":"Point","coordinates":[17.020759,51.148921]},"properties":{"line":"602","mode":"bus","color":"#0059a9","colorDark":"#00294f","band":4,"off":[6.8,1.1]}},{"type":"Feature","geometry":{"type":"Point","coordinates":[17.020759,51.148921]},"properties":{"line":"607","mode":"bus","color":"#0059a9","colorDark":"#00294f","band":4,"off":[-1.7,3.1]}},{"type":"Feature","geometry":{"type":"Point","coordinates":[17.020759,51.148921]},"properties":{"line":"206","mode":"bus","color":"#000000","colorDark":"#000000","band":4,"off":[1.7,3.1]}},{"type":"Feature","geometry":{"type":"Point","coordinates":[16.905609,51.198077]},"properties":{"name":"JANÓWEK","band":4,"modes":"bus","arr":["103"],"off":[0,-0.8]}},{"type":"Feature","geometry":{"type":"Point","coordinates":[16.905609,51.198077]},"properties":{"line":"103","mode":"bus","color":"#0059a9","colorDark":"#00294f","band":4,"off":[0,1.1]}},{"type":"Feature","geometry":{"type":"Point","coordinates":[16.948918,51.157309]},"properties":{"name":"RĘDZIŃSKA","band":4,"modes":"bus","arr":["104"],"off":[0,-0.8]}},{"type":"Feature","geometry":{"type":"Point","coordinates":[16.948918,51.157309]},"properties":{"line":"104","mode":"bus","color":"#0059a9","colorDark":"#00294f","band":4,"off":[0,1.1]}},{"type":"Feature","geometry":{"type":"Point","coordinates":[16.996055,51.152655]},"properties":{"name":"ŚLAZOWA","band":4,"modes":"bus","arr":["104"],"off":[0,-0.8]}},{"type":"Feature","geometry":{"type":"Point","coordinates":[16.996055,51.152655]},"properties":{"line":"104","mode":"bus","color":"#0059a9","colorDark":"#00294f","band":4,"off":[0,1.1]}},{"type":"Feature","geometry":{"type":"Point","coordinates":[16.97515,51.196725]},"properties":{"name":"ŚWINIARY","band":4,"modes":"bus","arr":["105","244"],"off":[0,-0.8]}},{"type":"Feature","geometry":{"type":"Point","coordinates":[16.97515,51.196725]},"properties":{"line":"105","mode":"bus","color":"#0059a9","colorDark":"#00294f","band":4,"off":[-1.7,1.1]}},{"type":"Feature","geometry":{"type":"Point","coordinates":[16.97515,51.196725]},"properties":{"line":"244","mode":"bus","color":"#000000","colorDark":"#000000","band":4,"off":[1.7,1.1]}},{"type":"Feature","geometry":{"type":"Point","coordinates":[17.065061,51.132278]},"properties":{"name":"KROMERA","band":4,"modes":"bus","arr":["105","132","904","905","928","930","964"],"off":[0,-0.8]}},{"type":"Feature","geometry":{"type":"Point","coordinates":[17.065061,51.132278]},"properties":{"line":"105","mode":"bus","color":"#0059a9","colorDark":"#00294f","band":4,"off":[-6.8,1.1]}},{"type":"Feature","geometry":{"type":"Point","coordinates":[17.065061,51.132278]},"properties":{"line":"132","mode":"bus","color":"#0059a9","colorDark":"#00294f","band":4,"off":[-3.4,1.1]}},{"type":"Feature","geometry":{"type":"Point","coordinates":[17.065061,51.132278]},"properties":{"line":"904","mode":"bus","color":"#0059a9","colorDark":"#00294f","band":4,"off":[0,1.1]}},{"type":"Feature","geometry":{"type":"Point","coordinates":[17.065061,51.132278]},"properties":{"line":"905","mode":"bus","color":"#0059a9","colorDark":"#00294f","band":4,"off":[3.4,1.1]}},{"type":"Feature","geometry":{"type":"Point","coordinates":[17.065061,51.132278]},"properties":{"line":"928","mode":"bus","color":"#0059a9","colorDark":"#00294f","band":4,"off":[6.8,1.1]}},{"type":"Feature","geometry":{"type":"Point","coordinates":[17.065061,51.132278]},"properties":{"line":"930","mode":"bus","color":"#0059a9","colorDark":"#00294f","band":4,"off":[-1.7,3.1]}},{"type":"Feature","geometry":{"type":"Point","coordinates":[17.065061,51.132278]},"properties":{"line":"964","mode":"bus","color":"#0059a9","colorDark":"#00294f","band":4,"off":[1.7,3.1]}},{"type":"Feature","geometry":{"type":"Point","coordinates":[16.8824,51.109371]},"properties":{"name":"PORT LOTNICZY","band":4,"modes":"bus","arr":["106","129","206"],"off":[0,-0.8]}},{"type":"Feature","geometry":{"type":"Point","coordinates":[16.8824,51.109371]},"properties":{"line":"106","mode":"bus","color":"#0059a9","colorDark":"#00294f","band":4,"off":[-3.4,1.1]}},{"type":"Feature","geometry":{"type":"Point","coordinates":[16.8824,51.109371]},"properties":{"line":"129","mode":"bus","color":"#0059a9","colorDark":"#00294f","band":4,"off":[0,1.1]}},{"type":"Feature","geometry":{"type":"Point","coordinates":[16.8824,51.109371]},"properties":{"line":"206","mode":"bus","color":"#000000","colorDark":"#000000","band":4,"off":[3.4,1.1]}},{"type":"Feature","geometry":{"type":"Point","coordinates":[17.039308,51.100268]},"properties":{"name":"DWORZEC GŁÓWNY (Dworcowa)","band":4,"modes":"bus","arr":["106"],"off":[0,-0.8]}},{"type":"Feature","geometry":{"type":"Point","coordinates":[17.039308,51.100268]},"properties":{"line":"106","mode":"bus","color":"#0059a9","colorDark":"#00294f","band":4,"off":[0,1.1]}},{"type":"Feature","geometry":{"type":"Point","coordinates":[16.899084,51.10507]},"properties":{"name":"Strachowice General Aviation","band":4,"modes":"bus","arr":["306"],"off":[0,-0.8]}},{"type":"Feature","geometry":{"type":"Point","coordinates":[16.899084,51.10507]},"properties":{"line":"306","mode":"bus","color":"#0059a9","colorDark":"#00294f","band":4,"off":[0,1.1]}},{"type":"Feature","geometry":{"type":"Point","coordinates":[17.006344,51.074868]},"properties":{"name":"KRZYKI","band":4,"modes":"bus","arr":["107","112","113","153","612","913","933","249","251"],"off":[0,-0.8]}},{"type":"Feature","geometry":{"type":"Point","coordinates":[17.006344,51.074868]},"properties":{"line":"107","mode":"bus","color":"#0059a9","colorDark":"#00294f","band":4,"off":[-6.8,1.1]}},{"type":"Feature","geometry":{"type":"Point","coordinates":[17.006344,51.074868]},"properties":{"line":"112","mode":"bus","color":"#0059a9","colorDark":"#00294f","band":4,"off":[-3.4,1.1]}},{"type":"Feature","geometry":{"type":"Point","coordinates":[17.006344,51.074868]},"properties":{"line":"113","mode":"bus","color":"#0059a9","colorDark":"#00294f","band":4,"off":[0,1.1]}},{"type":"Feature","geometry":{"type":"Point","coordinates":[17.006344,51.074868]},"properties":{"line":"153","mode":"bus","color":"#0059a9","colorDark":"#00294f","band":4,"off":[3.4,1.1]}},{"type":"Feature","geometry":{"type":"Point","coordinates":[17.006344,51.074868]},"properties":{"line":"612","mode":"bus","color":"#0059a9","colorDark":"#00294f","band":4,"off":[6.8,1.1]}},{"type":"Feature","geometry":{"type":"Point","coordinates":[17.006344,51.074868]},"properties":{"line":"913","mode":"bus","color":"#0059a9","colorDark":"#00294f","band":4,"off":[-5.1,3.1]}},{"type":"Feature","geometry":{"type":"Point","coordinates":[17.006344,51.074868]},"properties":{"line":"933","mode":"bus","color":"#0059a9","colorDark":"#00294f","band":4,"off":[-1.7,3.1]}},{"type":"Feature","geometry":{"type":"Point","coordinates":[17.006344,51.074868]},"properties":{"line":"249","mode":"bus","color":"#000000","colorDark":"#000000","band":4,"off":[1.7,3.1]}},{"type":"Feature","geometry":{"type":"Point","coordinates":[17.006344,51.074868]},"properties":{"line":"251","mode":"bus","color":"#000000","colorDark":"#000000","band":4,"off":[5.1,3.1]}},{"type":"Feature","geometry":{"type":"Point","coordinates":[16.987932,51.058173]},"properties":{"name":"KLECINA (Stacja kolejowa)","band":4,"modes":"bus","arr":["319"],"off":[0,-0.8]}},{"type":"Feature","geometry":{"type":"Point","coordinates":[16.987932,51.058173]},"properties":{"line":"319","mode":"bus","color":"#0059a9","colorDark":"#00294f","band":4,"off":[0,1.1]}},{"type":"Feature","geometry":{"type":"Point","coordinates":[16.978183,51.093099]},"properties":{"name":"Fiołkowa","band":4,"modes":"bus","arr":["967"],"off":[0,-0.8]}},{"type":"Feature","geometry":{"type":"Point","coordinates":[16.978183,51.093099]},"properties":{"line":"967","mode":"bus","color":"#0059a9","colorDark":"#00294f","band":4,"off":[0,1.1]}},{"type":"Feature","geometry":{"type":"Point","coordinates":[16.95983,51.112552]},"properties":{"name":"Strzegomska (krzyżówka)","band":4,"modes":"bus","arr":["909"],"off":[0,-0.8]}},{"type":"Feature","geometry":{"type":"Point","coordinates":[16.95983,51.112552]},"properties":{"line":"909","mode":"bus","color":"#0059a9","colorDark":"#00294f","band":4,"off":[0,1.1]}},{"type":"Feature","geometry":{"type":"Point","coordinates":[16.978447,51.09409]},"properties":{"name":"FAT","band":4,"modes":"bus","arr":["967"],"off":[0,-0.8]}},{"type":"Feature","geometry":{"type":"Point","coordinates":[16.978447,51.09409]},"properties":{"line":"967","mode":"bus","color":"#0059a9","colorDark":"#00294f","band":4,"off":[0,1.1]}},{"type":"Feature","geometry":{"type":"Point","coordinates":[16.969517,51.068059]},"properties":{"name":"GIEŁDOWA (Centrum Hurtu)","band":4,"modes":"bus","arr":["D","247","257"],"off":[0,-0.8]}},{"type":"Feature","geometry":{"type":"Point","coordinates":[16.969517,51.068059]},"properties":{"line":"D","mode":"bus","color":"#0059a9","colorDark":"#00294f","band":4,"off":[-3.4,1.1]}},{"type":"Feature","geometry":{"type":"Point","coordinates":[16.969517,51.068059]},"properties":{"line":"247","mode":"bus","color":"#000000","colorDark":"#000000","band":4,"off":[0,1.1]}},{"type":"Feature","geometry":{"type":"Point","coordinates":[16.969517,51.068059]},"properties":{"line":"257","mode":"bus","color":"#000000","colorDark":"#000000","band":4,"off":[3.4,1.1]}},{"type":"Feature","geometry":{"type":"Point","coordinates":[17.006044,51.179388]},"properties":{"name":"KMINKOWA","band":4,"modes":"bus","arr":["108","111","153"],"off":[0,-0.8]}},{"type":"Feature","geometry":{"type":"Point","coordinates":[17.006044,51.179388]},"properties":{"line":"108","mode":"bus","color":"#0059a9","colorDark":"#00294f","band":4,"off":[-3.4,1.1]}},{"type":"Feature","geometry":{"type":"Point","coordinates":[17.006044,51.179388]},"properties":{"line":"111","mode":"bus","color":"#0059a9","colorDark":"#00294f","band":4,"off":[0,1.1]}},{"type":"Feature","geometry":{"type":"Point","coordinates":[17.006044,51.179388]},"properties":{"line":"153","mode":"bus","color":"#0059a9","colorDark":"#00294f","band":4,"off":[3.4,1.1]}},{"type":"Feature","geometry":{"type":"Point","coordinates":[17.033903,51.12468]},"properties":{"name":"DWORZEC NADODRZE","band":4,"modes":"bus","arr":["108","908"],"off":[0,-0.8]}},{"type":"Feature","geometry":{"type":"Point","coordinates":[17.033903,51.12468]},"properties":{"line":"108","mode":"bus","color":"#0059a9","colorDark":"#00294f","band":4,"off":[-1.7,1.1]}},{"type":"Feature","geometry":{"type":"Point","coordinates":[17.033903,51.12468]},"properties":{"line":"908","mode":"bus","color":"#0059a9","colorDark":"#00294f","band":4,"off":[1.7,1.1]}},{"type":"Feature","geometry":{"type":"Point","coordinates":[17.07232,51.04231]},"properties":{"name":"IWINY - pętla","band":4,"modes":"bus","arr":["110"],"off":[0,-0.8]}},{"type":"Feature","geometry":{"type":"Point","coordinates":[17.07232,51.04231]},"properties":{"line":"110","mode":"bus","color":"#0059a9","colorDark":"#00294f","band":4,"off":[0,1.1]}},{"type":"Feature","geometry":{"type":"Point","coordinates":[17.060843,51.045095]},"properties":{"name":"IWINY - rondo","band":4,"modes":"bus","arr":["310","255"],"off":[0,-0.8]}},{"type":"Feature","geometry":{"type":"Point","coordinates":[17.060843,51.045095]},"properties":{"line":"310","mode":"bus","color":"#0059a9","colorDark":"#00294f","band":4,"off":[-1.7,1.1]}},{"type":"Feature","geometry":{"type":"Point","coordinates":[17.060843,51.045095]},"properties":{"line":"255","mode":"bus","color":"#000000","colorDark":"#000000","band":4,"off":[1.7,1.1]}},{"type":"Feature","geometry":{"type":"Point","coordinates":[17.059167,51.05014]},"properties":{"name":"Vivaldiego","band":4,"modes":"bus","arr":["145"],"off":[0,-0.8]}},{"type":"Feature","geometry":{"type":"Point","coordinates":[17.059167,51.05014]},"properties":{"line":"145","mode":"bus","color":"#0059a9","colorDark":"#00294f","band":4,"off":[0,1.1]}},{"type":"Feature","geometry":{"type":"Point","coordinates":[17.041888,51.109011]},"properties":{"name":"GALERIA DOMINIKAŃSKA","band":4,"modes":"bus","arr":["110","112","113","114","120","914","920","924"],"off":[0,-0.8]}},{"type":"Feature","geometry":{"type":"Point","coordinates":[17.041888,51.109011]},"properties":{"line":"110","mode":"bus","color":"#0059a9","colorDark":"#00294f","band":4,"off":[-6.8,1.1]}},{"type":"Feature","geometry":{"type":"Point","coordinates":[17.041888,51.109011]},"properties":{"line":"112","mode":"bus","color":"#0059a9","colorDark":"#00294f","band":4,"off":[-3.4,1.1]}},{"type":"Feature","geometry":{"type":"Point","coordinates":[17.041888,51.109011]},"properties":{"line":"113","mode":"bus","color":"#0059a9","colorDark":"#00294f","band":4,"off":[0,1.1]}},{"type":"Feature","geometry":{"type":"Point","coordinates":[17.041888,51.109011]},"properties":{"line":"114","mode":"bus","color":"#0059a9","colorDark":"#00294f","band":4,"off":[3.4,1.1]}},{"type":"Feature","geometry":{"type":"Point","coordinates":[17.041888,51.109011]},"properties":{"line":"120","mode":"bus","color":"#0059a9","colorDark":"#00294f","band":4,"off":[6.8,1.1]}},{"type":"Feature","geometry":{"type":"Point","coordinates":[17.041888,51.109011]},"properties":{"line":"914","mode":"bus","color":"#0059a9","colorDark":"#00294f","band":4,"off":[-3.4,3.1]}},{"type":"Feature","geometry":{"type":"Point","coordinates":[17.041888,51.109011]},"properties":{"line":"920","mode":"bus","color":"#0059a9","colorDark":"#00294f","band":4,"off":[0,3.1]}},{"type":"Feature","geometry":{"type":"Point","coordinates":[17.041888,51.109011]},"properties":{"line":"924","mode":"bus","color":"#0059a9","colorDark":"#00294f","band":4,"off":[3.4,3.1]}},{"type":"Feature","geometry":{"type":"Point","coordinates":[17.057026,51.053718]},"properties":{"name":"JAGODNO (P+R)","band":4,"modes":"bus","arr":["148","310","N"],"off":[0,-0.8]}},{"type":"Feature","geometry":{"type":"Point","coordinates":[17.057026,51.053718]},"properties":{"line":"148","mode":"bus","color":"#0059a9","colorDark":"#00294f","band":4,"off":[-3.4,1.1]}},{"type":"Feature","geometry":{"type":"Point","coordinates":[17.057026,51.053718]},"properties":{"line":"310","mode":"bus","color":"#0059a9","colorDark":"#00294f","band":4,"off":[0,1.1]}},{"type":"Feature","geometry":{"type":"Point","coordinates":[17.057026,51.053718]},"properties":{"line":"N","mode":"bus","color":"#0059a9","colorDark":"#00294f","band":4,"off":[3.4,1.1]}},{"type":"Feature","geometry":{"type":"Point","coordinates":[17.132518,51.158979]},"properties":{"name":"OSIEDLE SOBIESKIEGO","band":4,"modes":"bus","arr":["111","130","150","D"],"off":[0,-0.8]}},{"type":"Feature","geometry":{"type":"Point","coordinates":[17.132518,51.158979]},"properties":{"line":"111","mode":"bus","color":"#0059a9","colorDark":"#00294f","band":4,"off":[-5.1,1.1]}},{"type":"Feature","geometry":{"type":"Point","coordinates":[17.132518,51.158979]},"properties":{"line":"130","mode":"bus","color":"#0059a9","colorDark":"#00294f","band":4,"off":[-1.7,1.1]}},{"type":"Feature","geometry":{"type":"Point","coordinates":[17.132518,51.158979]},"properties":{"line":"150","mode":"bus","color":"#0059a9","colorDark":"#00294f","band":4,"off":[1.7,1.1]}},{"type":"Feature","geometry":{"type":"Point","coordinates":[17.132518,51.158979]},"properties":{"line":"D","mode":"bus","color":"#0059a9","colorDark":"#00294f","band":4,"off":[5.1,1.1]}},{"type":"Feature","geometry":{"type":"Point","coordinates":[17.057445,51.112174]},"properties":{"name":"Reja","band":4,"modes":"bus","arr":["115","121","131","151"],"off":[0,-0.8]}},{"type":"Feature","geometry":{"type":"Point","coordinates":[17.057445,51.112174]},"properties":{"line":"115","mode":"bus","color":"#0059a9","colorDark":"#00294f","band":4,"off":[-5.1,1.1]}},{"type":"Feature","geometry":{"type":"Point","coordinates":[17.057445,51.112174]},"properties":{"line":"121","mode":"bus","color":"#0059a9","colorDark":"#00294f","band":4,"off":[-1.7,1.1]}},{"type":"Feature","geometry":{"type":"Point","coordinates":[17.057445,51.112174]},"properties":{"line":"131","mode":"bus","color":"#0059a9","colorDark":"#00294f","band":4,"off":[1.7,1.1]}},{"type":"Feature","geometry":{"type":"Point","coordinates":[17.057445,51.112174]},"properties":{"line":"151","mode":"bus","color":"#0059a9","colorDark":"#00294f","band":4,"off":[5.1,1.1]}},{"type":"Feature","geometry":{"type":"Point","coordinates":[17.060404,51.111653]},"properties":{"name":"PL. GRUNWALDZKI","band":4,"modes":"bus","arr":["115","116","121","131","151","315","945","955"],"off":[0,-0.8]}},{"type":"Feature","geometry":{"type":"Point","coordinates":[17.060404,51.111653]},"properties":{"line":"115","mode":"bus","color":"#0059a9","colorDark":"#00294f","band":4,"off":[-6.8,1.1]}},{"type":"Feature","geometry":{"type":"Point","coordinates":[17.060404,51.111653]},"properties":{"line":"116","mode":"bus","color":"#0059a9","colorDark":"#00294f","band":4,"off":[-3.4,1.1]}},{"type":"Feature","geometry":{"type":"Point","coordinates":[17.060404,51.111653]},"properties":{"line":"121","mode":"bus","color":"#0059a9","colorDark":"#00294f","band":4,"off":[0,1.1]}},{"type":"Feature","geometry":{"type":"Point","coordinates":[17.060404,51.111653]},"properties":{"line":"131","mode":"bus","color":"#0059a9","colorDark":"#00294f","band":4,"off":[3.4,1.1]}},{"type":"Feature","geometry":{"type":"Point","coordinates":[17.060404,51.111653]},"properties":{"line":"151","mode":"bus","color":"#0059a9","colorDark":"#00294f","band":4,"off":[6.8,1.1]}},{"type":"Feature","geometry":{"type":"Point","coordinates":[17.060404,51.111653]},"properties":{"line":"315","mode":"bus","color":"#0059a9","colorDark":"#00294f","band":4,"off":[-3.4,3.1]}},{"type":"Feature","geometry":{"type":"Point","coordinates":[17.060404,51.111653]},"properties":{"line":"945","mode":"bus","color":"#0059a9","colorDark":"#00294f","band":4,"off":[0,3.1]}},{"type":"Feature","geometry":{"type":"Point","coordinates":[17.060404,51.111653]},"properties":{"line":"955","mode":"bus","color":"#0059a9","colorDark":"#00294f","band":4,"off":[3.4,3.1]}},{"type":"Feature","geometry":{"type":"Point","coordinates":[17.086532,51.05903]},"properties":{"name":"BROCHÓW","band":4,"modes":"bus","arr":["125","133"],"off":[0,-0.8]}},{"type":"Feature","geometry":{"type":"Point","coordinates":[17.086532,51.05903]},"properties":{"line":"125","mode":"bus","color":"#0059a9","colorDark":"#00294f","band":4,"off":[-1.7,1.1]}},{"type":"Feature","geometry":{"type":"Point","coordinates":[17.086532,51.05903]},"properties":{"line":"133","mode":"bus","color":"#0059a9","colorDark":"#00294f","band":4,"off":[1.7,1.1]}},{"type":"Feature","geometry":{"type":"Point","coordinates":[17.091095,51.047735]},"properties":{"name":"BIEŃKOWICE","band":4,"modes":"bus","arr":["114","245"],"off":[0,-0.8]}},{"type":"Feature","geometry":{"type":"Point","coordinates":[17.091095,51.047735]},"properties":{"line":"114","mode":"bus","color":"#0059a9","colorDark":"#00294f","band":4,"off":[-1.7,1.1]}},{"type":"Feature","geometry":{"type":"Point","coordinates":[17.091095,51.047735]},"properties":{"line":"245","mode":"bus","color":"#000000","colorDark":"#000000","band":4,"off":[1.7,1.1]}},{"type":"Feature","geometry":{"type":"Point","coordinates":[17.165932,51.095908]},"properties":{"name":"WOJNÓW (Pętla)","band":4,"modes":"bus","arr":["115","118","259"],"off":[0,-0.8]}},{"type":"Feature","geometry":{"type":"Point","coordinates":[17.165932,51.095908]},"properties":{"line":"115","mode":"bus","color":"#0059a9","colorDark":"#00294f","band":4,"off":[-3.4,1.1]}},{"type":"Feature","geometry":{"type":"Point","coordinates":[17.165932,51.095908]},"properties":{"line":"118","mode":"bus","color":"#0059a9","colorDark":"#00294f","band":4,"off":[0,1.1]}},{"type":"Feature","geometry":{"type":"Point","coordinates":[17.165932,51.095908]},"properties":{"line":"259","mode":"bus","color":"#000000","colorDark":"#000000","band":4,"off":[3.4,1.1]}},{"type":"Feature","geometry":{"type":"Point","coordinates":[17.091077,51.113465]},"properties":{"name":"8 Maja","band":4,"modes":"bus","arr":["118","343"],"off":[0,-0.8]}},{"type":"Feature","geometry":{"type":"Point","coordinates":[17.091077,51.113465]},"properties":{"line":"118","mode":"bus","color":"#0059a9","colorDark":"#00294f","band":4,"off":[-1.7,1.1]}},{"type":"Feature","geometry":{"type":"Point","coordinates":[17.091077,51.113465]},"properties":{"line":"343","mode":"bus","color":"#0059a9","colorDark":"#00294f","band":4,"off":[1.7,1.1]}},{"type":"Feature","geometry":{"type":"Point","coordinates":[17.064507,51.15523]},"properties":{"name":"SOŁTYSOWICE","band":4,"modes":"bus","arr":["116","119","A","246"],"off":[0,-0.8]}},{"type":"Feature","geometry":{"type":"Point","coordinates":[17.064507,51.15523]},"properties":{"line":"116","mode":"bus","color":"#0059a9","colorDark":"#00294f","band":4,"off":[-5.1,1.1]}},{"type":"Feature","geometry":{"type":"Point","coordinates":[17.064507,51.15523]},"properties":{"line":"119","mode":"bus","color":"#0059a9","colorDark":"#00294f","band":4,"off":[-1.7,1.1]}},{"type":"Feature","geometry":{"type":"Point","coordinates":[17.064507,51.15523]},"properties":{"line":"A","mode":"bus","color":"#0059a9","colorDark":"#00294f","band":4,"off":[1.7,1.1]}},{"type":"Feature","geometry":{"type":"Point","coordinates":[17.064507,51.15523]},"properties":{"line":"246","mode":"bus","color":"#000000","colorDark":"#000000","band":4,"off":[5.1,1.1]}},{"type":"Feature","geometry":{"type":"Point","coordinates":[17.064151,51.111941]},"properties":{"name":"PL. GRUNWALDZKI","band":4,"modes":"bus","arr":["149","911","945","955","961"],"off":[0,-0.8]}},{"type":"Feature","geometry":{"type":"Point","coordinates":[17.064151,51.111941]},"properties":{"line":"149","mode":"bus","color":"#0059a9","colorDark":"#00294f","band":4,"off":[-6.8,1.1]}},{"type":"Feature","geometry":{"type":"Point","coordinates":[17.064151,51.111941]},"properties":{"line":"911","mode":"bus","color":"#0059a9","colorDark":"#00294f","band":4,"off":[-3.4,1.1]}},{"type":"Feature","geometry":{"type":"Point","coordinates":[17.064151,51.111941]},"properties":{"line":"945","mode":"bus","color":"#0059a9","colorDark":"#00294f","band":4,"off":[0,1.1]}},{"type":"Feature","geometry":{"type":"Point","coordinates":[17.064151,51.111941]},"properties":{"line":"955","mode":"bus","color":"#0059a9","colorDark":"#00294f","band":4,"off":[3.4,1.1]}},{"type":"Feature","geometry":{"type":"Point","coordinates":[17.064151,51.111941]},"properties":{"line":"961","mode":"bus","color":"#0059a9","colorDark":"#00294f","band":4,"off":[6.8,1.1]}},{"type":"Feature","geometry":{"type":"Point","coordinates":[16.886564,51.124341]},"properties":{"name":"Jerzmanowo (Cmentarz I)","band":4,"modes":"bus","arr":["117"],"off":[0,-0.8]}},{"type":"Feature","geometry":{"type":"Point","coordinates":[16.886564,51.124341]},"properties":{"line":"117","mode":"bus","color":"#0059a9","colorDark":"#00294f","band":4,"off":[0,1.1]}},{"type":"Feature","geometry":{"type":"Point","coordinates":[16.860023,51.150165]},"properties":{"name":"Krępicka - Szkoła","band":4,"modes":"bus","arr":["117"],"off":[0,-0.8]}},{"type":"Feature","geometry":{"type":"Point","coordinates":[16.860023,51.150165]},"properties":{"line":"117","mode":"bus","color":"#0059a9","colorDark":"#00294f","band":4,"off":[0,1.1]}},{"type":"Feature","geometry":{"type":"Point","coordinates":[16.966697,51.166086]},"properties":{"name":"RĘDZIN","band":4,"modes":"bus","arr":["118","257"],"off":[0,-0.8]}},{"type":"Feature","geometry":{"type":"Point","coordinates":[16.966697,51.166086]},"properties":{"line":"118","mode":"bus","color":"#0059a9","colorDark":"#00294f","band":4,"off":[-1.7,1.1]}},{"type":"Feature","geometry":{"type":"Point","coordinates":[16.966697,51.166086]},"properties":{"line":"257","mode":"bus","color":"#000000","colorDark":"#000000","band":4,"off":[1.7,1.1]}},{"type":"Feature","geometry":{"type":"Point","coordinates":[16.983262,51.07716]},"properties":{"name":"RACŁAWICKA","band":4,"modes":"bus","arr":["119","A","248"],"off":[0,-0.8]}},{"type":"Feature","geometry":{"type":"Point","coordinates":[16.983262,51.07716]},"properties":{"line":"119","mode":"bus","color":"#0059a9","colorDark":"#00294f","band":4,"off":[-3.4,1.1]}},{"type":"Feature","geometry":{"type":"Point","coordinates":[16.983262,51.07716]},"properties":{"line":"A","mode":"bus","color":"#0059a9","colorDark":"#00294f","band":4,"off":[0,1.1]}},{"type":"Feature","geometry":{"type":"Point","coordinates":[16.983262,51.07716]},"properties":{"line":"248","mode":"bus","color":"#000000","colorDark":"#000000","band":4,"off":[3.4,1.1]}},{"type":"Feature","geometry":{"type":"Point","coordinates":[16.970715,51.112576]},"properties":{"name":"Muchobór Mały (Stacja kolejowa)","band":4,"modes":"bus","arr":["306"],"off":[0,-0.8]}},{"type":"Feature","geometry":{"type":"Point","coordinates":[16.970715,51.112576]},"properties":{"line":"306","mode":"bus","color":"#0059a9","colorDark":"#00294f","band":4,"off":[0,1.1]}},{"type":"Feature","geometry":{"type":"Point","coordinates":[17.157232,51.070199]},"properties":{"name":"BLIZANOWICE","band":4,"modes":"bus","arr":["120"],"off":[0,-0.8]}},{"type":"Feature","geometry":{"type":"Point","coordinates":[17.157232,51.070199]},"properties":{"line":"120","mode":"bus","color":"#0059a9","colorDark":"#00294f","band":4,"off":[0,1.1]}},{"type":"Feature","geometry":{"type":"Point","coordinates":[17.148156,51.145324]},"properties":{"name":"KIEŁCZOWSKA (Cmentarz)","band":4,"modes":"bus","arr":["121","921"],"off":[0,-0.8]}},{"type":"Feature","geometry":{"type":"Point","coordinates":[17.148156,51.145324]},"properties":{"line":"121","mode":"bus","color":"#0059a9","colorDark":"#00294f","band":4,"off":[-1.7,1.1]}},{"type":"Feature","geometry":{"type":"Point","coordinates":[17.148156,51.145324]},"properties":{"line":"921","mode":"bus","color":"#0059a9","colorDark":"#00294f","band":4,"off":[1.7,1.1]}},{"type":"Feature","geometry":{"type":"Point","coordinates":[17.127591,51.142267]},"properties":{"name":"LITEWSKA","band":4,"modes":"bus","arr":["131","147","150","N","251"],"off":[0,-0.8]}},{"type":"Feature","geometry":{"type":"Point","coordinates":[17.127591,51.142267]},"properties":{"line":"131","mode":"bus","color":"#0059a9","colorDark":"#00294f","band":4,"off":[-6.8,1.1]}},{"type":"Feature","geometry":{"type":"Point","coordinates":[17.127591,51.142267]},"properties":{"line":"147","mode":"bus","color":"#0059a9","colorDark":"#00294f","band":4,"off":[-3.4,1.1]}},{"type":"Feature","geometry":{"type":"Point","coordinates":[17.127591,51.142267]},"properties":{"line":"150","mode":"bus","color":"#0059a9","colorDark":"#00294f","band":4,"off":[0,1.1]}},{"type":"Feature","geometry":{"type":"Point","coordinates":[17.127591,51.142267]},"properties":{"line":"N","mode":"bus","color":"#0059a9","colorDark":"#00294f","band":4,"off":[3.4,1.1]}},{"type":"Feature","geometry":{"type":"Point","coordinates":[17.127591,51.142267]},"properties":{"line":"251","mode":"bus","color":"#000000","colorDark":"#000000","band":4,"off":[6.8,1.1]}},{"type":"Feature","geometry":{"type":"Point","coordinates":[17.116708,51.145711]},"properties":{"name":"MULICKA","band":4,"modes":"bus","arr":["944"],"off":[0,-0.8]}},{"type":"Feature","geometry":{"type":"Point","coordinates":[17.116708,51.145711]},"properties":{"line":"944","mode":"bus","color":"#0059a9","colorDark":"#00294f","band":4,"off":[0,1.1]}},{"type":"Feature","geometry":{"type":"Point","coordinates":[16.934956,51.09568]},"properties":{"name":"Gagarina","band":4,"modes":"bus","arr":["122"],"off":[0,-0.8]}},{"type":"Feature","geometry":{"type":"Point","coordinates":[16.934956,51.09568]},"properties":{"line":"122","mode":"bus","color":"#0059a9","colorDark":"#00294f","band":4,"off":[0,1.1]}},{"type":"Feature","geometry":{"type":"Point","coordinates":[17.036447,51.097139]},"properties":{"name":"DWORZEC AUTOBUSOWY","band":4,"modes":"bus","arr":["122","612","240","250"],"off":[0,-0.8]}},{"type":"Feature","geometry":{"type":"Point","coordinates":[17.036447,51.097139]},"properties":{"line":"122","mode":"bus","color":"#0059a9","colorDark":"#00294f","band":4,"off":[-5.1,1.1]}},{"type":"Feature","geometry":{"type":"Point","coordinates":[17.036447,51.097139]},"properties":{"line":"612","mode":"bus","color":"#0059a9","colorDark":"#00294f","band":4,"off":[-1.7,1.1]}},{"type":"Feature","geometry":{"type":"Point","coordinates":[17.036447,51.097139]},"properties":{"line":"240","mode":"bus","color":"#000000","colorDark":"#000000","band":4,"off":[1.7,1.1]}},{"type":"Feature","geometry":{"type":"Point","coordinates":[17.036447,51.097139]},"properties":{"line":"250","mode":"bus","color":"#000000","colorDark":"#000000","band":4,"off":[5.1,1.1]}},{"type":"Feature","geometry":{"type":"Point","coordinates":[16.958257,51.13268]},"properties":{"name":"Metalowców","band":4,"modes":"bus","arr":["123"],"off":[0,-0.8]}},{"type":"Feature","geometry":{"type":"Point","coordinates":[16.958257,51.13268]},"properties":{"line":"123","mode":"bus","color":"#0059a9","colorDark":"#00294f","band":4,"off":[0,1.1]}},{"type":"Feature","geometry":{"type":"Point","coordinates":[16.952172,51.119369]},"properties":{"name":"Wrocław Nowy Dwór (P+R)","band":4,"modes":"bus","arr":["124","128","134","927","241"],"off":[0,-0.8]}},{"type":"Feature","geometry":{"type":"Point","coordinates":[16.952172,51.119369]},"properties":{"line":"124","mode":"bus","color":"#0059a9","colorDark":"#00294f","band":4,"off":[-6.8,1.1]}},{"type":"Feature","geometry":{"type":"Point","coordinates":[16.952172,51.119369]},"properties":{"line":"128","mode":"bus","color":"#0059a9","colorDark":"#00294f","band":4,"off":[-3.4,1.1]}},{"type":"Feature","geometry":{"type":"Point","coordinates":[16.952172,51.119369]},"properties":{"line":"134","mode":"bus","color":"#0059a9","colorDark":"#00294f","band":4,"off":[0,1.1]}},{"type":"Feature","geometry":{"type":"Point","coordinates":[16.952172,51.119369]},"properties":{"line":"927","mode":"bus","color":"#0059a9","colorDark":"#00294f","band":4,"off":[3.4,1.1]}},{"type":"Feature","geometry":{"type":"Point","coordinates":[16.952172,51.119369]},"properties":{"line":"241","mode":"bus","color":"#000000","colorDark":"#000000","band":4,"off":[6.8,1.1]}},{"type":"Feature","geometry":{"type":"Point","coordinates":[17.093033,51.069155]},"properties":{"name":"Brochowska","band":4,"modes":"bus","arr":["343"],"off":[0,-0.8]}},{"type":"Feature","geometry":{"type":"Point","coordinates":[17.093033,51.069155]},"properties":{"line":"343","mode":"bus","color":"#0059a9","colorDark":"#00294f","band":4,"off":[0,1.1]}},{"type":"Feature","geometry":{"type":"Point","coordinates":[17.097547,51.069867]},"properties":{"name":"KSIĘŻE WIELKIE","band":4,"modes":"bus","arr":["124","134","243"],"off":[0,-0.8]}},{"type":"Feature","geometry":{"type":"Point","coordinates":[17.097547,51.069867]},"properties":{"line":"124","mode":"bus","color":"#0059a9","colorDark":"#00294f","band":4,"off":[-3.4,1.1]}},{"type":"Feature","geometry":{"type":"Point","coordinates":[17.097547,51.069867]},"properties":{"line":"134","mode":"bus","color":"#0059a9","colorDark":"#00294f","band":4,"off":[0,1.1]}},{"type":"Feature","geometry":{"type":"Point","coordinates":[17.097547,51.069867]},"properties":{"line":"243","mode":"bus","color":"#000000","colorDark":"#000000","band":4,"off":[3.4,1.1]}},{"type":"Feature","geometry":{"type":"Point","coordinates":[16.952865,51.075993]},"properties":{"name":"TYNIECKA (pętla)","band":4,"modes":"bus","arr":["125","143"],"off":[0,-0.8]}},{"type":"Feature","geometry":{"type":"Point","coordinates":[16.952865,51.075993]},"properties":{"line":"125","mode":"bus","color":"#0059a9","colorDark":"#00294f","band":4,"off":[-1.7,1.1]}},{"type":"Feature","geometry":{"type":"Point","coordinates":[16.952865,51.075993]},"properties":{"line":"143","mode":"bus","color":"#0059a9","colorDark":"#00294f","band":4,"off":[1.7,1.1]}},{"type":"Feature","geometry":{"type":"Point","coordinates":[17.014397,51.067665]},"properties":{"name":"Wojszycka","band":4,"modes":"bus","arr":["126"],"off":[0,-0.8]}},{"type":"Feature","geometry":{"type":"Point","coordinates":[17.014397,51.067665]},"properties":{"line":"126","mode":"bus","color":"#0059a9","colorDark":"#00294f","band":4,"off":[0,1.1]}},{"type":"Feature","geometry":{"type":"Point","coordinates":[16.968755,51.137525]},"properties":{"name":"KOZANÓW","band":4,"modes":"bus","arr":["126","136","246"],"off":[0,-0.8]}},{"type":"Feature","geometry":{"type":"Point","coordinates":[16.968755,51.137525]},"properties":{"line":"126","mode":"bus","color":"#0059a9","colorDark":"#00294f","band":4,"off":[-3.4,1.1]}},{"type":"Feature","geometry":{"type":"Point","coordinates":[16.968755,51.137525]},"properties":{"line":"136","mode":"bus","color":"#0059a9","colorDark":"#00294f","band":4,"off":[0,1.1]}},{"type":"Feature","geometry":{"type":"Point","coordinates":[16.968755,51.137525]},"properties":{"line":"246","mode":"bus","color":"#000000","colorDark":"#000000","band":4,"off":[3.4,1.1]}},{"type":"Feature","geometry":{"type":"Point","coordinates":[17.011543,51.059154]},"properties":{"name":"ZWYCIĘSKA","band":4,"modes":"bus","arr":["127","144","259"],"off":[0,-0.8]}},{"type":"Feature","geometry":{"type":"Point","coordinates":[17.011543,51.059154]},"properties":{"line":"127","mode":"bus","color":"#0059a9","colorDark":"#00294f","band":4,"off":[-3.4,1.1]}},{"type":"Feature","geometry":{"type":"Point","coordinates":[17.011543,51.059154]},"properties":{"line":"144","mode":"bus","color":"#0059a9","colorDark":"#00294f","band":4,"off":[0,1.1]}},{"type":"Feature","geometry":{"type":"Point","coordinates":[17.011543,51.059154]},"properties":{"line":"259","mode":"bus","color":"#000000","colorDark":"#000000","band":4,"off":[3.4,1.1]}},{"type":"Feature","geometry":{"type":"Point","coordinates":[16.927865,51.157501]},"properties":{"name":"KOZIA","band":4,"modes":"bus","arr":["127"],"off":[0,-0.8]}},{"type":"Feature","geometry":{"type":"Point","coordinates":[16.927865,51.157501]},"properties":{"line":"127","mode":"bus","color":"#0059a9","colorDark":"#00294f","band":4,"off":[0,1.1]}},{"type":"Feature","geometry":{"type":"Point","coordinates":[17.124619,51.162031]},"properties":{"name":"ZAKRZÓW","band":4,"modes":"bus","arr":["128"],"off":[0,-0.8]}},{"type":"Feature","geometry":{"type":"Point","coordinates":[17.124619,51.162031]},"properties":{"line":"128","mode":"bus","color":"#0059a9","colorDark":"#00294f","band":4,"off":[0,1.1]}},{"type":"Feature","geometry":{"type":"Point","coordinates":[17.03222,51.156574]},"properties":{"name":"POŚWIĘCKA (Ośrodek zdrowia)","band":4,"modes":"bus","arr":["129","248"],"off":[0,-0.8]}},{"type":"Feature","geometry":{"type":"Point","coordinates":[17.03222,51.156574]},"properties":{"line":"129","mode":"bus","color":"#0059a9","colorDark":"#00294f","band":4,"off":[-1.7,1.1]}},{"type":"Feature","geometry":{"type":"Point","coordinates":[17.03222,51.156574]},"properties":{"line":"248","mode":"bus","color":"#000000","colorDark":"#000000","band":4,"off":[1.7,1.1]}},{"type":"Feature","geometry":{"type":"Point","coordinates":[17.047241,51.166005]},"properties":{"name":"POLANOWICE","band":4,"modes":"bus","arr":["130","144","247"],"off":[0,-0.8]}},{"type":"Feature","geometry":{"type":"Point","coordinates":[17.047241,51.166005]},"properties":{"line":"130","mode":"bus","color":"#0059a9","colorDark":"#00294f","band":4,"off":[-3.4,1.1]}},{"type":"Feature","geometry":{"type":"Point","coordinates":[17.047241,51.166005]},"properties":{"line":"144","mode":"bus","color":"#0059a9","colorDark":"#00294f","band":4,"off":[0,1.1]}},{"type":"Feature","geometry":{"type":"Point","coordinates":[17.047241,51.166005]},"properties":{"line":"247","mode":"bus","color":"#000000","colorDark":"#000000","band":4,"off":[3.4,1.1]}},{"type":"Feature","geometry":{"type":"Point","coordinates":[16.971731,51.084194]},"properties":{"name":"OPORÓW","band":4,"modes":"tram,bus","arr":["4","11","20","132","907","947","257"],"off":[0,-0.8]}},{"type":"Feature","geometry":{"type":"Point","coordinates":[16.971731,51.084194]},"properties":{"line":"4","mode":"tram","color":"#d6212b","colorDark":"#7c1116","band":4,"off":[-6.8,1.1]}},{"type":"Feature","geometry":{"type":"Point","coordinates":[16.971731,51.084194]},"properties":{"line":"11","mode":"tram","color":"#d6212b","colorDark":"#7c1116","band":4,"off":[-3.4,1.1]}},{"type":"Feature","geometry":{"type":"Point","coordinates":[16.971731,51.084194]},"properties":{"line":"20","mode":"tram","color":"#d6212b","colorDark":"#7c1116","band":4,"off":[0,1.1]}},{"type":"Feature","geometry":{"type":"Point","coordinates":[16.971731,51.084194]},"properties":{"line":"132","mode":"bus","color":"#0059a9","colorDark":"#00294f","band":4,"off":[3.4,1.1]}},{"type":"Feature","geometry":{"type":"Point","coordinates":[16.971731,51.084194]},"properties":{"line":"907","mode":"bus","color":"#0059a9","colorDark":"#00294f","band":4,"off":[6.8,1.1]}},{"type":"Feature","geometry":{"type":"Point","coordinates":[16.971731,51.084194]},"properties":{"line":"947","mode":"bus","color":"#0059a9","colorDark":"#00294f","band":4,"off":[-1.7,3.1]}},{"type":"Feature","geometry":{"type":"Point","coordinates":[16.971731,51.084194]},"properties":{"line":"257","mode":"bus","color":"#000000","colorDark":"#000000","band":4,"off":[1.7,3.1]}},{"type":"Feature","geometry":{"type":"Point","coordinates":[17.098916,51.066791]},"properties":{"name":"Zajezdnia TYSKA","band":4,"modes":"bus","arr":["133","134","310","240"],"off":[0,-0.8]}},{"type":"Feature","geometry":{"type":"Point","coordinates":[17.098916,51.066791]},"properties":{"line":"133","mode":"bus","color":"#0059a9","colorDark":"#00294f","band":4,"off":[-5.1,1.1]}},{"type":"Feature","geometry":{"type":"Point","coordinates":[17.098916,51.066791]},"properties":{"line":"134","mode":"bus","color":"#0059a9","colorDark":"#00294f","band":4,"off":[-1.7,1.1]}},{"type":"Feature","geometry":{"type":"Point","coordinates":[17.098916,51.066791]},"properties":{"line":"310","mode":"bus","color":"#0059a9","colorDark":"#00294f","band":4,"off":[1.7,1.1]}},{"type":"Feature","geometry":{"type":"Point","coordinates":[17.098916,51.066791]},"properties":{"line":"240","mode":"bus","color":"#000000","colorDark":"#000000","band":4,"off":[5.1,1.1]}},{"type":"Feature","geometry":{"type":"Point","coordinates":[16.977459,51.055279]},"properties":{"name":"ROD Bielany","band":4,"modes":"bus","arr":["133"],"off":[0,-0.8]}},{"type":"Feature","geometry":{"type":"Point","coordinates":[16.977459,51.055279]},"properties":{"line":"133","mode":"bus","color":"#0059a9","colorDark":"#00294f","band":4,"off":[0,1.1]}},{"type":"Feature","geometry":{"type":"Point","coordinates":[16.961252,51.04792]},"properties":{"name":"C.H. Aleja Bielany","band":4,"modes":"bus","arr":["133"],"off":[0,-0.8]}},{"type":"Feature","geometry":{"type":"Point","coordinates":[16.961252,51.04792]},"properties":{"line":"133","mode":"bus","color":"#0059a9","colorDark":"#00294f","band":4,"off":[0,1.1]}},{"type":"Feature","geometry":{"type":"Point","coordinates":[16.833592,51.176044]},"properties":{"name":"LAS MOKRZAŃSKI","band":4,"modes":"bus","arr":["137"],"off":[0,-0.8]}},{"type":"Feature","geometry":{"type":"Point","coordinates":[16.833592,51.176044]},"properties":{"line":"137","mode":"bus","color":"#0059a9","colorDark":"#00294f","band":4,"off":[0,1.1]}},{"type":"Feature","geometry":{"type":"Point","coordinates":[16.834577,51.149781]},"properties":{"name":"ŻAR","band":4,"modes":"bus","arr":["138"],"off":[0,-0.8]}},{"type":"Feature","geometry":{"type":"Point","coordinates":[16.834577,51.149781]},"properties":{"line":"138","mode":"bus","color":"#0059a9","colorDark":"#00294f","band":4,"off":[0,1.1]}},{"type":"Feature","geometry":{"type":"Point","coordinates":[16.843934,51.121395]},"properties":{"name":"JARNOŁTÓW","band":4,"modes":"bus","arr":["142","249"],"off":[0,-0.8]}},{"type":"Feature","geometry":{"type":"Point","coordinates":[16.843934,51.121395]},"properties":{"line":"142","mode":"bus","color":"#0059a9","colorDark":"#00294f","band":4,"off":[-1.7,1.1]}},{"type":"Feature","geometry":{"type":"Point","coordinates":[16.843934,51.121395]},"properties":{"line":"249","mode":"bus","color":"#000000","colorDark":"#000000","band":4,"off":[1.7,1.1]}},{"type":"Feature","geometry":{"type":"Point","coordinates":[17.116502,51.102176]},"properties":{"name":"BARTOSZOWICE","band":4,"modes":"bus","arr":["143","145","345","255"],"off":[0,-0.8]}},{"type":"Feature","geometry":{"type":"Point","coordinates":[17.116502,51.102176]},"properties":{"line":"143","mode":"bus","color":"#0059a9","colorDark":"#00294f","band":4,"off":[-5.1,1.1]}},{"type":"Feature","geometry":{"type":"Point","coordinates":[17.116502,51.102176]},"properties":{"line":"145","mode":"bus","color":"#0059a9","colorDark":"#00294f","band":4,"off":[-1.7,1.1]}},{"type":"Feature","geometry":{"type":"Point","coordinates":[17.116502,51.102176]},"properties":{"line":"345","mode":"bus","color":"#0059a9","colorDark":"#00294f","band":4,"off":[1.7,1.1]}},{"type":"Feature","geometry":{"type":"Point","coordinates":[17.116502,51.102176]},"properties":{"line":"255","mode":"bus","color":"#000000","colorDark":"#000000","band":4,"off":[5.1,1.1]}},{"type":"Feature","geometry":{"type":"Point","coordinates":[17.103096,51.101923]},"properties":{"name":"Spółdzielcza","band":4,"modes":"bus","arr":["146"],"off":[0,-0.8]}},{"type":"Feature","geometry":{"type":"Point","coordinates":[17.103096,51.101923]},"properties":{"line":"146","mode":"bus","color":"#0059a9","colorDark":"#00294f","band":4,"off":[0,1.1]}},{"type":"Feature","geometry":{"type":"Point","coordinates":[17.104509,51.153708]},"properties":{"name":"ROD Pod Dębem","band":4,"modes":"bus","arr":["147","747"],"off":[0,-0.8]}},{"type":"Feature","geometry":{"type":"Point","coordinates":[17.104509,51.153708]},"properties":{"line":"147","mode":"bus","color":"#0059a9","colorDark":"#00294f","band":4,"off":[-1.7,1.1]}},{"type":"Feature","geometry":{"type":"Point","coordinates":[17.104509,51.153708]},"properties":{"line":"747","mode":"bus","color":"#0059a9","colorDark":"#00294f","band":4,"off":[1.7,1.1]}},{"type":"Feature","geometry":{"type":"Point","coordinates":[16.950078,51.123345]},"properties":{"name":"KUŹNIKI","band":4,"modes":"bus","arr":["149"],"off":[0,-0.8]}},{"type":"Feature","geometry":{"type":"Point","coordinates":[16.950078,51.123345]},"properties":{"line":"149","mode":"bus","color":"#0059a9","colorDark":"#00294f","band":4,"off":[0,1.1]}},{"type":"Feature","geometry":{"type":"Point","coordinates":[17.116372,51.173356]},"properties":{"name":"PAWŁOWICE (Widawska)","band":4,"modes":"bus","arr":["151","241"],"off":[0,-0.8]}},{"type":"Feature","geometry":{"type":"Point","coordinates":[17.116372,51.173356]},"properties":{"line":"151","mode":"bus","color":"#0059a9","colorDark":"#00294f","band":4,"off":[-1.7,1.1]}},{"type":"Feature","geometry":{"type":"Point","coordinates":[17.116372,51.173356]},"properties":{"line":"241","mode":"bus","color":"#000000","colorDark":"#000000","band":4,"off":[1.7,1.1]}},{"type":"Feature","geometry":{"type":"Point","coordinates":[16.989628,51.082061]},"properties":{"name":"BLACHARSKA","band":4,"modes":"bus","arr":["152"],"off":[0,-0.8]}},{"type":"Feature","geometry":{"type":"Point","coordinates":[16.989628,51.082061]},"properties":{"line":"152","mode":"bus","color":"#0059a9","colorDark":"#00294f","band":4,"off":[0,1.1]}},{"type":"Feature","geometry":{"type":"Point","coordinates":[17.128092,51.114714]},"properties":{"name":"SWOJCZYCE","band":4,"modes":"bus","arr":["315","715"],"off":[0,-0.8]}},{"type":"Feature","geometry":{"type":"Point","coordinates":[17.128092,51.114714]},"properties":{"line":"315","mode":"bus","color":"#0059a9","colorDark":"#00294f","band":4,"off":[-1.7,1.1]}},{"type":"Feature","geometry":{"type":"Point","coordinates":[17.128092,51.114714]},"properties":{"line":"715","mode":"bus","color":"#0059a9","colorDark":"#00294f","band":4,"off":[1.7,1.1]}},{"type":"Feature","geometry":{"type":"Point","coordinates":[17.043148,51.150709]},"properties":{"name":"KAMIEŃSKIEGO (pętla)","band":4,"modes":"bus","arr":["319","K"],"off":[0,-0.8]}},{"type":"Feature","geometry":{"type":"Point","coordinates":[17.043148,51.150709]},"properties":{"line":"319","mode":"bus","color":"#0059a9","colorDark":"#00294f","band":4,"off":[-1.7,1.1]}},{"type":"Feature","geometry":{"type":"Point","coordinates":[17.043148,51.150709]},"properties":{"line":"K","mode":"bus","color":"#0059a9","colorDark":"#00294f","band":4,"off":[1.7,1.1]}},{"type":"Feature","geometry":{"type":"Point","coordinates":[17.090088,51.116856]},"properties":{"name":"Stadion Olimpijski","band":4,"modes":"tram,bus","arr":["13","345","715","941","253"],"off":[0,-0.8]}},{"type":"Feature","geometry":{"type":"Point","coordinates":[17.090088,51.116856]},"properties":{"line":"13","mode":"tram","color":"#d6212b","colorDark":"#7c1116","band":4,"off":[-6.8,1.1]}},{"type":"Feature","geometry":{"type":"Point","coordinates":[17.090088,51.116856]},"properties":{"line":"345","mode":"bus","color":"#0059a9","colorDark":"#00294f","band":4,"off":[-3.4,1.1]}},{"type":"Feature","geometry":{"type":"Point","coordinates":[17.090088,51.116856]},"properties":{"line":"715","mode":"bus","color":"#0059a9","colorDark":"#00294f","band":4,"off":[0,1.1]}},{"type":"Feature","geometry":{"type":"Point","coordinates":[17.090088,51.116856]},"properties":{"line":"941","mode":"bus","color":"#0059a9","colorDark":"#00294f","band":4,"off":[3.4,1.1]}},{"type":"Feature","geometry":{"type":"Point","coordinates":[17.090088,51.116856]},"properties":{"line":"253","mode":"bus","color":"#000000","colorDark":"#000000","band":4,"off":[6.8,1.1]}},{"type":"Feature","geometry":{"type":"Point","coordinates":[16.880629,51.017242]},"properties":{"name":"Biskupice Podg. LG Energy Solution Wr. I","band":4,"modes":"bus","arr":["602","607"],"off":[0,-0.8]}},{"type":"Feature","geometry":{"type":"Point","coordinates":[16.880629,51.017242]},"properties":{"line":"602","mode":"bus","color":"#0059a9","colorDark":"#00294f","band":4,"off":[-1.7,1.1]}},{"type":"Feature","geometry":{"type":"Point","coordinates":[16.880629,51.017242]},"properties":{"line":"607","mode":"bus","color":"#0059a9","colorDark":"#00294f","band":4,"off":[1.7,1.1]}},{"type":"Feature","geometry":{"type":"Point","coordinates":[17.039506,51.096781]},"properties":{"name":"SUCHA","band":4,"modes":"bus","arr":["612","250"],"off":[0,-0.8]}},{"type":"Feature","geometry":{"type":"Point","coordinates":[17.039506,51.096781]},"properties":{"line":"612","mode":"bus","color":"#0059a9","colorDark":"#00294f","band":4,"off":[-1.7,1.1]}},{"type":"Feature","geometry":{"type":"Point","coordinates":[17.039506,51.096781]},"properties":{"line":"250","mode":"bus","color":"#000000","colorDark":"#000000","band":4,"off":[1.7,1.1]}},{"type":"Feature","geometry":{"type":"Point","coordinates":[17.096284,51.156951]},"properties":{"name":"KŁOKOCZYCE","band":4,"modes":"bus","arr":["747"],"off":[0,-0.8]}},{"type":"Feature","geometry":{"type":"Point","coordinates":[17.096284,51.156951]},"properties":{"line":"747","mode":"bus","color":"#0059a9","colorDark":"#00294f","band":4,"off":[0,1.1]}},{"type":"Feature","geometry":{"type":"Point","coordinates":[17.039572,50.980418]},"properties":{"name":"Żórawina - kościół Św. Trójcy","band":4,"modes":"bus","arr":["903"],"off":[0,-0.8]}},{"type":"Feature","geometry":{"type":"Point","coordinates":[17.039572,50.980418]},"properties":{"line":"903","mode":"bus","color":"#0059a9","colorDark":"#00294f","band":4,"off":[0,1.1]}},{"type":"Feature","geometry":{"type":"Point","coordinates":[17.040727,50.979723]},"properties":{"name":"Żórawina - Niepodległości (Mostek)","band":4,"modes":"bus","arr":["903"],"off":[0,-0.8]}},{"type":"Feature","geometry":{"type":"Point","coordinates":[17.040727,50.979723]},"properties":{"line":"903","mode":"bus","color":"#0059a9","colorDark":"#00294f","band":4,"off":[0,1.1]}},{"type":"Feature","geometry":{"type":"Point","coordinates":[17.175334,51.232512]},"properties":{"name":"Łozina - skrzy.","band":4,"modes":"bus","arr":["904","941"],"off":[0,-0.8]}},{"type":"Feature","geometry":{"type":"Point","coordinates":[17.175334,51.232512]},"properties":{"line":"904","mode":"bus","color":"#0059a9","colorDark":"#00294f","band":4,"off":[-1.7,1.1]}},{"type":"Feature","geometry":{"type":"Point","coordinates":[17.175334,51.232512]},"properties":{"line":"941","mode":"bus","color":"#0059a9","colorDark":"#00294f","band":4,"off":[1.7,1.1]}},{"type":"Feature","geometry":{"type":"Point","coordinates":[17.238475,51.221135]},"properties":{"name":"Januszkowice - Wrocławska","band":4,"modes":"bus","arr":["928"],"off":[0,-0.8]}},{"type":"Feature","geometry":{"type":"Point","coordinates":[17.238475,51.221135]},"properties":{"line":"928","mode":"bus","color":"#0059a9","colorDark":"#00294f","band":4,"off":[0,1.1]}},{"type":"Feature","geometry":{"type":"Point","coordinates":[17.177798,51.233355]},"properties":{"name":"Łozina - Milicka/poczta","band":4,"modes":"bus","arr":["904"],"off":[0,-0.8]}},{"type":"Feature","geometry":{"type":"Point","coordinates":[17.177798,51.233355]},"properties":{"line":"904","mode":"bus","color":"#0059a9","colorDark":"#00294f","band":4,"off":[0,1.1]}},{"type":"Feature","geometry":{"type":"Point","coordinates":[16.978052,51.238922]},"properties":{"name":"Ozorowice","band":4,"modes":"bus","arr":["905"],"off":[0,-0.8]}},{"type":"Feature","geometry":{"type":"Point","coordinates":[16.978052,51.238922]},"properties":{"line":"905","mode":"bus","color":"#0059a9","colorDark":"#00294f","band":4,"off":[0,1.1]}},{"type":"Feature","geometry":{"type":"Point","coordinates":[16.837446,51.051285]},"properties":{"name":"Sadków - Szkolna/szkoła","band":4,"modes":"bus","arr":["907"],"off":[0,-0.8]}},{"type":"Feature","geometry":{"type":"Point","coordinates":[16.837446,51.051285]},"properties":{"line":"907","mode":"bus","color":"#0059a9","colorDark":"#00294f","band":4,"off":[0,1.1]}},{"type":"Feature","geometry":{"type":"Point","coordinates":[17.038982,51.207104]},"properties":{"name":"Kryniczno - Kościół","band":4,"modes":"bus","arr":["908"],"off":[0,-0.8]}},{"type":"Feature","geometry":{"type":"Point","coordinates":[17.038982,51.207104]},"properties":{"line":"908","mode":"bus","color":"#0059a9","colorDark":"#00294f","band":4,"off":[0,1.1]}},{"type":"Feature","geometry":{"type":"Point","coordinates":[16.771247,51.087763]},"properties":{"name":"Bogdaszowice - Słoneczna","band":4,"modes":"bus","arr":["909"],"off":[0,-0.8]}},{"type":"Feature","geometry":{"type":"Point","coordinates":[16.771247,51.087763]},"properties":{"line":"909","mode":"bus","color":"#0059a9","colorDark":"#00294f","band":4,"off":[0,1.1]}},{"type":"Feature","geometry":{"type":"Point","coordinates":[17.217523,51.144533]},"properties":{"name":"Piecowice","band":4,"modes":"bus","arr":["911"],"off":[0,-0.8]}},{"type":"Feature","geometry":{"type":"Point","coordinates":[17.217523,51.144533]},"properties":{"line":"911","mode":"bus","color":"#0059a9","colorDark":"#00294f","band":4,"off":[0,1.1]}},{"type":"Feature","geometry":{"type":"Point","coordinates":[17.003667,50.982886]},"properties":{"name":"Galowice - Muzeum Powozów","band":4,"modes":"bus","arr":["913"],"off":[0,-0.8]}},{"type":"Feature","geometry":{"type":"Point","coordinates":[17.003667,50.982886]},"properties":{"line":"913","mode":"bus","color":"#0059a9","colorDark":"#00294f","band":4,"off":[0,1.1]}},{"type":"Feature","geometry":{"type":"Point","coordinates":[17.134234,51.188612]},"properties":{"name":"Pruszowice","band":4,"modes":"bus","arr":["914"],"off":[0,-0.8]}},{"type":"Feature","geometry":{"type":"Point","coordinates":[17.134234,51.188612]},"properties":{"line":"914","mode":"bus","color":"#0059a9","colorDark":"#00294f","band":4,"off":[0,1.1]}},{"type":"Feature","geometry":{"type":"Point","coordinates":[16.810747,51.111862]},"properties":{"name":"GAŁÓW (pętla)","band":4,"modes":"bus","arr":["917"],"off":[0,-0.8]}},{"type":"Feature","geometry":{"type":"Point","coordinates":[16.810747,51.111862]},"properties":{"line":"917","mode":"bus","color":"#0059a9","colorDark":"#00294f","band":4,"off":[0,1.1]}},{"type":"Feature","geometry":{"type":"Point","coordinates":[17.262829,51.0627]},"properties":{"name":"Wojnowice - pętla","band":4,"modes":"bus","arr":["920"],"off":[0,-0.8]}},{"type":"Feature","geometry":{"type":"Point","coordinates":[17.262829,51.0627]},"properties":{"line":"920","mode":"bus","color":"#0059a9","colorDark":"#00294f","band":4,"off":[0,1.1]}},{"type":"Feature","geometry":{"type":"Point","coordinates":[17.213372,51.128798]},"properties":{"name":"Śliwice","band":4,"modes":"bus","arr":["921"],"off":[0,-0.8]}},{"type":"Feature","geometry":{"type":"Point","coordinates":[17.213372,51.128798]},"properties":{"line":"921","mode":"bus","color":"#0059a9","colorDark":"#00294f","band":4,"off":[0,1.1]}},{"type":"Feature","geometry":{"type":"Point","coordinates":[16.826486,51.203192]},"properties":{"name":"BRZEZINA (pętla)","band":4,"modes":"bus","arr":["923"],"off":[0,-0.8]}},{"type":"Feature","geometry":{"type":"Point","coordinates":[16.826486,51.203192]},"properties":{"line":"923","mode":"bus","color":"#0059a9","colorDark":"#00294f","band":4,"off":[0,1.1]}},{"type":"Feature","geometry":{"type":"Point","coordinates":[16.837428,51.21919]},"properties":{"name":"Brzezinka Średzka - PKP","band":4,"modes":"bus","arr":["937"],"off":[0,-0.8]}},{"type":"Feature","geometry":{"type":"Point","coordinates":[16.837428,51.21919]},"properties":{"line":"937","mode":"bus","color":"#0059a9","colorDark":"#00294f","band":4,"off":[0,1.1]}},{"type":"Feature","geometry":{"type":"Point","coordinates":[17.285559,51.213412]},"properties":{"name":"Stępin - Kościół","band":4,"modes":"bus","arr":["924"],"off":[0,-0.8]}},{"type":"Feature","geometry":{"type":"Point","coordinates":[17.285559,51.213412]},"properties":{"line":"924","mode":"bus","color":"#0059a9","colorDark":"#00294f","band":4,"off":[0,1.1]}},{"type":"Feature","geometry":{"type":"Point","coordinates":[16.907934,51.088354]},"properties":{"name":"Smolec - Wiśniowa","band":4,"modes":"bus","arr":["927","967"],"off":[0,-0.8]}},{"type":"Feature","geometry":{"type":"Point","coordinates":[16.907934,51.088354]},"properties":{"line":"927","mode":"bus","color":"#0059a9","colorDark":"#00294f","band":4,"off":[-1.7,1.1]}},{"type":"Feature","geometry":{"type":"Point","coordinates":[16.907934,51.088354]},"properties":{"line":"967","mode":"bus","color":"#0059a9","colorDark":"#00294f","band":4,"off":[1.7,1.1]}},{"type":"Feature","geometry":{"type":"Point","coordinates":[17.176198,51.232119]},"properties":{"name":"Łozina - Kościół","band":4,"modes":"bus","arr":["941"],"off":[0,-0.8]}},{"type":"Feature","geometry":{"type":"Point","coordinates":[17.176198,51.232119]},"properties":{"line":"941","mode":"bus","color":"#0059a9","colorDark":"#00294f","band":4,"off":[0,1.1]}},{"type":"Feature","geometry":{"type":"Point","coordinates":[17.130111,51.24057]},"properties":{"name":"Godzieszowa - transformator","band":4,"modes":"bus","arr":["930","931"],"off":[0,-0.8]}},{"type":"Feature","geometry":{"type":"Point","coordinates":[17.130111,51.24057]},"properties":{"line":"930","mode":"bus","color":"#0059a9","colorDark":"#00294f","band":4,"off":[-1.7,1.1]}},{"type":"Feature","geometry":{"type":"Point","coordinates":[17.130111,51.24057]},"properties":{"line":"931","mode":"bus","color":"#0059a9","colorDark":"#00294f","band":4,"off":[1.7,1.1]}},{"type":"Feature","geometry":{"type":"Point","coordinates":[17.186016,51.118955]},"properties":{"name":"Kiełczówek - pętla","band":4,"modes":"bus","arr":["931"],"off":[0,-0.8]}},{"type":"Feature","geometry":{"type":"Point","coordinates":[17.186016,51.118955]},"properties":{"line":"931","mode":"bus","color":"#0059a9","colorDark":"#00294f","band":4,"off":[0,1.1]}},{"type":"Feature","geometry":{"type":"Point","coordinates":[16.945503,51.056806]},"properties":{"name":"Zabrodzie - pętla","band":4,"modes":"bus","arr":["933"],"off":[0,-0.8]}},{"type":"Feature","geometry":{"type":"Point","coordinates":[16.945503,51.056806]},"properties":{"line":"933","mode":"bus","color":"#0059a9","colorDark":"#00294f","band":4,"off":[0,1.1]}},{"type":"Feature","geometry":{"type":"Point","coordinates":[16.740389,51.121477]},"properties":{"name":"Łowęcice - Staw","band":4,"modes":"bus","arr":["938"],"off":[0,-0.8]}},{"type":"Feature","geometry":{"type":"Point","coordinates":[16.740389,51.121477]},"properties":{"line":"938","mode":"bus","color":"#0059a9","colorDark":"#00294f","band":4,"off":[0,1.1]}},{"type":"Feature","geometry":{"type":"Point","coordinates":[17.169617,51.159098]},"properties":{"name":"Mirków - skrzy. Polna pętla","band":4,"modes":"bus","arr":["944"],"off":[0,-0.8]}},{"type":"Feature","geometry":{"type":"Point","coordinates":[17.169617,51.159098]},"properties":{"line":"944","mode":"bus","color":"#0059a9","colorDark":"#00294f","band":4,"off":[0,1.1]}},{"type":"Feature","geometry":{"type":"Point","coordinates":[17.308509,51.096392]},"properties":{"name":"Chrząstawa Wielka - pętla","band":4,"modes":"bus","arr":["945"],"off":[0,-0.8]}},{"type":"Feature","geometry":{"type":"Point","coordinates":[17.308509,51.096392]},"properties":{"line":"945","mode":"bus","color":"#0059a9","colorDark":"#00294f","band":4,"off":[0,1.1]}},{"type":"Feature","geometry":{"type":"Point","coordinates":[16.823737,51.077017]},"properties":{"name":"Małkowice - Główna","band":4,"modes":"bus","arr":["947"],"off":[0,-0.8]}},{"type":"Feature","geometry":{"type":"Point","coordinates":[16.823737,51.077017]},"properties":{"line":"947","mode":"bus","color":"#0059a9","colorDark":"#00294f","band":4,"off":[0,1.1]}},{"type":"Feature","geometry":{"type":"Point","coordinates":[16.738204,51.193811]},"properties":{"name":"Miękinia - pętla","band":4,"modes":"bus","arr":["948"],"off":[0,-0.8]}},{"type":"Feature","geometry":{"type":"Point","coordinates":[16.738204,51.193811]},"properties":{"line":"948","mode":"bus","color":"#0059a9","colorDark":"#00294f","band":4,"off":[0,1.1]}},{"type":"Feature","geometry":{"type":"Point","coordinates":[17.27837,51.033392]},"properties":{"name":"Ratowice - pętla","band":4,"modes":"bus","arr":["955"],"off":[0,-0.8]}},{"type":"Feature","geometry":{"type":"Point","coordinates":[17.27837,51.033392]},"properties":{"line":"955","mode":"bus","color":"#0059a9","colorDark":"#00294f","band":4,"off":[0,1.1]}},{"type":"Feature","geometry":{"type":"Point","coordinates":[16.762221,51.242269]},"properties":{"name":"Księginice P&R","band":4,"modes":"bus","arr":["958"],"off":[0,-0.8]}},{"type":"Feature","geometry":{"type":"Point","coordinates":[16.762221,51.242269]},"properties":{"line":"958","mode":"bus","color":"#0059a9","colorDark":"#00294f","band":4,"off":[0,1.1]}},{"type":"Feature","geometry":{"type":"Point","coordinates":[17.272124,51.121811]},"properties":{"name":"Brzezia Łąka - Główna pętla","band":4,"modes":"bus","arr":["961"],"off":[0,-0.8]}},{"type":"Feature","geometry":{"type":"Point","coordinates":[17.272124,51.121811]},"properties":{"line":"961","mode":"bus","color":"#0059a9","colorDark":"#00294f","band":4,"off":[0,1.1]}},{"type":"Feature","geometry":{"type":"Point","coordinates":[17.275189,51.155959]},"properties":{"name":"Raków IV","band":4,"modes":"bus","arr":["964"],"off":[0,-0.8]}},{"type":"Feature","geometry":{"type":"Point","coordinates":[17.275189,51.155959]},"properties":{"line":"964","mode":"bus","color":"#0059a9","colorDark":"#00294f","band":4,"off":[0,1.1]}},{"type":"Feature","geometry":{"type":"Point","coordinates":[17.030688,51.092096]},"properties":{"name":"PETRUSEWICZA","band":4,"modes":"bus","arr":["206","242","244"],"off":[0,-0.8]}},{"type":"Feature","geometry":{"type":"Point","coordinates":[17.030688,51.092096]},"properties":{"line":"206","mode":"bus","color":"#000000","colorDark":"#000000","band":4,"off":[-3.4,1.1]}},{"type":"Feature","geometry":{"type":"Point","coordinates":[17.030688,51.092096]},"properties":{"line":"242","mode":"bus","color":"#000000","colorDark":"#000000","band":4,"off":[0,1.1]}},{"type":"Feature","geometry":{"type":"Point","coordinates":[17.030688,51.092096]},"properties":{"line":"244","mode":"bus","color":"#000000","colorDark":"#000000","band":4,"off":[3.4,1.1]}},{"type":"Feature","geometry":{"type":"Point","coordinates":[17.102578,51.128007]},"properties":{"name":"KOWALE","band":4,"modes":"bus","arr":["242"],"off":[0,-0.8]}},{"type":"Feature","geometry":{"type":"Point","coordinates":[17.102578,51.128007]},"properties":{"line":"242","mode":"bus","color":"#000000","colorDark":"#000000","band":4,"off":[0,1.1]}},{"type":"Feature","geometry":{"type":"Point","coordinates":[17.077863,51.105521]},"properties":{"name":"ZOO","band":4,"modes":"tram","arr":["0","19","T"],"off":[0,-0.8]}},{"type":"Feature","geometry":{"type":"Point","coordinates":[17.077863,51.105521]},"properties":{"line":"0","mode":"tram","color":"#d6212b","colorDark":"#7c1116","band":4,"off":[-3.4,1.1]}},{"type":"Feature","geometry":{"type":"Point","coordinates":[17.077863,51.105521]},"properties":{"line":"19","mode":"tram","color":"#d6212b","colorDark":"#7c1116","band":4,"off":[0,1.1]}},{"type":"Feature","geometry":{"type":"Point","coordinates":[17.077863,51.105521]},"properties":{"line":"T","mode":"tram","color":"#d6212b","colorDark":"#7c1116","band":4,"off":[3.4,1.1]}},{"type":"Feature","geometry":{"type":"Point","coordinates":[17.037251,51.099623]},"properties":{"name":"DWORZEC GŁÓWNY","band":4,"modes":"tram","arr":["0"],"off":[0,-0.8]}},{"type":"Feature","geometry":{"type":"Point","coordinates":[17.037251,51.099623]},"properties":{"line":"0","mode":"tram","color":"#d6212b","colorDark":"#7c1116","band":4,"off":[0,1.1]}},{"type":"Feature","geometry":{"type":"Point","coordinates":[17.028711,51.150236]},"properties":{"name":"POŚWIĘTNE","band":4,"modes":"tram","arr":["1","7","15"],"off":[0,-0.8]}},{"type":"Feature","geometry":{"type":"Point","coordinates":[17.028711,51.150236]},"properties":{"line":"1","mode":"tram","color":"#d6212b","colorDark":"#7c1116","band":4,"off":[-3.4,1.1]}},{"type":"Feature","geometry":{"type":"Point","coordinates":[17.028711,51.150236]},"properties":{"line":"7","mode":"tram","color":"#d6212b","colorDark":"#7c1116","band":4,"off":[0,1.1]}},{"type":"Feature","geometry":{"type":"Point","coordinates":[17.028711,51.150236]},"properties":{"line":"15","mode":"tram","color":"#d6212b","colorDark":"#7c1116","band":4,"off":[3.4,1.1]}},{"type":"Feature","geometry":{"type":"Point","coordinates":[17.108702,51.101185]},"properties":{"name":"BISKUPIN","band":4,"modes":"tram","arr":["1","2","4","10"],"off":[0,-0.8]}},{"type":"Feature","geometry":{"type":"Point","coordinates":[17.108702,51.101185]},"properties":{"line":"1","mode":"tram","color":"#d6212b","colorDark":"#7c1116","band":4,"off":[-5.1,1.1]}},{"type":"Feature","geometry":{"type":"Point","coordinates":[17.108702,51.101185]},"properties":{"line":"2","mode":"tram","color":"#d6212b","colorDark":"#7c1116","band":4,"off":[-1.7,1.1]}},{"type":"Feature","geometry":{"type":"Point","coordinates":[17.108702,51.101185]},"properties":{"line":"4","mode":"tram","color":"#d6212b","colorDark":"#7c1116","band":4,"off":[1.7,1.1]}},{"type":"Feature","geometry":{"type":"Point","coordinates":[17.108702,51.101185]},"properties":{"line":"10","mode":"tram","color":"#d6212b","colorDark":"#7c1116","band":4,"off":[5.1,1.1]}},{"type":"Feature","geometry":{"type":"Point","coordinates":[17.007201,51.074862]},"properties":{"name":"KRZYKI","band":4,"modes":"tram","arr":["2","6","14"],"off":[0,-0.8]}},{"type":"Feature","geometry":{"type":"Point","coordinates":[17.007201,51.074862]},"properties":{"line":"2","mode":"tram","color":"#d6212b","colorDark":"#7c1116","band":4,"off":[-3.4,1.1]}},{"type":"Feature","geometry":{"type":"Point","coordinates":[17.007201,51.074862]},"properties":{"line":"6","mode":"tram","color":"#d6212b","colorDark":"#7c1116","band":4,"off":[0,1.1]}},{"type":"Feature","geometry":{"type":"Point","coordinates":[17.007201,51.074862]},"properties":{"line":"14","mode":"tram","color":"#d6212b","colorDark":"#7c1116","band":4,"off":[3.4,1.1]}},{"type":"Feature","geometry":{"type":"Point","coordinates":[16.872297,51.144673]},"properties":{"name":"LEŚNICA","band":4,"modes":"tram","arr":["3","10","20"],"off":[0,-0.8]}},{"type":"Feature","geometry":{"type":"Point","coordinates":[16.872297,51.144673]},"properties":{"line":"3","mode":"tram","color":"#d6212b","colorDark":"#7c1116","band":4,"off":[-3.4,1.1]}},{"type":"Feature","geometry":{"type":"Point","coordinates":[16.872297,51.144673]},"properties":{"line":"10","mode":"tram","color":"#d6212b","colorDark":"#7c1116","band":4,"off":[0,1.1]}},{"type":"Feature","geometry":{"type":"Point","coordinates":[16.872297,51.144673]},"properties":{"line":"20","mode":"tram","color":"#d6212b","colorDark":"#7c1116","band":4,"off":[3.4,1.1]}},{"type":"Feature","geometry":{"type":"Point","coordinates":[16.950602,51.136012]},"properties":{"name":"PILCZYCE","band":4,"modes":"tram","arr":["22","24"],"off":[0,-0.8]}},{"type":"Feature","geometry":{"type":"Point","coordinates":[16.950602,51.136012]},"properties":{"line":"22","mode":"tram","color":"#d6212b","colorDark":"#7c1116","band":4,"off":[-1.7,1.1]}},{"type":"Feature","geometry":{"type":"Point","coordinates":[16.950602,51.136012]},"properties":{"line":"24","mode":"tram","color":"#d6212b","colorDark":"#7c1116","band":4,"off":[1.7,1.1]}},{"type":"Feature","geometry":{"type":"Point","coordinates":[17.031905,51.107397]},"properties":{"name":"Świdnicka","band":4,"modes":"tram","arr":["12"],"off":[0,-0.8]}},{"type":"Feature","geometry":{"type":"Point","coordinates":[17.031905,51.107397]},"properties":{"line":"12","mode":"tram","color":"#d6212b","colorDark":"#7c1116","band":4,"off":[0,1.1]}},{"type":"Feature","geometry":{"type":"Point","coordinates":[17.083531,51.077664]},"properties":{"name":"KSIĘŻE MAŁE","band":4,"modes":"tram","arr":["3","5"],"off":[0,-0.8]}},{"type":"Feature","geometry":{"type":"Point","coordinates":[17.083531,51.077664]},"properties":{"line":"3","mode":"tram","color":"#d6212b","colorDark":"#7c1116","band":4,"off":[-1.7,1.1]}},{"type":"Feature","geometry":{"type":"Point","coordinates":[17.083531,51.077664]},"properties":{"line":"5","mode":"tram","color":"#d6212b","colorDark":"#7c1116","band":4,"off":[1.7,1.1]}},{"type":"Feature","geometry":{"type":"Point","coordinates":[16.976783,51.090372]},"properties":{"name":"GRABISZYŃSKA (Cmentarz)","band":4,"modes":"tram","arr":["5"],"off":[0,-0.8]}},{"type":"Feature","geometry":{"type":"Point","coordinates":[16.976783,51.090372]},"properties":{"line":"5","mode":"tram","color":"#d6212b","colorDark":"#7c1116","band":4,"off":[0,1.1]}},{"type":"Feature","geometry":{"type":"Point","coordinates":[17.065837,51.132343]},"properties":{"name":"KROMERA","band":4,"modes":"tram","arr":["6","11"],"off":[0,-0.8]}},{"type":"Feature","geometry":{"type":"Point","coordinates":[17.065837,51.132343]},"properties":{"line":"6","mode":"tram","color":"#d6212b","colorDark":"#7c1116","band":4,"off":[-1.7,1.1]}},{"type":"Feature","geometry":{"type":"Point","coordinates":[17.065837,51.132343]},"properties":{"line":"11","mode":"tram","color":"#d6212b","colorDark":"#7c1116","band":4,"off":[1.7,1.1]}},{"type":"Feature","geometry":{"type":"Point","coordinates":[16.987397,51.065691]},"properties":{"name":"KLECINA","band":4,"modes":"tram","arr":["7","17"],"off":[0,-0.8]}},{"type":"Feature","geometry":{"type":"Point","coordinates":[16.987397,51.065691]},"properties":{"line":"7","mode":"tram","color":"#d6212b","colorDark":"#7c1116","band":4,"off":[-1.7,1.1]}},{"type":"Feature","geometry":{"type":"Point","coordinates":[16.987397,51.065691]},"properties":{"line":"17","mode":"tram","color":"#d6212b","colorDark":"#7c1116","band":4,"off":[1.7,1.1]}},{"type":"Feature","geometry":{"type":"Point","coordinates":[17.102286,51.127828]},"properties":{"name":"KOWALE","band":4,"modes":"tram","arr":["8","23","24"],"off":[0,-0.8]}},{"type":"Feature","geometry":{"type":"Point","coordinates":[17.102286,51.127828]},"properties":{"line":"8","mode":"tram","color":"#d6212b","colorDark":"#7c1116","band":4,"off":[-3.4,1.1]}},{"type":"Feature","geometry":{"type":"Point","coordinates":[17.102286,51.127828]},"properties":{"line":"23","mode":"tram","color":"#d6212b","colorDark":"#7c1116","band":4,"off":[0,1.1]}},{"type":"Feature","geometry":{"type":"Point","coordinates":[17.102286,51.127828]},"properties":{"line":"24","mode":"tram","color":"#d6212b","colorDark":"#7c1116","band":4,"off":[3.4,1.1]}},{"type":"Feature","geometry":{"type":"Point","coordinates":[17.03185,51.105617]},"properties":{"name":"Opera","band":4,"modes":"tram","arr":["T"],"off":[0,-0.8]}},{"type":"Feature","geometry":{"type":"Point","coordinates":[17.03185,51.105617]},"properties":{"line":"T","mode":"tram","color":"#d6212b","colorDark":"#7c1116","band":4,"off":[0,1.1]}},{"type":"Feature","geometry":{"type":"Point","coordinates":[17.014336,51.072816]},"properties":{"name":"PARK POŁUDNIOWY","band":4,"modes":"tram","arr":["9","15"],"off":[0,-0.8]}},{"type":"Feature","geometry":{"type":"Point","coordinates":[17.014336,51.072816]},"properties":{"line":"9","mode":"tram","color":"#d6212b","colorDark":"#7c1116","band":4,"off":[-1.7,1.1]}},{"type":"Feature","geometry":{"type":"Point","coordinates":[17.014336,51.072816]},"properties":{"line":"15","mode":"tram","color":"#d6212b","colorDark":"#7c1116","band":4,"off":[1.7,1.1]}},{"type":"Feature","geometry":{"type":"Point","coordinates":[17.090363,51.113867]},"properties":{"name":"8 Maja","band":4,"modes":"tram","arr":["9","17"],"off":[0,-0.8]}},{"type":"Feature","geometry":{"type":"Point","coordinates":[17.090363,51.113867]},"properties":{"line":"9","mode":"tram","color":"#d6212b","colorDark":"#7c1116","band":4,"off":[-1.7,1.1]}},{"type":"Feature","geometry":{"type":"Point","coordinates":[17.090363,51.113867]},"properties":{"line":"17","mode":"tram","color":"#d6212b","colorDark":"#7c1116","band":4,"off":[1.7,1.1]}},{"type":"Feature","geometry":{"type":"Point","coordinates":[16.964056,51.141137]},"properties":{"name":"KOZANÓW (Dokerska)","band":4,"modes":"tram","arr":["12","19"],"off":[0,-0.8]}},{"type":"Feature","geometry":{"type":"Point","coordinates":[16.964056,51.141137]},"properties":{"line":"12","mode":"tram","color":"#d6212b","colorDark":"#7c1116","band":4,"off":[-1.7,1.1]}},{"type":"Feature","geometry":{"type":"Point","coordinates":[16.964056,51.141137]},"properties":{"line":"19","mode":"tram","color":"#d6212b","colorDark":"#7c1116","band":4,"off":[1.7,1.1]}},{"type":"Feature","geometry":{"type":"Point","coordinates":[16.959425,51.140174]},"properties":{"name":"Górnicza","band":4,"modes":"tram","arr":["12","19"],"off":[0,-0.8]}},{"type":"Feature","geometry":{"type":"Point","coordinates":[16.959425,51.140174]},"properties":{"line":"12","mode":"tram","color":"#d6212b","colorDark":"#7c1116","band":4,"off":[-1.7,1.1]}},{"type":"Feature","geometry":{"type":"Point","coordinates":[16.959425,51.140174]},"properties":{"line":"19","mode":"tram","color":"#d6212b","colorDark":"#7c1116","band":4,"off":[1.7,1.1]}},{"type":"Feature","geometry":{"type":"Point","coordinates":[16.95207,51.119853]},"properties":{"name":"Wrocław Nowy Dwór (P+R)","band":4,"modes":"tram","arr":["13","23"],"off":[0,-0.8]}},{"type":"Feature","geometry":{"type":"Point","coordinates":[16.95207,51.119853]},"properties":{"line":"13","mode":"tram","color":"#d6212b","colorDark":"#7c1116","band":4,"off":[-1.7,1.1]}},{"type":"Feature","geometry":{"type":"Point","coordinates":[16.95207,51.119853]},"properties":{"line":"23","mode":"tram","color":"#d6212b","colorDark":"#7c1116","band":4,"off":[1.7,1.1]}},{"type":"Feature","geometry":{"type":"Point","coordinates":[16.995096,51.13693]},"properties":{"name":"OSOBOWICE","band":4,"modes":"tram","arr":["14","16"],"off":[0,-0.8]}},{"type":"Feature","geometry":{"type":"Point","coordinates":[16.995096,51.13693]},"properties":{"line":"14","mode":"tram","color":"#d6212b","colorDark":"#7c1116","band":4,"off":[-1.7,1.1]}},{"type":"Feature","geometry":{"type":"Point","coordinates":[16.995096,51.13693]},"properties":{"line":"16","mode":"tram","color":"#d6212b","colorDark":"#7c1116","band":4,"off":[1.7,1.1]}},{"type":"Feature","geometry":{"type":"Point","coordinates":[17.040714,51.077167]},"properties":{"name":"GAJ","band":4,"modes":"tram","arr":["18","21"],"off":[0,-0.8]}},{"type":"Feature","geometry":{"type":"Point","coordinates":[17.040714,51.077167]},"properties":{"line":"18","mode":"tram","color":"#d6212b","colorDark":"#7c1116","band":4,"off":[-1.7,1.1]}},{"type":"Feature","geometry":{"type":"Point","coordinates":[17.040714,51.077167]},"properties":{"line":"21","mode":"tram","color":"#d6212b","colorDark":"#7c1116","band":4,"off":[1.7,1.1]}},{"type":"Feature","geometry":{"type":"Point","coordinates":[16.950289,51.143578]},"properties":{"name":"TARCZYŃSKI ARENA (Królewiecka)","band":4,"modes":"tram","arr":["18","21"],"off":[0,-0.8]}},{"type":"Feature","geometry":{"type":"Point","coordinates":[16.950289,51.143578]},"properties":{"line":"18","mode":"tram","color":"#d6212b","colorDark":"#7c1116","band":4,"off":[-1.7,1.1]}},{"type":"Feature","geometry":{"type":"Point","coordinates":[16.950289,51.143578]},"properties":{"line":"21","mode":"tram","color":"#d6212b","colorDark":"#7c1116","band":4,"off":[1.7,1.1]}}]}