{"type":"FeatureCollection","features":[{"type":"Feature","properties":{"mode":"bus","n":8,"arr":["101","102","103","104","123","127","152","245"],"lines":"101, 102, 103, 104, 123, 127, 152, 245"},"geometry":{"type":"LineString","coordinates":[[16.952565,51.143732],[16.952091,51.143703],[16.950593,51.143838],[16.950146,51.143934],[16.949022,51.144325],[16.94887,51.144346],[16.948665,51.14432],[16.948531,51.144357],[16.94843,51.144448],[16.948439,51.144572],[16.94859,51.144673],[16.94873,51.144689],[16.948936,51.144626],[16.948994,51.144563],[16.949008,51.144491],[16.949116,51.144431],[16.950314,51.144009],[16.95064,51.143923],[16.95101,51.143868],[16.952348,51.143767],[16.953496,51.143653],[16.953787,51.143594],[16.954012,51.143521],[16.954638,51.143206],[16.955952,51.142428],[16.956406,51.142078],[16.957825,51.140785],[16.958157,51.140592],[16.95896,51.14021]]}},{"type":"Feature","properties":{"mode":"bus","n":5,"arr":["105","111","153","905","244"],"lines":"105, 111, 153, 905, 244"},"geometry":{"type":"LineString","coordinates":[[17.010346,51.157731],[17.010177,51.157681],[17.010042,51.157559]]}},{"type":"Feature","properties":{"mode":"bus","n":5,"arr":["105","111","153","905","244"],"lines":"105, 111, 153, 905, 244"},"geometry":{"type":"LineString","coordinates":[[16.996634,51.169916],[16.997891,51.167674],[16.999326,51.164434],[16.999477,51.164205],[16.999612,51.16407],[16.999859,51.163895],[17.000426,51.163597],[17.002868,51.162355],[17.00555,51.16103],[17.005768,51.160899],[17.009697,51.158015],[17.010144,51.157768],[17.01026,51.157737],[17.0106,51.157714],[17.010751,51.157637],[17.010814,51.157579],[17.010839,51.157488],[17.010802,51.157398],[17.010713,51.15731]]}},{"type":"Feature","properties":{"mode":"bus","n":5,"arr":["105","111","153","905","244"],"lines":"105, 111, 153, 905, 244"},"geometry":{"type":"LineString","coordinates":[[17.001175,51.163297],[17.001113,51.163248]]}},{"type":"Feature","properties":{"mode":"bus","n":5,"arr":["105","111","153","905","244"],"lines":"105, 111, 153, 905, 244"},"geometry":{"type":"LineString","coordinates":[[17.002413,51.162595],[17.002476,51.162647]]}},{"type":"Feature","properties":{"mode":"bus","n":8,"arr":["105","111","153","306","607","905","206","244"],"lines":"105, 111, 153, 306, 607, 905, 206, 244"},"geometry":{"type":"LineString","coordinates":[[17.010713,51.15731],[17.010511,51.157239],[17.010246,51.157258]]}},{"type":"Feature","properties":{"mode":"bus","n":11,"arr":["106","107","119","122","132","152","306","319","927","206","241"],"lines":"106, 107, 119, 122, 132, 152, 306, 319, 927, 206, 241"},"geometry":{"type":"LineString","coordinates":[[16.950053,51.106583],[16.949936,51.106754],[16.949935,51.106836],[16.950005,51.106968]]}},{"type":"Feature","properties":{"mode":"bus","n":11,"arr":["106","107","119","122","132","152","306","319","927","206","241"],"lines":"106, 107, 119, 122, 132, 152, 306, 319, 927, 206, 241"},"geometry":{"type":"LineString","coordinates":[[16.955541,51.110243],[16.955441,51.110079],[16.953283,51.109103],[16.951695,51.108206],[16.95083,51.107144],[16.950839,51.107025],[16.950951,51.106922],[16.950986,51.106832],[16.95095,51.106668],[16.950876,51.10659],[16.950702,51.1065],[16.950411,51.106463]]}},{"type":"Feature","properties":{"mode":"bus","n":11,"arr":["106","107","119","122","132","152","306","319","927","206","241"],"lines":"106, 107, 119, 122, 132, 152, 306, 319, 927, 206, 241"},"geometry":{"type":"LineString","coordinates":[[16.950238,51.107098],[16.950523,51.107136],[16.950613,51.107174],[16.951409,51.108149],[16.951595,51.108355],[16.951759,51.108466],[16.95347,51.109419],[16.955241,51.110247]]}},{"type":"Feature","properties":{"mode":"bus","n":13,"arr":["106","148","149","602","A","D","N","243","247","248","249","253","257"],"lines":"106, 148, 149, 602, A, D, N, 243, 247, 248, 249, 253, 257"},"geometry":{"type":"LineString","coordinates":[[17.030587,51.104089],[17.030172,51.103261],[17.029903,51.102926],[17.029844,51.1028]]}},{"type":"Feature","properties":{"mode":"bus","n":6,"arr":["106","149","247","248","249","257"],"lines":"106, 149, 247, 248, 249, 257"},"geometry":{"type":"LineString","coordinates":[[17.029844,51.1028],[17.030027,51.102754],[17.030188,51.102741]]}},{"type":"Feature","properties":{"mode":"bus","n":7,"arr":["107","133","319","607","933","D","247"],"lines":"107, 133, 319, 607, 933, D, 247"},"geometry":{"type":"LineString","coordinates":[[16.977,51.064273],[16.977069,51.064282],[16.977203,51.064259],[16.97729,51.064191]]}},{"type":"Feature","properties":{"mode":"bus","n":7,"arr":["107","133","319","607","933","D","247"],"lines":"107, 133, 319, 607, 933, D, 247"},"geometry":{"type":"LineString","coordinates":[[16.976895,51.064222],[16.976858,51.064112],[16.9769,51.064051],[16.976979,51.064012],[16.977151,51.064005],[16.977233,51.064035],[16.977298,51.064103]]}},{"type":"Feature","properties":{"mode":"bus","n":6,"arr":["107","133","319","607","933","247"],"lines":"107, 133, 319, 607, 933, 247"},"geometry":{"type":"LineString","coordinates":[[16.976895,51.064222],[16.977,51.064273]]}},{"type":"Feature","properties":{"mode":"bus","n":9,"arr":["107","119","122","132","152","319","927","967","241"],"lines":"107, 119, 122, 132, 152, 319, 927, 967, 241"},"geometry":{"type":"LineString","coordinates":[[16.941042,51.099109],[16.94103,51.099137]]}},{"type":"Feature","properties":{"mode":"bus","n":9,"arr":["107","119","122","132","152","319","927","967","241"],"lines":"107, 119, 122, 132, 152, 319, 927, 967, 241"},"geometry":{"type":"LineString","coordinates":[[16.940766,51.099073],[16.940791,51.099139],[16.940807,51.099159],[16.940836,51.099172],[16.940903,51.099189]]}},{"type":"Feature","properties":{"mode":"bus","n":9,"arr":["107","119","122","132","152","319","927","967","241"],"lines":"107, 119, 122, 132, 152, 319, 927, 967, 241"},"geometry":{"type":"LineString","coordinates":[[16.940966,51.099021],[16.940889,51.099012]]}},{"type":"Feature","properties":{"mode":"bus","n":8,"arr":["107","119","122","132","152","319","927","241"],"lines":"107, 119, 122, 132, 152, 319, 927, 241"},"geometry":{"type":"LineString","coordinates":[[16.950005,51.106968],[16.95011,51.107046],[16.950238,51.107098]]}},{"type":"Feature","properties":{"mode":"bus","n":8,"arr":["107","119","122","132","152","319","927","241"],"lines":"107, 119, 122, 132, 152, 319, 927, 241"},"geometry":{"type":"LineString","coordinates":[[16.950411,51.106463],[16.950279,51.106359],[16.949702,51.105648],[16.949687,51.105635],[16.94967,51.105628],[16.949649,51.105628],[16.949626,51.105633],[16.949438,51.105696]]}},{"type":"Feature","properties":{"mode":"bus","n":8,"arr":["107","119","122","132","152","319","927","241"],"lines":"107, 119, 122, 132, 152, 319, 927, 241"},"geometry":{"type":"LineString","coordinates":[[16.940903,51.099189],[16.941111,51.099358],[16.941594,51.10013],[16.94281,51.101165],[16.943127,51.10135],[16.943675,51.101606],[16.944495,51.102113],[16.945242,51.102702],[16.945882,51.103312],[16.946215,51.103591],[16.946681,51.103929],[16.947236,51.104252],[16.948781,51.105062],[16.949138,51.105364],[16.949333,51.105569],[16.950002,51.106416],[16.950053,51.106583]]}},{"type":"Feature","properties":{"mode":"bus","n":7,"arr":["107","119","132","152","319","967","241"],"lines":"107, 119, 132, 152, 319, 967, 241"},"geometry":{"type":"LineString","coordinates":[[16.940889,51.099012],[16.940813,51.099031],[16.940766,51.099073]]}},{"type":"Feature","properties":{"mode":"bus","n":7,"arr":["107","119","132","152","319","967","241"],"lines":"107, 119, 132, 152, 319, 967, 241"},"geometry":{"type":"LineString","coordinates":[[16.947706,51.096448],[16.947163,51.096763],[16.946145,51.09729],[16.945211,51.097896],[16.944561,51.098191],[16.944015,51.098357],[16.943676,51.098432],[16.942287,51.098678],[16.941881,51.09877],[16.941337,51.098928],[16.941042,51.099109]]}},{"type":"Feature","properties":{"mode":"bus","n":5,"arr":["107","119","122","319","927"],"lines":"107, 119, 122, 319, 927"},"geometry":{"type":"LineString","coordinates":[[16.940966,51.099021],[16.941025,51.099058],[16.941042,51.099109]]}},{"type":"Feature","properties":{"mode":"bus","n":9,"arr":["111","128","130","147","151","928","931","D","241"],"lines":"111, 128, 130, 147, 151, 928, 931, D, 241"},"geometry":{"type":"LineString","coordinates":[[17.115222,51.151277],[17.115604,51.151081],[17.115761,51.151047],[17.115876,51.151054],[17.116081,51.151136],[17.116246,51.151363],[17.116252,51.151417],[17.11623,51.151522],[17.116212,51.151554],[17.116175,51.151578],[17.116069,51.151623],[17.116039,51.151643],[17.116025,51.151669],[17.116014,51.151723],[17.116037,51.151775],[17.11604,51.151783],[17.11604,51.151788],[17.116038,51.151791],[17.116033,51.151791],[17.116026,51.151788],[17.116017,51.151782],[17.115222,51.151277],[17.1149,51.151012],[17.114609,51.150657],[17.114421,51.150312],[17.114326,51.150048],[17.114269,51.149435],[17.114386,51.148911],[17.114673,51.148034],[17.114852,51.1477],[17.11517,51.147327]]}},{"type":"Feature","properties":{"mode":"bus","n":21,"arr":["111","121","128","130","131","147","150","151","904","911","914","924","928","931","944","961","964","D","N","241","251"],"lines":"111, 121, 128, 130, 131, 147, 150, 151, 904, 911, 914, 924, 928, 931, 944, 961, 964, D, N, 241, 251"},"geometry":{"type":"LineString","coordinates":[[17.114997,51.147278],[17.11496,51.147243]]}},{"type":"Feature","properties":{"mode":"bus","n":21,"arr":["111","121","128","130","131","147","150","151","904","911","914","924","928","931","944","961","964","D","N","241","251"],"lines":"111, 121, 128, 130, 131, 147, 150, 151, 904, 911, 914, 924, 928, 931, 944, 961, 964, D, N, 241, 251"},"geometry":{"type":"LineString","coordinates":[[17.11517,51.147327],[17.115306,51.1473],[17.115389,51.147234],[17.115401,51.147155],[17.115327,51.147071]]}},{"type":"Feature","properties":{"mode":"bus","n":19,"arr":["111","121","128","130","131","150","151","904","911","914","924","928","931","961","964","D","N","241","251"],"lines":"111, 121, 128, 130, 131, 150, 151, 904, 911, 914, 924, 928, 931, 961, 964, D, N, 241, 251"},"geometry":{"type":"LineString","coordinates":[[17.115327,51.147071],[17.115182,51.147034],[17.115038,51.14706],[17.114946,51.147144],[17.11496,51.147243]]}},{"type":"Feature","properties":{"mode":"bus","n":7,"arr":["112","113","127","144","913","249","259"],"lines":"112, 113, 127, 144, 913, 249, 259"},"geometry":{"type":"LineString","coordinates":[[17.006937,51.059554],[17.007069,51.059599]]}},{"type":"Feature","properties":{"mode":"bus","n":7,"arr":["112","113","127","144","913","249","259"],"lines":"112, 113, 127, 144, 913, 249, 259"},"geometry":{"type":"LineString","coordinates":[[17.006952,51.059358],[17.006885,51.059431]]}},{"type":"Feature","properties":{"mode":"bus","n":7,"arr":["112","113","127","144","913","249","259"],"lines":"112, 113, 127, 144, 913, 249, 259"},"geometry":{"type":"LineString","coordinates":[[17.007173,51.059327],[17.007291,51.059385]]}},{"type":"Feature","properties":{"mode":"bus","n":7,"arr":["112","113","127","144","913","249","259"],"lines":"112, 113, 127, 144, 913, 249, 259"},"geometry":{"type":"LineString","coordinates":[[17.007312,51.05951],[17.007291,51.059535]]}},{"type":"Feature","properties":{"mode":"bus","n":5,"arr":["112","127","144","913","259"],"lines":"112, 127, 144, 913, 259"},"geometry":{"type":"LineString","coordinates":[[17.006885,51.059431],[17.006885,51.059491],[17.006937,51.059554]]}},{"type":"Feature","properties":{"mode":"bus","n":5,"arr":["112","127","144","913","259"],"lines":"112, 127, 144, 913, 259"},"geometry":{"type":"LineString","coordinates":[[17.007069,51.059599],[17.007194,51.05967],[17.007338,51.059803],[17.007399,51.05991],[17.008016,51.061625],[17.009955,51.065169],[17.010219,51.06633],[17.012202,51.069174],[17.012398,51.069383]]}},{"type":"Feature","properties":{"mode":"bus","n":5,"arr":["112","127","144","913","259"],"lines":"112, 127, 144, 913, 259"},"geometry":{"type":"LineString","coordinates":[[17.011511,51.072033],[17.011692,51.072281]]}},{"type":"Feature","properties":{"mode":"bus","n":5,"arr":["112","113","612","903","249"],"lines":"112, 113, 612, 903, 249"},"geometry":{"type":"LineString","coordinates":[[17.032212,51.062411],[17.03217,51.062423]]}},{"type":"Feature","properties":{"mode":"bus","n":5,"arr":["112","113","612","903","249"],"lines":"112, 113, 612, 903, 249"},"geometry":{"type":"LineString","coordinates":[[17.03216,51.062962],[17.032321,51.062615],[17.032413,51.062558],[17.032433,51.062538],[17.032439,51.062515],[17.032434,51.062468],[17.032369,51.06242]]}},{"type":"Feature","properties":{"mode":"bus","n":5,"arr":["112","113","612","903","249"],"lines":"112, 113, 612, 903, 249"},"geometry":{"type":"LineString","coordinates":[[17.032107,51.062519],[17.032174,51.062631],[17.032127,51.063263],[17.03214,51.063675],[17.032338,51.064509],[17.032389,51.064928],[17.032345,51.065455],[17.032057,51.067217],[17.032056,51.068054],[17.032407,51.070774],[17.032496,51.071961],[17.032671,51.073472],[17.032629,51.074238],[17.032682,51.074872],[17.032827,51.075407],[17.033588,51.077392]]}},{"type":"Feature","properties":{"mode":"bus","n":6,"arr":["112","113","127","144","249","259"],"lines":"112, 113, 127, 144, 249, 259"},"geometry":{"type":"LineString","coordinates":[[17.007173,51.059327],[17.007051,51.059324],[17.006952,51.059358]]}},{"type":"Feature","properties":{"mode":"bus","n":5,"arr":["115","118","945","955","259"],"lines":"115, 118, 945, 955, 259"},"geometry":{"type":"LineString","coordinates":[[17.165659,51.096345],[17.165811,51.096429]]}},{"type":"Feature","properties":{"mode":"bus","n":5,"arr":["115","118","945","955","259"],"lines":"115, 118, 945, 955, 259"},"geometry":{"type":"LineString","coordinates":[[17.165912,51.096527],[17.165872,51.096535],[17.165854,51.096541],[17.165844,51.096553],[17.165823,51.096605],[17.165736,51.096673],[17.16561,51.09671],[17.165457,51.096703],[17.165323,51.096644],[17.165063,51.096603],[17.164723,51.09664],[17.164502,51.09673],[17.155597,51.102738],[17.154934,51.103158],[17.153531,51.103894],[17.153189,51.104003],[17.152879,51.10406],[17.152646,51.104076],[17.152434,51.104078],[17.151073,51.103967],[17.150137,51.103943],[17.149233,51.103994],[17.148112,51.104153],[17.147562,51.1043],[17.147208,51.104434],[17.144868,51.105637],[17.143672,51.106349],[17.140908,51.108136],[17.137793,51.109811],[17.137447,51.110044],[17.137207,51.110274],[17.137072,51.11046],[17.135778,51.113041],[17.135556,51.113247],[17.13527,51.113395]]}},{"type":"Feature","properties":{"mode":"bus","n":5,"arr":["115","118","945","955","259"],"lines":"115, 118, 945, 955, 259"},"geometry":{"type":"LineString","coordinates":[[17.120281,51.121976],[17.120251,51.122036]]}},{"type":"Feature","properties":{"mode":"bus","n":7,"arr":["115","118","715","941","945","955","259"],"lines":"115, 118, 715, 941, 945, 955, 259"},"geometry":{"type":"LineString","coordinates":[[17.13058,51.114316],[17.130545,51.114359],[17.130558,51.114446],[17.130552,51.114479],[17.130522,51.114507],[17.130421,51.114566]]}},{"type":"Feature","properties":{"mode":"bus","n":7,"arr":["115","118","715","941","945","955","259"],"lines":"115, 118, 715, 941, 945, 955, 259"},"geometry":{"type":"LineString","coordinates":[[17.130143,51.114404],[17.130238,51.114331],[17.130275,51.114312],[17.13032,51.114304],[17.130414,51.114299]]}},{"type":"Feature","properties":{"mode":"bus","n":7,"arr":["115","118","715","941","945","955","259"],"lines":"115, 118, 715, 941, 945, 955, 259"},"geometry":{"type":"LineString","coordinates":[[17.12985,51.114997],[17.128755,51.115793]]}},{"type":"Feature","properties":{"mode":"bus","n":13,"arr":["121","131","150","904","911","914","924","931","944","961","964","N","251"],"lines":"121, 131, 150, 904, 911, 914, 924, 931, 944, 961, 964, N, 251"},"geometry":{"type":"LineString","coordinates":[[17.11517,51.147327],[17.114997,51.147278]]}},{"type":"Feature","properties":{"mode":"bus","n":5,"arr":["122","128","129","136","243"],"lines":"122, 128, 129, 136, 243"},"geometry":{"type":"LineString","coordinates":[[16.973403,51.123275],[16.973505,51.123225],[16.973637,51.123222],[16.973767,51.123289],[16.973787,51.123375]]}},{"type":"Feature","properties":{"mode":"bus","n":5,"arr":["122","128","129","136","243"],"lines":"122, 128, 129, 136, 243"},"geometry":{"type":"LineString","coordinates":[[16.975825,51.122888],[16.975544,51.123003],[16.97416,51.123242],[16.973828,51.123351],[16.973717,51.123439],[16.973676,51.123461],[16.973624,51.12347],[16.973564,51.123473],[16.973511,51.123469],[16.973465,51.123452],[16.973424,51.123427],[16.973393,51.1234],[16.973384,51.123367],[16.97339,51.123213],[16.973201,51.122951],[16.9727,51.122497],[16.97242,51.122299],[16.970957,51.1215],[16.970791,51.121433],[16.97063,51.121404],[16.970314,51.121389],[16.968877,51.121552],[16.964398,51.122132],[16.960826,51.122549],[16.960614,51.122564],[16.96047,51.122544],[16.960182,51.122414],[16.960152,51.122405],[16.960124,51.122408],[16.960098,51.122421],[16.958364,51.123736]]}},{"type":"Feature","properties":{"mode":"bus","n":10,"arr":["124","126","133","134","143","602","D","247","248","257"],"lines":"124, 126, 133, 134, 143, 602, D, 247, 248, 257"},"geometry":{"type":"LineString","coordinates":[[17.017847,51.090161],[17.017798,51.089941],[17.017619,51.089689],[17.017382,51.089514],[17.016975,51.089351],[17.016588,51.089288],[17.016199,51.089295],[17.015925,51.089339],[17.015563,51.089489],[17.015328,51.089614],[17.015104,51.08986],[17.015015,51.090136],[17.015046,51.090361],[17.015162,51.090569],[17.015427,51.090801],[17.015623,51.090904],[17.016032,51.091026]]}},{"type":"Feature","properties":{"mode":"bus","n":10,"arr":["124","126","133","134","143","602","D","247","248","257"],"lines":"124, 126, 133, 134, 143, 602, D, 247, 248, 257"},"geometry":{"type":"LineString","coordinates":[[17.016945,51.091001],[17.016626,51.091054],[17.016378,51.091062]]}},{"type":"Feature","properties":{"mode":"bus","n":9,"arr":["124","126","133","134","143","D","247","248","257"],"lines":"124, 126, 133, 134, 143, D, 247, 248, 257"},"geometry":{"type":"LineString","coordinates":[[17.017847,51.090161],[17.017818,51.09035],[17.017746,51.090502],[17.017554,51.090717],[17.017223,51.09089],[17.016945,51.091001]]}},{"type":"Feature","properties":{"mode":"bus","n":7,"arr":["133","143","602","D","247","248","257"],"lines":"133, 143, 602, D, 247, 248, 257"},"geometry":{"type":"LineString","coordinates":[[17.016378,51.091062],[17.016032,51.091026]]}},{"type":"Feature","properties":{"mode":"bus","n":11,"arr":["D","206","240","243","246","247","248","249","251","253","257"],"lines":"D, 206, 240, 243, 246, 247, 248, 249, 251, 253, 257"},"geometry":{"type":"LineString","coordinates":[[17.030188,51.102741],[17.030278,51.102913]]}},{"type":"Feature","properties":{"mode":"bus","n":8,"arr":["100","124","133","134","310","343","240","243"],"lines":"100, 124, 133, 134, 310, 343, 240, 243"},"geometry":{"type":"LineString","coordinates":[[17.0715,51.085472],[17.07333,51.084204],[17.074123,51.083864],[17.074419,51.083713],[17.080449,51.080094],[17.081576,51.079289],[17.086308,51.075732],[17.086582,51.075465]]}},{"type":"Feature","properties":{"mode":"bus","n":7,"arr":["100","124","133","134","310","343","243"],"lines":"100, 124, 133, 134, 310, 343, 243"},"geometry":{"type":"LineString","coordinates":[[17.071156,51.085741],[17.0715,51.085472]]}},{"type":"Feature","properties":{"mode":"bus","n":6,"arr":["100","124","133","134","310","343"],"lines":"100, 124, 133, 134, 310, 343"},"geometry":{"type":"LineString","coordinates":[[17.069949,51.088013],[17.070142,51.087892],[17.070349,51.087813],[17.070558,51.087691],[17.070818,51.087503],[17.070944,51.087339],[17.070985,51.087164],[17.070958,51.086198],[17.070992,51.08605],[17.071156,51.085741]]}},{"type":"Feature","properties":{"mode":"bus","n":7,"arr":["100","114","124","133","134","143","310"],"lines":"100, 114, 124, 133, 134, 143, 310"},"geometry":{"type":"LineString","coordinates":[[17.070142,51.087892],[17.0699,51.08775]]}},{"type":"Feature","properties":{"mode":"bus","n":7,"arr":["100","114","124","133","134","143","310"],"lines":"100, 114, 124, 133, 134, 143, 310"},"geometry":{"type":"LineString","coordinates":[[17.068274,51.08702],[17.064476,51.084762],[17.06404,51.084545],[17.063559,51.08436],[17.063047,51.084222],[17.062585,51.084136],[17.061329,51.083974]]}},{"type":"Feature","properties":{"mode":"bus","n":6,"arr":["100","124","133","134","143","310"],"lines":"100, 124, 133, 134, 143, 310"},"geometry":{"type":"LineString","coordinates":[[17.069949,51.088013],[17.068274,51.08702]]}},{"type":"Feature","properties":{"mode":"bus","n":5,"arr":["100","114","124","143","310"],"lines":"100, 114, 124, 143, 310"},"geometry":{"type":"LineString","coordinates":[[17.061329,51.083974],[17.061211,51.083915],[17.061114,51.08379]]}},{"type":"Feature","properties":{"mode":"bus","n":7,"arr":["100","114","124","125","143","310","245"],"lines":"100, 114, 124, 125, 143, 310, 245"},"geometry":{"type":"LineString","coordinates":[[17.061114,51.08379],[17.061299,51.083556],[17.061801,51.082213],[17.062348,51.08054],[17.062353,51.08026],[17.062503,51.079888],[17.062821,51.079268],[17.063344,51.078432]]}},{"type":"Feature","properties":{"mode":"bus","n":9,"arr":["100","114","124","125","136","143","310","903","245"],"lines":"100, 114, 124, 125, 136, 143, 310, 903, 245"},"geometry":{"type":"LineString","coordinates":[[17.063344,51.078432],[17.06377,51.077716]]}},{"type":"Feature","properties":{"mode":"bus","n":6,"arr":["100","114","124","125","310","245"],"lines":"100, 114, 124, 125, 310, 245"},"geometry":{"type":"LineString","coordinates":[[17.063928,51.078551],[17.064722,51.078697],[17.064952,51.078687],[17.065092,51.078624],[17.065166,51.078547],[17.065391,51.078025],[17.065394,51.078009],[17.065388,51.077996],[17.065374,51.077987],[17.065351,51.077981],[17.064617,51.077859]]}},{"type":"Feature","properties":{"mode":"bus","n":7,"arr":["100","114","124","125","136","310","245"],"lines":"100, 114, 124, 125, 136, 310, 245"},"geometry":{"type":"LineString","coordinates":[[17.064617,51.077859],[17.064554,51.077848]]}},{"type":"Feature","properties":{"mode":"bus","n":8,"arr":["100","114","124","125","136","310","903","245"],"lines":"100, 114, 124, 125, 136, 310, 903, 245"},"geometry":{"type":"LineString","coordinates":[[17.064554,51.077848],[17.06377,51.077716]]}},{"type":"Feature","properties":{"mode":"bus","n":8,"arr":["100","114","124","125","136","310","903","245"],"lines":"100, 114, 124, 125, 136, 310, 903, 245"},"geometry":{"type":"LineString","coordinates":[[17.063344,51.078432],[17.063928,51.078551]]}},{"type":"Feature","properties":{"mode":"bus","n":5,"arr":["100","136","143","310","903"],"lines":"100, 136, 143, 310, 903"},"geometry":{"type":"LineString","coordinates":[[17.06377,51.077716],[17.058829,51.07684],[17.057504,51.076639],[17.056844,51.076621],[17.054448,51.07664],[17.053549,51.076652],[17.053041,51.076698],[17.051873,51.076709]]}},{"type":"Feature","properties":{"mode":"bus","n":7,"arr":["100","136","143","145","148","310","903"],"lines":"100, 136, 143, 145, 148, 310, 903"},"geometry":{"type":"LineString","coordinates":[[17.051873,51.076709],[17.051686,51.076706]]}},{"type":"Feature","properties":{"mode":"bus","n":7,"arr":["100","136","143","145","146","903","255"],"lines":"100, 136, 143, 145, 146, 903, 255"},"geometry":{"type":"LineString","coordinates":[[17.05026,51.076666],[17.050602,51.0767],[17.051686,51.076706]]}},{"type":"Feature","properties":{"mode":"bus","n":7,"arr":["100","136","143","145","146","903","255"],"lines":"100, 136, 143, 145, 146, 903, 255"},"geometry":{"type":"LineString","coordinates":[[17.051729,51.076603],[17.050932,51.076603],[17.050096,51.076681]]}},{"type":"Feature","properties":{"mode":"bus","n":8,"arr":["100","136","143","145","146","903","K","255"],"lines":"100, 136, 143, 145, 146, 903, K, 255"},"geometry":{"type":"LineString","coordinates":[[17.050096,51.076681],[17.049083,51.076811]]}},{"type":"Feature","properties":{"mode":"bus","n":10,"arr":["100","110","136","143","145","146","310","903","N","255"],"lines":"100, 110, 136, 143, 145, 146, 310, 903, N, 255"},"geometry":{"type":"LineString","coordinates":[[17.051921,51.076603],[17.051729,51.076603]]}},{"type":"Feature","properties":{"mode":"bus","n":9,"arr":["100","114","124","125","134","143","310","240","245"],"lines":"100, 114, 124, 125, 134, 143, 310, 240, 245"},"geometry":{"type":"LineString","coordinates":[[17.061484,51.083783],[17.061158,51.083743]]}},{"type":"Feature","properties":{"mode":"bus","n":7,"arr":["100","114","124","134","143","310","240"],"lines":"100, 114, 124, 134, 143, 310, 240"},"geometry":{"type":"LineString","coordinates":[[17.068236,51.086781],[17.067516,51.086395],[17.06462,51.084665],[17.064138,51.084405],[17.063676,51.084211],[17.062882,51.083983],[17.061484,51.083783]]}},{"type":"Feature","properties":{"mode":"bus","n":5,"arr":["100","124","134","310","240"],"lines":"100, 124, 134, 310, 240"},"geometry":{"type":"LineString","coordinates":[[17.0715,51.085472],[17.070538,51.085702],[17.070304,51.085799],[17.068777,51.086821],[17.068658,51.086856],[17.068532,51.086859],[17.068236,51.086781]]}},{"type":"Feature","properties":{"mode":"bus","n":13,"arr":["101","117","123","137","138","148","917","937","938","948","958","243","253"],"lines":"101, 117, 123, 137, 138, 148, 917, 937, 938, 948, 958, 243, 253"},"geometry":{"type":"LineString","coordinates":[[16.871544,51.14475],[16.871789,51.144866]]}},{"type":"Feature","properties":{"mode":"bus","n":14,"arr":["101","117","123","137","138","148","917","923","937","938","948","958","243","253"],"lines":"101, 117, 123, 137, 138, 148, 917, 923, 937, 938, 948, 958, 243, 253"},"geometry":{"type":"LineString","coordinates":[[16.871544,51.14475],[16.871198,51.144588],[16.870949,51.144547]]}},{"type":"Feature","properties":{"mode":"bus","n":14,"arr":["101","117","123","137","138","148","917","923","937","938","948","958","243","253"],"lines":"101, 117, 123, 137, 138, 148, 917, 923, 937, 938, 948, 958, 243, 253"},"geometry":{"type":"LineString","coordinates":[[16.871055,51.145378],[16.872367,51.1452]]}},{"type":"Feature","properties":{"mode":"bus","n":12,"arr":["101","123","137","138","148","917","937","938","948","958","243","253"],"lines":"101, 123, 137, 138, 148, 917, 937, 938, 948, 958, 243, 253"},"geometry":{"type":"LineString","coordinates":[[16.866255,51.144683],[16.866603,51.145462],[16.866849,51.145833],[16.866865,51.145886],[16.866875,51.145901],[16.866893,51.145909],[16.866919,51.14591],[16.867256,51.14588]]}},{"type":"Feature","properties":{"mode":"bus","n":7,"arr":["101","117","123","148","917","243","253"],"lines":"101, 117, 123, 148, 917, 243, 253"},"geometry":{"type":"LineString","coordinates":[[16.867256,51.14588],[16.869056,51.145646]]}},{"type":"Feature","properties":{"mode":"bus","n":6,"arr":["101","117","148","917","243","253"],"lines":"101, 117, 148, 917, 243, 253"},"geometry":{"type":"LineString","coordinates":[[16.869056,51.145646],[16.87092,51.145397]]}},{"type":"Feature","properties":{"mode":"bus","n":13,"arr":["101","117","137","138","148","917","923","937","938","948","958","243","253"],"lines":"101, 117, 137, 138, 148, 917, 923, 937, 938, 948, 958, 243, 253"},"geometry":{"type":"LineString","coordinates":[[16.87092,51.145397],[16.871055,51.145378]]}},{"type":"Feature","properties":{"mode":"bus","n":5,"arr":["101","148","923","243","253"],"lines":"101, 148, 923, 243, 253"},"geometry":{"type":"LineString","coordinates":[[16.872367,51.1452],[16.873512,51.145063],[16.87443,51.145098],[16.87478,51.145137],[16.875875,51.145353]]}},{"type":"Feature","properties":{"mode":"bus","n":5,"arr":["101","102","107","923","243"],"lines":"101, 102, 107, 923, 243"},"geometry":{"type":"LineString","coordinates":[[16.890338,51.155048],[16.890539,51.155214]]}},{"type":"Feature","properties":{"mode":"bus","n":6,"arr":["101","103","123","136","152","246"],"lines":"101, 103, 123, 136, 152, 246"},"geometry":{"type":"LineString","coordinates":[[16.95896,51.14021],[16.960385,51.139568],[16.961476,51.139145]]}},{"type":"Feature","properties":{"mode":"bus","n":7,"arr":["101","102","103","104","126","127","245"],"lines":"101, 102, 103, 104, 126, 127, 245"},"geometry":{"type":"LineString","coordinates":[[16.973306,51.132376],[16.973497,51.132267],[16.97631,51.130935],[16.97681,51.130743],[16.977248,51.130615],[16.978032,51.130464],[16.98226,51.129992]]}},{"type":"Feature","properties":{"mode":"bus","n":7,"arr":["101","102","103","104","126","127","245"],"lines":"101, 102, 103, 104, 126, 127, 245"},"geometry":{"type":"LineString","coordinates":[[16.973407,51.132453],[16.976413,51.130985],[16.97682,51.130837],[16.977394,51.130679],[16.977872,51.130597],[16.980873,51.130262],[16.982592,51.130092]]}},{"type":"Feature","properties":{"mode":"bus","n":9,"arr":["101","103","104","119","127","129","153","319","245"],"lines":"101, 103, 104, 119, 127, 129, 153, 319, 245"},"geometry":{"type":"LineString","coordinates":[[16.985668,51.129587],[16.984829,51.129711],[16.98226,51.129992]]}},{"type":"Feature","properties":{"mode":"bus","n":12,"arr":["101","103","104","119","127","128","129","153","319","607","206","245"],"lines":"101, 103, 104, 119, 127, 128, 129, 153, 319, 607, 206, 245"},"geometry":{"type":"LineString","coordinates":[[16.985728,51.12969],[16.985668,51.129587]]}},{"type":"Feature","properties":{"mode":"bus","n":9,"arr":["101","104","119","128","129","153","319","607","206"],"lines":"101, 104, 119, 128, 129, 153, 319, 607, 206"},"geometry":{"type":"LineString","coordinates":[[16.985668,51.129587],[16.985419,51.129077],[16.9853,51.128566],[16.985304,51.127932],[16.985359,51.127472],[16.985285,51.127157],[16.984672,51.126016],[16.984036,51.125247]]}},{"type":"Feature","properties":{"mode":"bus","n":11,"arr":["101","102","104","119","122","128","129","153","319","243","253"],"lines":"101, 102, 104, 119, 122, 128, 129, 153, 319, 243, 253"},"geometry":{"type":"LineString","coordinates":[[16.983263,51.125548],[16.984036,51.125247]]}},{"type":"Feature","properties":{"mode":"bus","n":12,"arr":["101","102","104","119","122","128","129","153","319","607","243","253"],"lines":"101, 102, 104, 119, 122, 128, 129, 153, 319, 607, 243, 253"},"geometry":{"type":"LineString","coordinates":[[16.983263,51.125548],[16.981258,51.126428],[16.979924,51.126954]]}},{"type":"Feature","properties":{"mode":"bus","n":5,"arr":["101","102","104","126","306"],"lines":"101, 102, 104, 126, 306"},"geometry":{"type":"LineString","coordinates":[[16.982647,51.129949],[16.979924,51.126954]]}},{"type":"Feature","properties":{"mode":"bus","n":5,"arr":["101","148","917","243","253"],"lines":"101, 148, 917, 243, 253"},"geometry":{"type":"LineString","coordinates":[[16.872095,51.145029],[16.872133,51.145113],[16.872108,51.145183],[16.872043,51.145242]]}},{"type":"Feature","properties":{"mode":"bus","n":11,"arr":["101","117","137","138","148","937","938","948","958","243","253"],"lines":"101, 117, 137, 138, 148, 937, 938, 948, 958, 243, 253"},"geometry":{"type":"LineString","coordinates":[[16.871789,51.144866],[16.872085,51.145007]]}},{"type":"Feature","properties":{"mode":"bus","n":5,"arr":["102","103","104","127","245"],"lines":"102, 103, 104, 127, 245"},"geometry":{"type":"LineString","coordinates":[[16.94873,51.144689],[16.948904,51.144801],[16.949004,51.144924],[16.949228,51.145798],[16.949243,51.146066],[16.949206,51.14632],[16.949097,51.146593],[16.948999,51.146735],[16.94879,51.14691],[16.947994,51.147411],[16.945015,51.149242]]}},{"type":"Feature","properties":{"mode":"bus","n":6,"arr":["102","104","127","136","245","246"],"lines":"102, 104, 127, 136, 245, 246"},"geometry":{"type":"LineString","coordinates":[[16.967745,51.137744],[16.966884,51.137745],[16.966796,51.137731],[16.966768,51.13773],[16.966748,51.137737],[16.966735,51.137752],[16.966681,51.137864],[16.966504,51.137976],[16.96582,51.138298],[16.965591,51.138484],[16.965295,51.138838],[16.963284,51.142202],[16.962989,51.142421],[16.962694,51.142536],[16.962225,51.142622],[16.961739,51.142595],[16.960331,51.142352],[16.960066,51.142267],[16.959857,51.142162],[16.959654,51.142001],[16.959479,51.141724],[16.959254,51.141088],[16.959164,51.1407],[16.959058,51.14042],[16.958978,51.140333],[16.95896,51.14021]]}},{"type":"Feature","properties":{"mode":"bus","n":7,"arr":["102","104","126","127","136","245","246"],"lines":"102, 104, 126, 127, 136, 245, 246"},"geometry":{"type":"LineString","coordinates":[[16.969145,51.137749],[16.967745,51.137744]]}},{"type":"Feature","properties":{"mode":"bus","n":5,"arr":["102","104","126","127","245"],"lines":"102, 104, 126, 127, 245"},"geometry":{"type":"LineString","coordinates":[[16.969145,51.137749],[16.96957,51.137777],[16.969951,51.137864],[16.970664,51.138186],[16.971277,51.138518],[16.971665,51.138694],[16.972067,51.138788],[16.972466,51.138826],[16.977901,51.138708],[16.978252,51.138657],[16.978702,51.138509],[16.979004,51.138336],[16.979216,51.138138],[16.979375,51.137866],[16.979411,51.137699],[16.979402,51.137509],[16.978847,51.135669],[16.978739,51.135422],[16.978561,51.135187],[16.978229,51.134971],[16.978007,51.134881],[16.977838,51.13484],[16.977419,51.134796],[16.976651,51.134808],[16.976382,51.134793],[16.975961,51.134714],[16.975689,51.134607],[16.9754,51.134388],[16.97401,51.13301],[16.973787,51.132868],[16.973536,51.132643],[16.973407,51.132453],[16.973306,51.132376]]}},{"type":"Feature","properties":{"mode":"bus","n":10,"arr":["102","104","119","122","128","129","153","319","607","243"],"lines":"102, 104, 119, 122, 128, 129, 153, 319, 607, 243"},"geometry":{"type":"LineString","coordinates":[[16.97961,51.127073],[16.979373,51.126817]]}},{"type":"Feature","properties":{"mode":"bus","n":12,"arr":["102","104","119","122","128","129","153","319","607","206","243","253"],"lines":"102, 104, 119, 122, 128, 129, 153, 319, 607, 206, 243, 253"},"geometry":{"type":"LineString","coordinates":[[16.981746,51.125924],[16.979688,51.126702]]}},{"type":"Feature","properties":{"mode":"bus","n":5,"arr":["102","103","122","127","245"],"lines":"102, 103, 122, 127, 245"},"geometry":{"type":"LineString","coordinates":[[17.018324,51.112365],[17.018415,51.112782],[17.018385,51.113017],[17.018227,51.113247],[17.017487,51.114018],[17.017512,51.114098],[17.017428,51.114233],[17.017423,51.114384],[17.017674,51.1149],[17.017678,51.114915],[17.017673,51.114927],[17.017659,51.114937],[17.017635,51.114942],[17.016044,51.115183],[17.015609,51.115269],[17.012889,51.115969],[17.007192,51.117374]]}},{"type":"Feature","properties":{"mode":"bus","n":9,"arr":["102","103","122","127","132","142","243","245","253"],"lines":"102, 103, 122, 127, 132, 142, 243, 245, 253"},"geometry":{"type":"LineString","coordinates":[[17.020761,51.111791],[17.019593,51.112108],[17.018324,51.112365]]}},{"type":"Feature","properties":{"mode":"bus","n":9,"arr":["102","103","122","127","132","142","243","245","253"],"lines":"102, 103, 122, 127, 132, 142, 243, 245, 253"},"geometry":{"type":"LineString","coordinates":[[17.018775,51.112504],[17.020264,51.112201],[17.021696,51.111791]]}},{"type":"Feature","properties":{"mode":"bus","n":10,"arr":["102","103","122","127","132","142","243","245","250","253"],"lines":"102, 103, 122, 127, 132, 142, 243, 245, 250, 253"},"geometry":{"type":"LineString","coordinates":[[17.021549,51.111578],[17.020761,51.111791]]}},{"type":"Feature","properties":{"mode":"bus","n":5,"arr":["102","122","127","144","250"],"lines":"102, 122, 127, 144, 250"},"geometry":{"type":"LineString","coordinates":[[17.021696,51.111791],[17.021549,51.111578]]}},{"type":"Feature","properties":{"mode":"bus","n":5,"arr":["102","103","144","240","250"],"lines":"102, 103, 144, 240, 250"},"geometry":{"type":"LineString","coordinates":[[17.02345,51.113128],[17.023094,51.112726],[17.022872,51.112535]]}},{"type":"Feature","properties":{"mode":"bus","n":8,"arr":["102","103","122","132","142","243","245","253"],"lines":"102, 103, 122, 132, 142, 243, 245, 253"},"geometry":{"type":"LineString","coordinates":[[17.018529,51.112539],[17.018775,51.112504]]}},{"type":"Feature","properties":{"mode":"bus","n":10,"arr":["103","104","119","127","129","153","319","607","206","245"],"lines":"103, 104, 119, 127, 129, 153, 319, 607, 206, 245"},"geometry":{"type":"LineString","coordinates":[[16.982766,51.130075],[16.983786,51.129959],[16.985728,51.12969]]}},{"type":"Feature","properties":{"mode":"bus","n":10,"arr":["103","122","127","132","142","144","240","243","245","253"],"lines":"103, 122, 127, 132, 142, 144, 240, 243, 245, 253"},"geometry":{"type":"LineString","coordinates":[[17.021639,51.111553],[17.021549,51.111578]]}},{"type":"Feature","properties":{"mode":"bus","n":8,"arr":["103","132","142","144","240","243","245","253"],"lines":"103, 132, 142, 144, 240, 243, 245, 253"},"geometry":{"type":"LineString","coordinates":[[17.021847,51.111497],[17.021639,51.111553]]}},{"type":"Feature","properties":{"mode":"bus","n":6,"arr":["103","132","142","243","245","253"],"lines":"103, 132, 142, 243, 245, 253"},"geometry":{"type":"LineString","coordinates":[[17.025868,51.110476],[17.023316,51.111017],[17.021847,51.111497]]}},{"type":"Feature","properties":{"mode":"bus","n":8,"arr":["103","132","142","602","K","247","248","257"],"lines":"103, 132, 142, 602, K, 247, 248, 257"},"geometry":{"type":"LineString","coordinates":[[17.028626,51.112706],[17.028313,51.112648],[17.027966,51.112543],[17.027632,51.112359],[17.027176,51.111785],[17.027055,51.111564]]}},{"type":"Feature","properties":{"mode":"bus","n":8,"arr":["103","132","142","602","K","247","248","257"],"lines":"103, 132, 142, 602, K, 247, 248, 257"},"geometry":{"type":"LineString","coordinates":[[17.031579,51.113342],[17.030875,51.113094],[17.030511,51.112995]]}},{"type":"Feature","properties":{"mode":"bus","n":6,"arr":["103","132","142","602","K","257"],"lines":"103, 132, 142, 602, K, 257"},"geometry":{"type":"LineString","coordinates":[[17.028302,51.125466],[17.029343,51.124233],[17.030106,51.122947],[17.030477,51.122409],[17.030631,51.122134],[17.031422,51.119472],[17.031636,51.118626],[17.031806,51.118347],[17.032008,51.117642],[17.031913,51.117521],[17.031667,51.116791],[17.030694,51.115198],[17.030624,51.114975],[17.030644,51.114829],[17.030705,51.114699],[17.031579,51.113342]]}},{"type":"Feature","properties":{"mode":"bus","n":11,"arr":["103","108","132","142","144","602","908","K","247","248","257"],"lines":"103, 108, 132, 142, 144, 602, 908, K, 247, 248, 257"},"geometry":{"type":"LineString","coordinates":[[17.028302,51.125466],[17.027985,51.125862],[17.027889,51.126066],[17.027732,51.127011]]}},{"type":"Feature","properties":{"mode":"bus","n":9,"arr":["103","132","142","144","602","K","247","248","257"],"lines":"103, 132, 142, 144, 602, K, 247, 248, 257"},"geometry":{"type":"LineString","coordinates":[[17.027732,51.127011],[17.027719,51.127146]]}},{"type":"Feature","properties":{"mode":"bus","n":5,"arr":["103","142","602","K","257"],"lines":"103, 142, 602, K, 257"},"geometry":{"type":"LineString","coordinates":[[17.027719,51.127146],[17.027552,51.129281],[17.028172,51.132962]]}},{"type":"Feature","properties":{"mode":"bus","n":11,"arr":["103","105","111","118","119","129","315","905","K","244","257"],"lines":"103, 105, 111, 118, 119, 129, 315, 905, K, 244, 257"},"geometry":{"type":"LineString","coordinates":[[17.030152,51.137143],[17.029816,51.137491]]}},{"type":"Feature","properties":{"mode":"bus","n":11,"arr":["103","105","111","118","119","315","319","905","K","244","257"],"lines":"103, 105, 111, 118, 119, 315, 319, 905, K, 244, 257"},"geometry":{"type":"LineString","coordinates":[[17.029816,51.137491],[17.02916,51.138258],[17.029116,51.138385],[17.028956,51.138574],[17.02765,51.140005],[17.027319,51.140504],[17.0271,51.140777],[17.026245,51.1417]]}},{"type":"Feature","properties":{"mode":"bus","n":8,"arr":["103","105","111","142","315","602","905","244"],"lines":"103, 105, 111, 142, 315, 602, 905, 244"},"geometry":{"type":"LineString","coordinates":[[17.02023,51.148554],[17.020815,51.147755],[17.020948,51.147491],[17.021308,51.147072],[17.025842,51.142173],[17.026245,51.1417]]}},{"type":"Feature","properties":{"mode":"bus","n":7,"arr":["103","142","306","315","602","607","206"],"lines":"103, 142, 306, 315, 602, 607, 206"},"geometry":{"type":"LineString","coordinates":[[17.020721,51.148896],[17.02023,51.148554]]}},{"type":"Feature","properties":{"mode":"bus","n":8,"arr":["104","119","128","129","153","319","607","206"],"lines":"104, 119, 128, 129, 153, 319, 607, 206"},"geometry":{"type":"LineString","coordinates":[[16.984036,51.125247],[16.983964,51.125165],[16.983943,51.125149],[16.983917,51.125143],[16.983885,51.125148],[16.98376,51.125182],[16.982719,51.125629],[16.982438,51.125731],[16.981746,51.125924]]}},{"type":"Feature","properties":{"mode":"bus","n":8,"arr":["104","119","129","153","306","319","607","206"],"lines":"104, 119, 129, 153, 306, 319, 607, 206"},"geometry":{"type":"LineString","coordinates":[[17.001057,51.137152],[17.000381,51.136782],[16.998913,51.136126],[16.988499,51.131776],[16.987892,51.13157],[16.987262,51.131429],[16.986468,51.131332],[16.985048,51.131254],[16.984534,51.131182],[16.984157,51.131083],[16.983907,51.130991],[16.983428,51.130715],[16.983116,51.130447],[16.982766,51.130075]]}},{"type":"Feature","properties":{"mode":"bus","n":6,"arr":["104","118","119","129","319","257"],"lines":"104, 118, 119, 129, 319, 257"},"geometry":{"type":"LineString","coordinates":[[17.00114,51.135797],[16.997913,51.136101]]}},{"type":"Feature","properties":{"mode":"bus","n":5,"arr":["104","119","129","153","319"],"lines":"104, 119, 129, 153, 319"},"geometry":{"type":"LineString","coordinates":[[16.999656,51.136559],[16.998799,51.13618],[16.998124,51.135914],[16.991082,51.132945],[16.988187,51.131755],[16.98762,51.131587],[16.986998,51.131472],[16.9865,51.131418],[16.985114,51.131348],[16.984515,51.131295],[16.984033,51.131204],[16.983702,51.131102],[16.983144,51.130826],[16.982929,51.130672],[16.982699,51.130466],[16.98226,51.129992]]}},{"type":"Feature","properties":{"mode":"bus","n":6,"arr":["105","108","111","153","905","244"],"lines":"105, 108, 111, 153, 905, 244"},"geometry":{"type":"LineString","coordinates":[[16.993273,51.175613],[16.996105,51.170882],[16.996634,51.169916]]}},{"type":"Feature","properties":{"mode":"bus","n":7,"arr":["105","111","306","607","905","206","244"],"lines":"105, 111, 306, 607, 905, 206, 244"},"geometry":{"type":"LineString","coordinates":[[17.020062,51.148714],[17.019449,51.149243],[17.019217,51.149388],[17.018562,51.150035],[17.014921,51.153959],[17.014257,51.154641],[17.011656,51.156586],[17.010765,51.157184],[17.010713,51.15731]]}},{"type":"Feature","properties":{"mode":"bus","n":8,"arr":["105","111","306","602","607","905","206","244"],"lines":"105, 111, 306, 602, 607, 905, 206, 244"},"geometry":{"type":"LineString","coordinates":[[17.02023,51.148554],[17.020062,51.148714]]}},{"type":"Feature","properties":{"mode":"bus","n":9,"arr":["105","111","118","119","129","315","905","K","244"],"lines":"105, 111, 118, 119, 129, 315, 905, K, 244"},"geometry":{"type":"LineString","coordinates":[[17.036635,51.13585],[17.033525,51.135795],[17.033125,51.135823],[17.03283,51.135871],[17.032566,51.135927],[17.032148,51.136056],[17.031694,51.136223],[17.03096,51.136628],[17.030682,51.136827],[17.030263,51.137209],[17.030248,51.13722],[17.030233,51.137224],[17.030218,51.137219],[17.030205,51.137207],[17.030152,51.137143]]}},{"type":"Feature","properties":{"mode":"bus","n":7,"arr":["105","118","119","130","132","315","905"],"lines":"105, 118, 119, 130, 132, 315, 905"},"geometry":{"type":"LineString","coordinates":[[17.052485,51.137781],[17.036635,51.13585]]}},{"type":"Feature","properties":{"mode":"bus","n":6,"arr":["105","118","119","130","132","905"],"lines":"105, 118, 119, 130, 132, 905"},"geometry":{"type":"LineString","coordinates":[[17.045095,51.136882],[17.045082,51.136913]]}},{"type":"Feature","properties":{"mode":"bus","n":8,"arr":["105","116","118","119","130","132","905","246"],"lines":"105, 116, 118, 119, 130, 132, 905, 246"},"geometry":{"type":"LineString","coordinates":[[17.059864,51.138706],[17.052485,51.137781]]}},{"type":"Feature","properties":{"mode":"bus","n":6,"arr":["105","118","130","132","905","A"],"lines":"105, 118, 130, 132, 905, A"},"geometry":{"type":"LineString","coordinates":[[17.057172,51.135221],[17.059753,51.137907],[17.059825,51.138065],[17.059912,51.13847],[17.059864,51.138706]]}},{"type":"Feature","properties":{"mode":"bus","n":9,"arr":["105","116","118","130","132","315","905","A","246"],"lines":"105, 116, 118, 130, 132, 315, 905, A, 246"},"geometry":{"type":"LineString","coordinates":[[17.063726,51.131881],[17.06367,51.131959],[17.063506,51.132066],[17.063301,51.132161],[17.063118,51.132196],[17.062916,51.132295],[17.057172,51.135221]]}},{"type":"Feature","properties":{"mode":"bus","n":7,"arr":["128","130","914","924","N","242","251"],"lines":"128, 130, 914, 924, N, 242, 251"},"geometry":{"type":"LineString","coordinates":[[17.065698,51.132868],[17.064606,51.132191]]}},{"type":"Feature","properties":{"mode":"bus","n":11,"arr":["105","128","130","132","905","914","924","930","N","242","251"],"lines":"105, 128, 130, 132, 905, 914, 924, 930, N, 242, 251"},"geometry":{"type":"LineString","coordinates":[[17.064606,51.132191],[17.064181,51.132017],[17.063982,51.131959]]}},{"type":"Feature","properties":{"mode":"bus","n":14,"arr":["105","128","130","132","315","905","914","924","930","A","N","242","246","251"],"lines":"105, 128, 130, 132, 315, 905, 914, 924, 930, A, N, 242, 246, 251"},"geometry":{"type":"LineString","coordinates":[[17.063982,51.131959],[17.063726,51.131881]]}},{"type":"Feature","properties":{"mode":"bus","n":6,"arr":["105","116","118","132","905","928"],"lines":"105, 116, 118, 132, 905, 928"},"geometry":{"type":"LineString","coordinates":[[17.065264,51.131848],[17.065055,51.131857]]}},{"type":"Feature","properties":{"mode":"bus","n":7,"arr":["105","116","118","132","905","928","930"],"lines":"105, 116, 118, 132, 905, 928, 930"},"geometry":{"type":"LineString","coordinates":[[17.065055,51.131857],[17.06477,51.131864]]}},{"type":"Feature","properties":{"mode":"bus","n":6,"arr":["105","116","118","132","905","930"],"lines":"105, 116, 118, 132, 905, 930"},"geometry":{"type":"LineString","coordinates":[[17.06477,51.131864],[17.064328,51.13188]]}},{"type":"Feature","properties":{"mode":"bus","n":7,"arr":["105","116","118","132","905","930","242"],"lines":"105, 116, 118, 132, 905, 930, 242"},"geometry":{"type":"LineString","coordinates":[[17.064328,51.13188],[17.063908,51.131893]]}},{"type":"Feature","properties":{"mode":"bus","n":8,"arr":["105","116","118","132","905","930","A","242"],"lines":"105, 116, 118, 132, 905, 930, A, 242"},"geometry":{"type":"LineString","coordinates":[[17.063908,51.131893],[17.063726,51.131881]]}},{"type":"Feature","properties":{"mode":"bus","n":14,"arr":["106","107","119","122","124","132","134","152","306","319","927","206","241","249"],"lines":"106, 107, 119, 122, 124, 132, 134, 152, 306, 319, 927, 206, 241, 249"},"geometry":{"type":"LineString","coordinates":[[16.960191,51.112216],[16.958428,51.111605],[16.957789,51.11136],[16.956377,51.110633],[16.955541,51.110243]]}},{"type":"Feature","properties":{"mode":"bus","n":14,"arr":["106","107","119","122","124","132","134","152","306","319","927","206","241","249"],"lines":"106, 107, 119, 122, 124, 132, 134, 152, 306, 319, 927, 206, 241, 249"},"geometry":{"type":"LineString","coordinates":[[16.955241,51.110247],[16.958021,51.111535],[16.959438,51.112028],[16.960101,51.112295]]}},{"type":"Feature","properties":{"mode":"bus","n":14,"arr":["106","119","124","126","132","134","142","148","149","306","319","206","246","249"],"lines":"106, 119, 124, 126, 132, 134, 142, 148, 149, 306, 319, 206, 246, 249"},"geometry":{"type":"LineString","coordinates":[[16.965403,51.114054],[16.965119,51.113958],[16.96439,51.113645],[16.963323,51.113124],[16.962728,51.112891],[16.962284,51.112769],[16.961455,51.112584],[16.960191,51.112216]]}},{"type":"Feature","properties":{"mode":"bus","n":14,"arr":["106","119","124","126","132","134","142","148","149","306","319","206","246","249"],"lines":"106, 119, 124, 126, 132, 134, 142, 148, 149, 306, 319, 206, 246, 249"},"geometry":{"type":"LineString","coordinates":[[16.96622,51.114344],[16.965894,51.114276],[16.96531,51.114107]]}},{"type":"Feature","properties":{"mode":"bus","n":6,"arr":["106","132","142","148","149","249"],"lines":"106, 132, 142, 148, 149, 249"},"geometry":{"type":"LineString","coordinates":[[16.965403,51.114054],[16.96531,51.114107]]}},{"type":"Feature","properties":{"mode":"bus","n":6,"arr":["106","132","142","148","149","249"],"lines":"106, 132, 142, 148, 149, 249"},"geometry":{"type":"LineString","coordinates":[[16.976276,51.114249],[16.976783,51.114148],[16.976988,51.114145],[16.977135,51.114187]]}},{"type":"Feature","properties":{"mode":"bus","n":12,"arr":["106","124","126","132","134","142","148","149","306","206","246","249"],"lines":"106, 124, 126, 132, 134, 142, 148, 149, 306, 206, 246, 249"},"geometry":{"type":"LineString","coordinates":[[16.970366,51.114476],[16.969206,51.114431],[16.966978,51.114411],[16.96622,51.114344]]}},{"type":"Feature","properties":{"mode":"bus","n":7,"arr":["106","132","142","148","149","206","249"],"lines":"106, 132, 142, 148, 149, 206, 249"},"geometry":{"type":"LineString","coordinates":[[16.977135,51.114187],[16.976276,51.114249],[16.975221,51.114386],[16.973845,51.114521],[16.972583,51.114524],[16.972351,51.114552],[16.970366,51.114476]]}},{"type":"Feature","properties":{"mode":"bus","n":7,"arr":["106","132","142","148","149","206","249"],"lines":"106, 132, 142, 148, 149, 206, 249"},"geometry":{"type":"LineString","coordinates":[[16.997681,51.112496],[17.000694,51.111906]]}},{"type":"Feature","properties":{"mode":"bus","n":6,"arr":["106","132","148","149","206","249"],"lines":"106, 132, 148, 149, 206, 249"},"geometry":{"type":"LineString","coordinates":[[16.986103,51.114048],[16.984395,51.114423],[16.983753,51.114589],[16.983359,51.114604],[16.982978,51.114592],[16.982184,51.114522],[16.980804,51.114356],[16.978877,51.114232],[16.978399,51.114239],[16.977135,51.114187]]}},{"type":"Feature","properties":{"mode":"bus","n":6,"arr":["106","132","148","149","206","249"],"lines":"106, 132, 148, 149, 206, 249"},"geometry":{"type":"LineString","coordinates":[[16.984749,51.114346],[16.984618,51.114046],[16.984615,51.11403],[16.984621,51.114017],[16.984635,51.114008],[16.984658,51.114002],[16.985705,51.113829],[16.986148,51.113785],[16.986641,51.113785],[16.987008,51.113817],[16.988219,51.114028],[16.988803,51.11406],[16.989275,51.114037],[16.989742,51.113966],[16.990848,51.113696],[16.991421,51.11358],[16.997681,51.112496]]}},{"type":"Feature","properties":{"mode":"bus","n":5,"arr":["106","148","149","206","249"],"lines":"106, 148, 149, 206, 249"},"geometry":{"type":"LineString","coordinates":[[17.000694,51.111906],[17.003069,51.111435],[17.005069,51.111172],[17.018452,51.108779],[17.019488,51.108644],[17.019799,51.108545],[17.021238,51.107981],[17.021553,51.10789],[17.021757,51.107873],[17.022004,51.107791],[17.022696,51.107517],[17.023242,51.10724],[17.024681,51.106674]]}},{"type":"Feature","properties":{"mode":"bus","n":5,"arr":["106","148","149","206","249"],"lines":"106, 148, 149, 206, 249"},"geometry":{"type":"LineString","coordinates":[[17.003093,51.111559],[17.003043,51.11144]]}},{"type":"Feature","properties":{"mode":"bus","n":11,"arr":["106","148","149","602","206","243","247","248","249","253","257"],"lines":"106, 148, 149, 602, 206, 243, 247, 248, 249, 253, 257"},"geometry":{"type":"LineString","coordinates":[[17.024681,51.106674],[17.027309,51.105639],[17.029303,51.104671],[17.030154,51.104295]]}},{"type":"Feature","properties":{"mode":"bus","n":10,"arr":["106","148","149","602","243","247","248","249","253","257"],"lines":"106, 148, 149, 602, 243, 247, 248, 249, 253, 257"},"geometry":{"type":"LineString","coordinates":[[17.030154,51.104295],[17.030284,51.104212],[17.030587,51.104089]]}},{"type":"Feature","properties":{"mode":"bus","n":7,"arr":["106","149","A","247","248","249","257"],"lines":"106, 149, A, 247, 248, 249, 257"},"geometry":{"type":"LineString","coordinates":[[17.030188,51.102741],[17.03078,51.102753],[17.031574,51.102661],[17.03395,51.102359],[17.034669,51.102237],[17.035067,51.102213],[17.036106,51.10207],[17.036256,51.102009],[17.036588,51.101951]]}},{"type":"Feature","properties":{"mode":"bus","n":23,"arr":["106","110","112","113","145","146","149","A","K","241","242","243","244","245","246","247","248","249","251","253","255","257","259"],"lines":"106, 110, 112, 113, 145, 146, 149, A, K, 241, 242, 243, 244, 245, 246, 247, 248, 249, 251, 253, 255, 257, 259"},"geometry":{"type":"LineString","coordinates":[[17.036588,51.101951],[17.037069,51.101876],[17.039586,51.101322]]}},{"type":"Feature","properties":{"mode":"bus","n":21,"arr":["106","110","112","113","145","146","K","241","242","243","244","245","246","247","248","249","251","253","255","257","259"],"lines":"106, 110, 112, 113, 145, 146, K, 241, 242, 243, 244, 245, 246, 247, 248, 249, 251, 253, 255, 257, 259"},"geometry":{"type":"LineString","coordinates":[[17.039586,51.101322],[17.039239,51.100002],[17.03901,51.099492]]}},{"type":"Feature","properties":{"mode":"bus","n":5,"arr":["106","145","146","149","A"],"lines":"106, 145, 146, 149, A"},"geometry":{"type":"LineString","coordinates":[[17.041809,51.100812],[17.042043,51.101351],[17.04267,51.103163]]}},{"type":"Feature","properties":{"mode":"bus","n":7,"arr":["106","114","120","145","146","149","A"],"lines":"106, 114, 120, 145, 146, 149, A"},"geometry":{"type":"LineString","coordinates":[[17.04267,51.103163],[17.042427,51.103243]]}},{"type":"Feature","properties":{"mode":"bus","n":7,"arr":["106","114","120","145","146","149","A"],"lines":"106, 114, 120, 145, 146, 149, A"},"geometry":{"type":"LineString","coordinates":[[17.040329,51.103431],[17.040823,51.103602]]}},{"type":"Feature","properties":{"mode":"bus","n":5,"arr":["106","114","120","149","A"],"lines":"106, 114, 120, 149, A"},"geometry":{"type":"LineString","coordinates":[[17.037456,51.10393],[17.039757,51.10343],[17.040067,51.1034],[17.040329,51.103431]]}},{"type":"Feature","properties":{"mode":"bus","n":17,"arr":["106","110","112","113","149","A","K","241","242","243","244","245","246","251","253","255","259"],"lines":"106, 110, 112, 113, 149, A, K, 241, 242, 243, 244, 245, 246, 251, 253, 255, 259"},"geometry":{"type":"LineString","coordinates":[[17.037231,51.103994],[17.037338,51.103964]]}},{"type":"Feature","properties":{"mode":"bus","n":5,"arr":["106","149","A","D","N"],"lines":"106, 149, A, D, N"},"geometry":{"type":"LineString","coordinates":[[17.031504,51.104077],[17.033428,51.104042],[17.035175,51.103785],[17.035594,51.103868],[17.035738,51.103931],[17.036084,51.104158],[17.036191,51.104189],[17.036323,51.104187],[17.037231,51.103994]]}},{"type":"Feature","properties":{"mode":"bus","n":15,"arr":["106","119","124","126","132","134","142","148","149","306","319","909","206","246","249"],"lines":"106, 119, 124, 126, 132, 134, 142, 148, 149, 306, 319, 909, 206, 246, 249"},"geometry":{"type":"LineString","coordinates":[[16.96531,51.114107],[16.964821,51.113953],[16.9644,51.113762],[16.963353,51.113223],[16.9629,51.113033],[16.962121,51.112813],[16.960912,51.112562],[16.960345,51.112394],[16.960101,51.112295]]}},{"type":"Feature","properties":{"mode":"bus","n":8,"arr":["107","112","126","153","602","247","249","251"],"lines":"107, 112, 126, 153, 602, 247, 249, 251"},"geometry":{"type":"LineString","coordinates":[[17.006555,51.074618],[17.006396,51.074751],[17.006355,51.074829]]}},{"type":"Feature","properties":{"mode":"bus","n":12,"arr":["107","112","113","126","153","602","612","913","933","247","249","251"],"lines":"107, 112, 113, 126, 153, 602, 612, 913, 933, 247, 249, 251"},"geometry":{"type":"LineString","coordinates":[[17.006555,51.074618],[17.006742,51.074457]]}},{"type":"Feature","properties":{"mode":"bus","n":11,"arr":["107","113","126","153","602","612","913","933","247","249","251"],"lines":"107, 113, 126, 153, 602, 612, 913, 933, 247, 249, 251"},"geometry":{"type":"LineString","coordinates":[[17.006742,51.074457],[17.00688,51.07436],[17.007133,51.074291],[17.007288,51.074182]]}},{"type":"Feature","properties":{"mode":"bus","n":5,"arr":["107","133","933","D","247"],"lines":"107, 133, 933, D, 247"},"geometry":{"type":"LineString","coordinates":[[16.982951,51.06333],[16.983078,51.063389],[16.983658,51.063825],[16.984082,51.064067],[16.985134,51.064581],[16.986715,51.065268],[16.987194,51.065403],[16.988906,51.065773],[16.988935,51.065784],[16.988952,51.0658],[16.988954,51.065821],[16.988944,51.065888],[16.989045,51.066005],[16.989596,51.066339],[16.990281,51.066682],[16.990752,51.066867],[16.993542,51.067829],[16.994596,51.068229],[16.996213,51.068904],[16.996726,51.0692],[16.999233,51.070892]]}},{"type":"Feature","properties":{"mode":"bus","n":6,"arr":["107","133","319","933","D","247"],"lines":"107, 133, 319, 933, D, 247"},"geometry":{"type":"LineString","coordinates":[[16.977821,51.064173],[16.978546,51.064212],[16.982597,51.063352],[16.982786,51.063318],[16.982951,51.06333]]}},{"type":"Feature","properties":{"mode":"bus","n":6,"arr":["107","133","319","933","D","247"],"lines":"107, 133, 319, 933, D, 247"},"geometry":{"type":"LineString","coordinates":[[16.977298,51.064103],[16.977765,51.064166],[16.977781,51.064168],[16.97779,51.06417],[16.977793,51.064172],[16.977789,51.064173],[16.97778,51.064174],[16.977764,51.064175],[16.97729,51.064191]]}},{"type":"Feature","properties":{"mode":"bus","n":5,"arr":["107","319","607","D","247"],"lines":"107, 319, 607, D, 247"},"geometry":{"type":"LineString","coordinates":[[16.971298,51.06861],[16.972485,51.067992],[16.972883,51.067721],[16.976145,51.064766],[16.976895,51.064222]]}},{"type":"Feature","properties":{"mode":"bus","n":6,"arr":["107","319","607","D","247","257"],"lines":"107, 319, 607, D, 247, 257"},"geometry":{"type":"LineString","coordinates":[[16.971225,51.068645],[16.971298,51.06861]]}},{"type":"Feature","properties":{"mode":"bus","n":12,"arr":["107","119","125","132","153","319","607","907","947","A","251","257"],"lines":"107, 119, 125, 132, 153, 319, 607, 907, 947, A, 251, 257"},"geometry":{"type":"LineString","coordinates":[[16.971823,51.084614],[16.969944,51.083034],[16.968477,51.081729],[16.96661,51.080156],[16.964462,51.078283],[16.963176,51.077323]]}},{"type":"Feature","properties":{"mode":"bus","n":9,"arr":["107","119","125","132","153","319","907","947","251"],"lines":"107, 119, 125, 132, 153, 319, 907, 947, 251"},"geometry":{"type":"LineString","coordinates":[[16.971091,51.083996],[16.971709,51.083727],[16.971882,51.08374],[16.971923,51.083763],[16.971939,51.083777],[16.971942,51.083793],[16.971876,51.084191]]}},{"type":"Feature","properties":{"mode":"bus","n":10,"arr":["107","119","125","132","153","319","907","947","251","257"],"lines":"107, 119, 125, 132, 153, 319, 907, 947, 251, 257"},"geometry":{"type":"LineString","coordinates":[[16.971876,51.084191],[16.971857,51.084303],[16.97191,51.084345],[16.971929,51.084368],[16.971932,51.084395],[16.971902,51.084532],[16.971801,51.084595]]}},{"type":"Feature","properties":{"mode":"bus","n":9,"arr":["107","119","125","153","319","607","A","251","257"],"lines":"107, 119, 125, 153, 319, 607, A, 251, 257"},"geometry":{"type":"LineString","coordinates":[[16.977864,51.092384],[16.976307,51.08895],[16.976155,51.088651],[16.975886,51.088246],[16.975515,51.087815],[16.975192,51.087514],[16.971823,51.084614]]}},{"type":"Feature","properties":{"mode":"bus","n":9,"arr":["107","119","125","153","319","607","A","251","257"],"lines":"107, 119, 125, 153, 319, 607, A, 251, 257"},"geometry":{"type":"LineString","coordinates":[[16.978234,51.093202],[16.97788,51.092419],[16.977875,51.092409],[16.97787,51.092403],[16.977866,51.092402],[16.977862,51.092404],[16.977859,51.09241],[16.977856,51.09242],[16.977759,51.092841],[16.978315,51.093904],[16.978547,51.094187]]}},{"type":"Feature","properties":{"mode":"bus","n":10,"arr":["107","119","125","153","319","607","967","A","251","257"],"lines":"107, 119, 125, 153, 319, 607, 967, A, 251, 257"},"geometry":{"type":"LineString","coordinates":[[16.979842,51.094441],[16.979137,51.094263],[16.978837,51.094103],[16.978571,51.093838],[16.978234,51.093202]]}},{"type":"Feature","properties":{"mode":"bus","n":10,"arr":["107","119","125","153","319","607","967","A","251","257"],"lines":"107, 119, 125, 153, 319, 607, 967, A, 251, 257"},"geometry":{"type":"LineString","coordinates":[[16.978547,51.094187],[16.978961,51.094451]]}},{"type":"Feature","properties":{"mode":"bus","n":11,"arr":["107","119","124","126","134","153","319","607","967","246","251"],"lines":"107, 119, 124, 126, 134, 153, 319, 607, 967, 246, 251"},"geometry":{"type":"LineString","coordinates":[[16.980181,51.0945],[16.979842,51.094441]]}},{"type":"Feature","properties":{"mode":"bus","n":12,"arr":["107","119","125","136","152","153","319","607","967","A","241","257"],"lines":"107, 119, 125, 136, 152, 153, 319, 607, 967, A, 241, 257"},"geometry":{"type":"LineString","coordinates":[[16.980181,51.0945],[16.979953,51.094703]]}},{"type":"Feature","properties":{"mode":"bus","n":10,"arr":["107","119","125","152","319","967","A","241","251","257"],"lines":"107, 119, 125, 152, 319, 967, A, 241, 251, 257"},"geometry":{"type":"LineString","coordinates":[[16.979953,51.094703],[16.979632,51.094641]]}},{"type":"Feature","properties":{"mode":"bus","n":12,"arr":["107","119","125","152","153","319","607","967","A","241","251","257"],"lines":"107, 119, 125, 152, 153, 319, 607, 967, A, 241, 251, 257"},"geometry":{"type":"LineString","coordinates":[[16.978961,51.094451],[16.979221,51.094552],[16.979632,51.094641]]}},{"type":"Feature","properties":{"mode":"bus","n":6,"arr":["107","119","152","319","967","241"],"lines":"107, 119, 152, 319, 967, 241"},"geometry":{"type":"LineString","coordinates":[[16.947706,51.096448],[16.947996,51.096538],[16.948048,51.096577],[16.948335,51.096867],[16.948642,51.097257],[16.948662,51.097274],[16.948689,51.097283],[16.948724,51.097283],[16.961683,51.095965],[16.965163,51.095658],[16.966971,51.095356],[16.967382,51.095268],[16.967682,51.09517],[16.968569,51.094808],[16.968872,51.094753],[16.969128,51.094763],[16.970545,51.095061],[16.97153,51.095305],[16.972148,51.095502],[16.97218,51.095508],[16.972208,51.095503],[16.972232,51.095489],[16.97245,51.095298],[16.978397,51.094452],[16.978961,51.094451]]}},{"type":"Feature","properties":{"mode":"bus","n":6,"arr":["107","119","122","152","319","241"],"lines":"107, 119, 122, 152, 319, 241"},"geometry":{"type":"LineString","coordinates":[[16.94103,51.099137],[16.941111,51.099358]]}},{"type":"Feature","properties":{"mode":"bus","n":7,"arr":["107","119","132","152","319","927","241"],"lines":"107, 119, 132, 152, 319, 927, 241"},"geometry":{"type":"LineString","coordinates":[[16.942646,51.101117],[16.942712,51.101091]]}},{"type":"Feature","properties":{"mode":"bus","n":10,"arr":["107","122","126","142","148","149","152","927","241","246"],"lines":"107, 122, 126, 142, 148, 149, 152, 927, 241, 246"},"geometry":{"type":"LineString","coordinates":[[16.960191,51.112216],[16.960101,51.112295]]}},{"type":"Feature","properties":{"mode":"bus","n":10,"arr":["107","122","126","142","148","149","152","927","241","246"],"lines":"107, 122, 126, 142, 148, 149, 152, 927, 241, 246"},"geometry":{"type":"LineString","coordinates":[[16.959844,51.112536],[16.959616,51.112786]]}},{"type":"Feature","properties":{"mode":"bus","n":11,"arr":["107","122","126","142","148","149","152","909","927","241","246"],"lines":"107, 122, 126, 142, 148, 149, 152, 909, 927, 241, 246"},"geometry":{"type":"LineString","coordinates":[[16.960101,51.112295],[16.960054,51.112387],[16.959908,51.112468],[16.959844,51.112536]]}},{"type":"Feature","properties":{"mode":"bus","n":11,"arr":["107","122","126","142","148","149","152","909","927","241","246"],"lines":"107, 122, 126, 142, 148, 149, 152, 909, 927, 241, 246"},"geometry":{"type":"LineString","coordinates":[[16.959616,51.112786],[16.958629,51.113819],[16.958296,51.114207],[16.958174,51.114595],[16.958346,51.115457],[16.958615,51.116411],[16.958707,51.117875]]}},{"type":"Feature","properties":{"mode":"bus","n":8,"arr":["107","128","142","148","149","909","927","241"],"lines":"107, 128, 142, 148, 149, 909, 927, 241"},"geometry":{"type":"LineString","coordinates":[[16.958707,51.117875],[16.958638,51.117919],[16.958473,51.117957],[16.958034,51.11797],[16.957693,51.118012],[16.956123,51.118332],[16.952961,51.118869]]}},{"type":"Feature","properties":{"mode":"bus","n":6,"arr":["107","142","148","149","909","249"],"lines":"107, 142, 148, 149, 909, 249"},"geometry":{"type":"LineString","coordinates":[[16.952961,51.118869],[16.953209,51.119747],[16.953208,51.119767],[16.953193,51.119782],[16.953164,51.119792],[16.948746,51.120577],[16.946812,51.120849],[16.946136,51.120964]]}},{"type":"Feature","properties":{"mode":"bus","n":6,"arr":["107","129","142","148","909","249"],"lines":"107, 129, 142, 148, 909, 249"},"geometry":{"type":"LineString","coordinates":[[16.946136,51.120964],[16.941927,51.121647],[16.936316,51.122201],[16.935461,51.122255],[16.933344,51.122338],[16.930396,51.122546],[16.928658,51.122551],[16.925558,51.122955],[16.925323,51.123003],[16.923596,51.12348],[16.923076,51.123562],[16.922569,51.123566],[16.920599,51.12342],[16.92031,51.123416],[16.919205,51.123466],[16.917234,51.12365],[16.916331,51.123879],[16.915034,51.12437],[16.914916,51.124433],[16.914822,51.124562],[16.914425,51.125507],[16.914416,51.125521],[16.914403,51.125527],[16.914387,51.125527],[16.914367,51.125518],[16.914146,51.125398],[16.913975,51.125356],[16.898486,51.127917],[16.898184,51.127932],[16.897948,51.127908],[16.897785,51.127884],[16.897433,51.127785]]}},{"type":"Feature","properties":{"mode":"bus","n":8,"arr":["107","122","142","148","149","152","927","246"],"lines":"107, 122, 142, 148, 149, 152, 927, 246"},"geometry":{"type":"LineString","coordinates":[[16.959908,51.112468],[16.959964,51.112357],[16.960101,51.112295]]}},{"type":"Feature","properties":{"mode":"bus","n":7,"arr":["107","126","153","933","D","248","251"],"lines":"107, 126, 153, 933, D, 248, 251"},"geometry":{"type":"LineString","coordinates":[[17.003041,51.073468],[17.004607,51.074547],[17.005011,51.074745],[17.005808,51.075073],[17.006046,51.075144],[17.00628,51.075165]]}},{"type":"Feature","properties":{"mode":"bus","n":9,"arr":["107","112","126","602","612","913","933","247","249"],"lines":"107, 112, 126, 602, 612, 913, 933, 247, 249"},"geometry":{"type":"LineString","coordinates":[[17.006298,51.075024],[17.00628,51.075165]]}},{"type":"Feature","properties":{"mode":"bus","n":5,"arr":["107","112","126","602","247"],"lines":"107, 112, 126, 602, 247"},"geometry":{"type":"LineString","coordinates":[[17.006313,51.074976],[17.006298,51.075024]]}},{"type":"Feature","properties":{"mode":"bus","n":6,"arr":["107","112","126","602","247","249"],"lines":"107, 112, 126, 602, 247, 249"},"geometry":{"type":"LineString","coordinates":[[17.006355,51.074829],[17.006313,51.074976]]}},{"type":"Feature","properties":{"mode":"bus","n":9,"arr":["108","129","130","144","908","930","K","247","248"],"lines":"108, 129, 130, 144, 908, 930, K, 247, 248"},"geometry":{"type":"LineString","coordinates":[[17.032599,51.140193],[17.03271,51.139871],[17.032999,51.139376],[17.033359,51.138982],[17.033548,51.138818],[17.033771,51.138644],[17.034258,51.138346],[17.035286,51.137817],[17.035512,51.137672],[17.035905,51.137362],[17.036154,51.137111],[17.036365,51.136784],[17.036599,51.136061]]}},{"type":"Feature","properties":{"mode":"bus","n":10,"arr":["108","129","130","144","908","930","K","244","247","248"],"lines":"108, 129, 130, 144, 908, 930, K, 244, 247, 248"},"geometry":{"type":"LineString","coordinates":[[17.036599,51.136061],[17.036635,51.13585]]}},{"type":"Feature","properties":{"mode":"bus","n":9,"arr":["108","111","132","144","908","930","244","247","248"],"lines":"108, 111, 132, 144, 908, 930, 244, 247, 248"},"geometry":{"type":"LineString","coordinates":[[17.037042,51.130087],[17.037272,51.131049],[17.037268,51.131242],[17.036107,51.133361],[17.036015,51.133552],[17.035991,51.13368],[17.03604,51.133852],[17.036511,51.134599],[17.036644,51.134877],[17.036677,51.135181],[17.036635,51.13585]]}},{"type":"Feature","properties":{"mode":"bus","n":9,"arr":["108","111","132","144","908","930","244","247","248"],"lines":"108, 111, 132, 144, 908, 930, 244, 247, 248"},"geometry":{"type":"LineString","coordinates":[[17.037168,51.13061],[17.03692,51.130616],[17.033039,51.130051],[17.033007,51.130043],[17.032987,51.130028],[17.032978,51.130007],[17.032534,51.126828],[17.032535,51.126812],[17.032545,51.1268],[17.032561,51.126793],[17.032586,51.126789],[17.036157,51.12662]]}},{"type":"Feature","properties":{"mode":"bus","n":6,"arr":["108","132","144","908","247","248"],"lines":"108, 132, 144, 908, 247, 248"},"geometry":{"type":"LineString","coordinates":[[17.032529,51.126792],[17.027732,51.127011]]}},{"type":"Feature","properties":{"mode":"bus","n":6,"arr":["108","132","144","908","247","248"],"lines":"108, 132, 144, 908, 247, 248"},"geometry":{"type":"LineString","coordinates":[[17.036157,51.12662],[17.037042,51.130087]]}},{"type":"Feature","properties":{"mode":"bus","n":5,"arr":["108","144","908","247","248"],"lines":"108, 144, 908, 247, 248"},"geometry":{"type":"LineString","coordinates":[[17.034351,51.124278],[17.033757,51.124573],[17.033436,51.124685],[17.033112,51.124761],[17.028457,51.125468],[17.028302,51.125466]]}},{"type":"Feature","properties":{"mode":"bus","n":6,"arr":["110","145","148","310","N","255"],"lines":"110, 145, 148, 310, N, 255"},"geometry":{"type":"LineString","coordinates":[[17.057619,51.053723],[17.057442,51.053684],[17.05718,51.053684],[17.057047,51.053717]]}},{"type":"Feature","properties":{"mode":"bus","n":6,"arr":["110","145","148","310","N","255"],"lines":"110, 145, 148, 310, N, 255"},"geometry":{"type":"LineString","coordinates":[[17.057213,51.053328],[17.05746,51.053308],[17.0575,51.05331],[17.057535,51.053323],[17.057595,51.053357],[17.057634,51.05344],[17.057619,51.053723],[17.057221,51.055537],[17.057014,51.056308],[17.056837,51.056795],[17.056381,51.057924],[17.055937,51.059143],[17.055118,51.061102],[17.054892,51.06175],[17.054861,51.061963],[17.054872,51.062504],[17.055168,51.063821],[17.055179,51.064291],[17.055104,51.064832],[17.054567,51.06631],[17.053951,51.068531],[17.053817,51.068838],[17.053323,51.069742],[17.053265,51.069913],[17.053286,51.070028],[17.05346,51.070309],[17.053486,51.070472],[17.052923,51.07174],[17.052843,51.072165],[17.052803,51.073765],[17.052771,51.074011],[17.052642,51.074413],[17.052294,51.075148],[17.052222,51.07583],[17.051921,51.076603]]}},{"type":"Feature","properties":{"mode":"bus","n":5,"arr":["110","145","148","310","255"],"lines":"110, 145, 148, 310, 255"},"geometry":{"type":"LineString","coordinates":[[17.056982,51.053444],[17.057111,51.053466],[17.057136,51.053468],[17.057155,51.053465],[17.057169,51.053456],[17.057177,51.053441],[17.057213,51.053328]]}},{"type":"Feature","properties":{"mode":"bus","n":6,"arr":["110","145","146","148","310","N"],"lines":"110, 145, 146, 148, 310, N"},"geometry":{"type":"LineString","coordinates":[[17.051873,51.076709],[17.051921,51.076603]]}},{"type":"Feature","properties":{"mode":"bus","n":5,"arr":["110","146","148","310","N"],"lines":"110, 146, 148, 310, N"},"geometry":{"type":"LineString","coordinates":[[17.050293,51.080502],[17.050905,51.078906],[17.051873,51.076709]]}},{"type":"Feature","properties":{"mode":"bus","n":9,"arr":["110","124","125","134","146","148","N","240","245"],"lines":"110, 124, 125, 134, 146, 148, N, 240, 245"},"geometry":{"type":"LineString","coordinates":[[17.049361,51.082898],[17.049322,51.083116]]}},{"type":"Feature","properties":{"mode":"bus","n":7,"arr":["110","124","125","134","148","N","245"],"lines":"110, 124, 125, 134, 148, N, 245"},"geometry":{"type":"LineString","coordinates":[[17.049322,51.083116],[17.048874,51.084325]]}},{"type":"Feature","properties":{"mode":"bus","n":8,"arr":["110","124","125","134","148","N","240","245"],"lines":"110, 124, 125, 134, 148, N, 240, 245"},"geometry":{"type":"LineString","coordinates":[[17.048874,51.084325],[17.048756,51.084608],[17.048576,51.084845],[17.047933,51.085307],[17.047488,51.085538]]}},{"type":"Feature","properties":{"mode":"bus","n":6,"arr":["110","125","148","N","240","245"],"lines":"110, 125, 148, N, 240, 245"},"geometry":{"type":"LineString","coordinates":[[17.047488,51.085538],[17.047238,51.08566],[17.047026,51.085843],[17.046971,51.085932],[17.044079,51.091143]]}},{"type":"Feature","properties":{"mode":"bus","n":14,"arr":["110","112","113","145","146","612","K","206","242","247","251","253","255","259"],"lines":"110, 112, 113, 145, 146, 612, K, 206, 242, 247, 251, 253, 255, 259"},"geometry":{"type":"LineString","coordinates":[[17.033244,51.094143],[17.033229,51.094213]]}},{"type":"Feature","properties":{"mode":"bus","n":12,"arr":["110","112","113","145","146","612","K","206","251","253","255","259"],"lines":"110, 112, 113, 145, 146, 612, K, 206, 251, 253, 255, 259"},"geometry":{"type":"LineString","coordinates":[[17.033229,51.094213],[17.032874,51.094974]]}},{"type":"Feature","properties":{"mode":"bus","n":21,"arr":["110","112","113","145","146","612","K","240","241","242","243","244","245","246","247","248","251","253","255","257","259"],"lines":"110, 112, 113, 145, 146, 612, K, 240, 241, 242, 243, 244, 245, 246, 247, 248, 251, 253, 255, 257, 259"},"geometry":{"type":"LineString","coordinates":[[17.032874,51.094974],[17.03286,51.095118]]}},{"type":"Feature","properties":{"mode":"bus","n":22,"arr":["110","112","113","145","146","602","612","K","241","242","243","244","245","246","247","248","249","251","253","255","257","259"],"lines":"110, 112, 113, 145, 146, 602, 612, K, 241, 242, 243, 244, 245, 246, 247, 248, 249, 251, 253, 255, 257, 259"},"geometry":{"type":"LineString","coordinates":[[17.03286,51.095118],[17.032834,51.09662],[17.032894,51.097004],[17.032924,51.097761]]}},{"type":"Feature","properties":{"mode":"bus","n":23,"arr":["110","112","113","145","146","602","K","N","206","241","242","243","244","245","246","247","248","249","251","253","255","257","259"],"lines":"110, 112, 113, 145, 146, 602, K, N, 206, 241, 242, 243, 244, 245, 246, 247, 248, 249, 251, 253, 255, 257, 259"},"geometry":{"type":"LineString","coordinates":[[17.032924,51.097761],[17.033525,51.099066],[17.033633,51.099236],[17.033751,51.099295],[17.033905,51.099313],[17.034715,51.099223],[17.034918,51.099244],[17.03507,51.099312],[17.035716,51.09972],[17.035831,51.099824],[17.035867,51.099909]]}},{"type":"Feature","properties":{"mode":"bus","n":18,"arr":["110","112","113","145","146","602","K","N","241","242","243","244","245","246","251","253","255","259"],"lines":"110, 112, 113, 145, 146, 602, K, N, 241, 242, 243, 244, 245, 246, 251, 253, 255, 259"},"geometry":{"type":"LineString","coordinates":[[17.035867,51.099909],[17.036146,51.100564],[17.036289,51.101187],[17.036588,51.101951]]}},{"type":"Feature","properties":{"mode":"bus","n":14,"arr":["110","112","113","K","241","242","243","244","245","246","251","253","255","259"],"lines":"110, 112, 113, K, 241, 242, 243, 244, 245, 246, 251, 253, 255, 259"},"geometry":{"type":"LineString","coordinates":[[17.037338,51.103964],[17.037176,51.103581],[17.036994,51.102979],[17.036588,51.101951]]}},{"type":"Feature","properties":{"mode":"bus","n":13,"arr":["110","112","113","241","242","243","244","245","246","251","253","255","259"],"lines":"110, 112, 113, 241, 242, 243, 244, 245, 246, 251, 253, 255, 259"},"geometry":{"type":"LineString","coordinates":[[17.037338,51.103964],[17.037923,51.105399]]}},{"type":"Feature","properties":{"mode":"bus","n":9,"arr":["110","112","113","241","243","245","246","253","255"],"lines":"110, 112, 113, 241, 243, 245, 246, 253, 255"},"geometry":{"type":"LineString","coordinates":[[17.037923,51.105399],[17.037972,51.105278]]}},{"type":"Feature","properties":{"mode":"bus","n":14,"arr":["110","112","113","114","120","602","K","N","241","243","245","246","253","255"],"lines":"110, 112, 113, 114, 120, 602, K, N, 241, 243, 245, 246, 253, 255"},"geometry":{"type":"LineString","coordinates":[[17.038763,51.107575],[17.038572,51.106822],[17.037972,51.105278]]}},{"type":"Feature","properties":{"mode":"bus","n":5,"arr":["110","112","113","114","120"],"lines":"110, 112, 113, 114, 120"},"geometry":{"type":"LineString","coordinates":[[17.038862,51.107938],[17.038763,51.107575]]}},{"type":"Feature","properties":{"mode":"bus","n":6,"arr":["110","112","113","114","120","920"],"lines":"110, 112, 113, 114, 120, 920"},"geometry":{"type":"LineString","coordinates":[[17.038928,51.10821],[17.038862,51.107938]]}},{"type":"Feature","properties":{"mode":"bus","n":6,"arr":["110","112","113","114","120","920"],"lines":"110, 112, 113, 114, 120, 920"},"geometry":{"type":"LineString","coordinates":[[17.041522,51.10907],[17.041421,51.109087],[17.040678,51.109056]]}},{"type":"Feature","properties":{"mode":"bus","n":6,"arr":["110","112","113","114","120","920"],"lines":"110, 112, 113, 114, 120, 920"},"geometry":{"type":"LineString","coordinates":[[17.042096,51.107847],[17.043223,51.10847],[17.043251,51.108664],[17.043175,51.108752],[17.043072,51.108806],[17.042666,51.10888]]}},{"type":"Feature","properties":{"mode":"bus","n":8,"arr":["110","112","113","114","120","914","920","924"],"lines":"110, 112, 113, 114, 120, 914, 920, 924"},"geometry":{"type":"LineString","coordinates":[[17.040678,51.109056],[17.04038,51.109027],[17.039547,51.109005],[17.03906,51.109036],[17.03891,51.108996],[17.038792,51.108904],[17.038755,51.108761],[17.038915,51.108377],[17.038928,51.10821]]}},{"type":"Feature","properties":{"mode":"bus","n":5,"arr":["112","113","114","120","920"],"lines":"112, 113, 114, 120, 920"},"geometry":{"type":"LineString","coordinates":[[17.042666,51.10888],[17.041861,51.109016]]}},{"type":"Feature","properties":{"mode":"bus","n":13,"arr":["110","112","113","914","920","924","D","N","241","243","246","253","255"],"lines":"110, 112, 113, 914, 920, 924, D, N, 241, 243, 246, 253, 255"},"geometry":{"type":"LineString","coordinates":[[17.039219,51.107915],[17.040304,51.1078],[17.041417,51.107628]]}},{"type":"Feature","properties":{"mode":"bus","n":10,"arr":["110","112","113","D","N","241","243","246","253","255"],"lines":"110, 112, 113, D, N, 241, 243, 246, 253, 255"},"geometry":{"type":"LineString","coordinates":[[17.038655,51.107725],[17.038848,51.107819],[17.039219,51.107915]]}},{"type":"Feature","properties":{"mode":"bus","n":14,"arr":["110","112","113","D","N","241","242","243","244","246","251","253","255","259"],"lines":"110, 112, 113, D, N, 241, 242, 243, 244, 246, 251, 253, 255, 259"},"geometry":{"type":"LineString","coordinates":[[17.038513,51.107593],[17.038655,51.107725]]}},{"type":"Feature","properties":{"mode":"bus","n":16,"arr":["110","112","113","D","K","N","241","242","243","244","245","246","251","253","255","259"],"lines":"110, 112, 113, D, K, N, 241, 242, 243, 244, 245, 246, 251, 253, 255, 259"},"geometry":{"type":"LineString","coordinates":[[17.037231,51.103994],[17.037554,51.104835],[17.037771,51.105274],[17.038365,51.106826],[17.038417,51.106982],[17.038513,51.107593]]}},{"type":"Feature","properties":{"mode":"bus","n":20,"arr":["110","112","113","145","146","K","241","242","243","244","245","246","247","248","249","251","253","255","257","259"],"lines":"110, 112, 113, 145, 146, K, 241, 242, 243, 244, 245, 246, 247, 248, 249, 251, 253, 255, 257, 259"},"geometry":{"type":"LineString","coordinates":[[17.03901,51.099492],[17.038858,51.099407],[17.038744,51.099303]]}},{"type":"Feature","properties":{"mode":"bus","n":14,"arr":["110","112","113","145","146","240","242","243","247","249","251","253","255","259"],"lines":"110, 112, 113, 145, 146, 240, 242, 243, 247, 249, 251, 253, 255, 259"},"geometry":{"type":"LineString","coordinates":[[17.038744,51.099303],[17.038594,51.099394],[17.038439,51.099427],[17.03795,51.099435]]}},{"type":"Feature","properties":{"mode":"bus","n":21,"arr":["110","112","113","145","146","K","240","241","242","243","244","245","246","247","248","249","251","253","255","257","259"],"lines":"110, 112, 113, 145, 146, K, 240, 241, 242, 243, 244, 245, 246, 247, 248, 249, 251, 253, 255, 257, 259"},"geometry":{"type":"LineString","coordinates":[[17.03795,51.099435],[17.037125,51.099615],[17.036967,51.099701],[17.035867,51.099909]]}},{"type":"Feature","properties":{"mode":"bus","n":21,"arr":["110","112","113","145","146","K","240","241","242","243","244","245","246","247","248","249","251","253","255","257","259"],"lines":"110, 112, 113, 145, 146, K, 240, 241, 242, 243, 244, 245, 246, 247, 248, 249, 251, 253, 255, 257, 259"},"geometry":{"type":"LineString","coordinates":[[17.029872,51.098528],[17.030692,51.099587],[17.031385,51.100852]]}},{"type":"Feature","properties":{"mode":"bus","n":21,"arr":["110","112","113","145","146","K","240","241","242","243","244","245","246","247","248","249","251","253","255","257","259"],"lines":"110, 112, 113, 145, 146, K, 240, 241, 242, 243, 244, 245, 246, 247, 248, 249, 251, 253, 255, 257, 259"},"geometry":{"type":"LineString","coordinates":[[17.032233,51.097891],[17.032371,51.097792],[17.032459,51.09767]]}},{"type":"Feature","properties":{"mode":"bus","n":22,"arr":["110","112","113","145","146","K","206","240","241","242","243","244","245","246","247","248","249","251","253","255","257","259"],"lines":"110, 112, 113, 145, 146, K, 206, 240, 241, 242, 243, 244, 245, 246, 247, 248, 249, 251, 253, 255, 257, 259"},"geometry":{"type":"LineString","coordinates":[[17.031385,51.100852],[17.034446,51.100217],[17.035013,51.10016],[17.035663,51.100017],[17.035867,51.099909]]}},{"type":"Feature","properties":{"mode":"bus","n":22,"arr":["110","112","113","125","145","146","K","240","241","242","243","244","245","246","247","248","249","251","253","255","257","259"],"lines":"110, 112, 113, 125, 145, 146, K, 240, 241, 242, 243, 244, 245, 246, 247, 248, 249, 251, 253, 255, 257, 259"},"geometry":{"type":"LineString","coordinates":[[17.029816,51.098438],[17.029872,51.098528]]}},{"type":"Feature","properties":{"mode":"bus","n":26,"arr":["110","112","113","122","125","145","146","148","K","N","240","241","242","243","244","245","246","247","248","249","250","251","253","255","257","259"],"lines":"110, 112, 113, 122, 125, 145, 146, 148, K, N, 240, 241, 242, 243, 244, 245, 246, 247, 248, 249, 250, 251, 253, 255, 257, 259"},"geometry":{"type":"LineString","coordinates":[[17.029816,51.098438],[17.030336,51.098306],[17.030534,51.09829],[17.031034,51.098187],[17.032233,51.097891]]}},{"type":"Feature","properties":{"mode":"bus","n":22,"arr":["110","112","113","145","146","612","K","240","241","242","243","244","245","246","247","248","249","251","253","255","257","259"],"lines":"110, 112, 113, 145, 146, 612, K, 240, 241, 242, 243, 244, 245, 246, 247, 248, 249, 251, 253, 255, 257, 259"},"geometry":{"type":"LineString","coordinates":[[17.032459,51.09767],[17.032044,51.096952],[17.030979,51.09494],[17.030965,51.09483],[17.030999,51.09473]]}},{"type":"Feature","properties":{"mode":"bus","n":16,"arr":["110","602","K","241","242","243","244","245","246","247","248","249","251","253","257","259"],"lines":"110, 602, K, 241, 242, 243, 244, 245, 246, 247, 248, 249, 251, 253, 257, 259"},"geometry":{"type":"LineString","coordinates":[[17.030999,51.09473],[17.030902,51.094677]]}},{"type":"Feature","properties":{"mode":"bus","n":13,"arr":["602","241","242","243","244","245","246","247","248","249","251","257","259"],"lines":"602, 241, 242, 243, 244, 245, 246, 247, 248, 249, 251, 257, 259"},"geometry":{"type":"LineString","coordinates":[[17.030902,51.094677],[17.030757,51.094542],[17.030702,51.094435]]}},{"type":"Feature","properties":{"mode":"bus","n":9,"arr":["602","241","245","246","247","248","251","257","259"],"lines":"602, 241, 245, 246, 247, 248, 251, 257, 259"},"geometry":{"type":"LineString","coordinates":[[17.030702,51.094435],[17.030428,51.093849]]}},{"type":"Feature","properties":{"mode":"bus","n":21,"arr":["110","112","113","145","146","612","K","241","242","243","244","245","246","247","248","249","251","253","255","257","259"],"lines":"110, 112, 113, 145, 146, 612, K, 241, 242, 243, 244, 245, 246, 247, 248, 249, 251, 253, 255, 257, 259"},"geometry":{"type":"LineString","coordinates":[[17.033244,51.094143],[17.031482,51.094552],[17.030999,51.09473]]}},{"type":"Feature","properties":{"mode":"bus","n":5,"arr":["124","125","134","240","245"],"lines":"124, 125, 134, 240, 245"},"geometry":{"type":"LineString","coordinates":[[17.049598,51.082891],[17.049361,51.082898]]}},{"type":"Feature","properties":{"mode":"bus","n":5,"arr":["124","125","134","240","245"],"lines":"124, 125, 134, 240, 245"},"geometry":{"type":"LineString","coordinates":[[17.049073,51.083118],[17.04875,51.083886],[17.048874,51.084325]]}},{"type":"Feature","properties":{"mode":"bus","n":5,"arr":["110","133","146","148","N"],"lines":"110, 133, 146, 148, N"},"geometry":{"type":"LineString","coordinates":[[17.051686,51.076706],[17.050281,51.079922],[17.049162,51.082902]]}},{"type":"Feature","properties":{"mode":"bus","n":5,"arr":["110","133","310","N","255"],"lines":"110, 133, 310, N, 255"},"geometry":{"type":"LineString","coordinates":[[17.051686,51.076706],[17.051729,51.076603]]}},{"type":"Feature","properties":{"mode":"bus","n":5,"arr":["111","130","150","D","241"],"lines":"111, 130, 150, D, 241"},"geometry":{"type":"LineString","coordinates":[[17.129222,51.154864],[17.129279,51.154952],[17.129032,51.155954],[17.129013,51.156163],[17.129082,51.15641],[17.129149,51.156506],[17.12954,51.156932],[17.129903,51.157221],[17.132167,51.15874]]}},{"type":"Feature","properties":{"mode":"bus","n":8,"arr":["111","128","130","151","928","931","D","241"],"lines":"111, 128, 130, 151, 928, 931, D, 241"},"geometry":{"type":"LineString","coordinates":[[17.120928,51.15699],[17.120821,51.156714],[17.12075,51.156619],[17.118339,51.153905],[17.117571,51.152986],[17.116932,51.152393],[17.11654,51.152107],[17.116049,51.151803]]}},{"type":"Feature","properties":{"mode":"bus","n":8,"arr":["111","128","130","147","151","928","D","241"],"lines":"111, 128, 130, 147, 151, 928, D, 241"},"geometry":{"type":"LineString","coordinates":[[17.114852,51.1477],[17.114874,51.147577],[17.114994,51.147326]]}},{"type":"Feature","properties":{"mode":"bus","n":12,"arr":["111","121","128","130","147","151","911","928","961","D","241","251"],"lines":"111, 121, 128, 130, 147, 151, 911, 928, 961, D, 241, 251"},"geometry":{"type":"LineString","coordinates":[[17.114994,51.147326],[17.114996,51.147283]]}},{"type":"Feature","properties":{"mode":"bus","n":16,"arr":["111","121","128","130","147","150","151","904","911","914","924","928","961","D","241","251"],"lines":"111, 121, 128, 130, 147, 150, 151, 904, 911, 914, 924, 928, 961, D, 241, 251"},"geometry":{"type":"LineString","coordinates":[[17.114996,51.147283],[17.114997,51.147278]]}},{"type":"Feature","properties":{"mode":"bus","n":19,"arr":["111","121","128","130","131","147","151","904","911","914","924","928","944","961","964","D","N","241","251"],"lines":"111, 121, 128, 130, 131, 147, 151, 904, 911, 914, 924, 928, 944, 961, 964, D, N, 241, 251"},"geometry":{"type":"LineString","coordinates":[[17.11496,51.147243],[17.114448,51.147121],[17.114095,51.146997],[17.113613,51.146742],[17.113006,51.146375]]}},{"type":"Feature","properties":{"mode":"bus","n":17,"arr":["111","121","128","130","131","151","904","911","914","924","928","961","964","D","N","241","251"],"lines":"111, 121, 128, 130, 131, 151, 904, 911, 914, 924, 928, 961, 964, D, N, 241, 251"},"geometry":{"type":"LineString","coordinates":[[17.113006,51.146375],[17.11278,51.146239],[17.112414,51.146073],[17.110601,51.145499],[17.110413,51.145478],[17.110254,51.145499],[17.109237,51.145737],[17.108968,51.145752],[17.108784,51.145705],[17.107874,51.145362],[17.107345,51.145195],[17.103485,51.144321],[17.101253,51.143849],[17.100543,51.143555],[17.099747,51.143342],[17.098092,51.142989],[17.093419,51.142131],[17.084923,51.140266]]}},{"type":"Feature","properties":{"mode":"bus","n":17,"arr":["111","121","128","130","131","151","904","911","914","924","928","961","964","D","N","241","251"],"lines":"111, 121, 128, 130, 131, 151, 904, 911, 914, 924, 928, 961, 964, D, N, 241, 251"},"geometry":{"type":"LineString","coordinates":[[17.101155,51.143985],[17.100826,51.14383],[17.100399,51.143669],[17.099676,51.143473],[17.094722,51.14241],[17.093915,51.142244],[17.093394,51.142205],[17.093099,51.142154],[17.090592,51.141603]]}},{"type":"Feature","properties":{"mode":"bus","n":17,"arr":["111","121","128","130","131","151","904","911","914","924","928","961","964","D","N","241","251"],"lines":"111, 121, 128, 130, 131, 151, 904, 911, 914, 924, 928, 961, 964, D, N, 241, 251"},"geometry":{"type":"LineString","coordinates":[[17.104531,51.144558],[17.104423,51.144623],[17.104104,51.144739],[17.102303,51.145162],[17.102074,51.145193],[17.101812,51.145181],[17.101505,51.145078],[17.101313,51.14492],[17.101236,51.144767],[17.10121,51.144264],[17.101051,51.144058],[17.100618,51.143831],[17.099711,51.143481]]}},{"type":"Feature","properties":{"mode":"bus","n":17,"arr":["111","121","128","130","131","151","904","911","914","924","928","961","964","D","N","241","251"],"lines":"111, 121, 128, 130, 131, 151, 904, 911, 914, 924, 928, 961, 964, D, N, 241, 251"},"geometry":{"type":"LineString","coordinates":[[17.101253,51.143849],[17.101671,51.144081]]}},{"type":"Feature","properties":{"mode":"bus","n":19,"arr":["111","118","121","128","130","131","151","904","911","914","924","928","961","964","D","N","241","242","251"],"lines":"111, 118, 121, 128, 130, 131, 151, 904, 911, 914, 924, 928, 961, 964, D, N, 241, 242, 251"},"geometry":{"type":"LineString","coordinates":[[17.090592,51.141603],[17.090254,51.141621],[17.089945,51.141585],[17.089486,51.14146],[17.088051,51.141144],[17.087838,51.141144],[17.087117,51.140993],[17.086498,51.140806],[17.085604,51.140605],[17.084923,51.140266],[17.083798,51.14],[17.082199,51.139678],[17.082169,51.139668],[17.082152,51.139652],[17.082149,51.139631],[17.082164,51.139511]]}},{"type":"Feature","properties":{"mode":"bus","n":9,"arr":["111","118","121","131","151","911","961","D","241"],"lines":"111, 118, 121, 131, 151, 911, 961, D, 241"},"geometry":{"type":"LineString","coordinates":[[17.082164,51.139511],[17.08218,51.139339],[17.081877,51.138929],[17.081556,51.138198],[17.079084,51.131663]]}},{"type":"Feature","properties":{"mode":"bus","n":9,"arr":["111","118","121","131","151","911","961","D","241"],"lines":"111, 118, 121, 131, 151, 911, 961, D, 241"},"geometry":{"type":"LineString","coordinates":[[17.081768,51.138669],[17.082057,51.138991],[17.082224,51.139127],[17.082714,51.139438],[17.083217,51.139644],[17.083906,51.139847]]}},{"type":"Feature","properties":{"mode":"bus","n":10,"arr":["111","116","118","121","131","151","911","961","D","241"],"lines":"111, 116, 118, 121, 131, 151, 911, 961, D, 241"},"geometry":{"type":"LineString","coordinates":[[17.079084,51.131663],[17.078876,51.131635]]}},{"type":"Feature","properties":{"mode":"bus","n":9,"arr":["111","116","121","131","151","911","961","D","241"],"lines":"111, 116, 121, 131, 151, 911, 961, D, 241"},"geometry":{"type":"LineString","coordinates":[[17.077487,51.120165],[17.077794,51.121016],[17.077859,51.121315],[17.078294,51.126184],[17.078526,51.128228],[17.078608,51.130062],[17.078603,51.130082],[17.078584,51.130095],[17.078553,51.1301],[17.078483,51.130101],[17.078458,51.130104],[17.078441,51.130112],[17.078432,51.130123],[17.07843,51.130139],[17.078461,51.130437],[17.078563,51.130864],[17.078876,51.131635]]}},{"type":"Feature","properties":{"mode":"bus","n":11,"arr":["111","116","121","131","151","345","911","961","D","241","259"],"lines":"111, 116, 121, 131, 151, 345, 911, 961, D, 241, 259"},"geometry":{"type":"LineString","coordinates":[[17.07401,51.115502],[17.074008,51.11604],[17.074157,51.116267],[17.074304,51.116348],[17.075717,51.117622],[17.076612,51.118508],[17.076865,51.118821],[17.07711,51.119215],[17.077487,51.120165]]}},{"type":"Feature","properties":{"mode":"bus","n":10,"arr":["111","116","121","131","151","911","961","D","241","259"],"lines":"111, 116, 121, 131, 151, 911, 961, D, 241, 259"},"geometry":{"type":"LineString","coordinates":[[17.064442,51.112709],[17.07099,51.114572],[17.071439,51.114672],[17.072969,51.11477],[17.073245,51.114875],[17.073924,51.115366],[17.073994,51.115476],[17.073998,51.115485],[17.073997,51.115492],[17.073992,51.115496],[17.073981,51.115498],[17.073966,51.115497],[17.073929,51.115494],[17.073904,51.115488],[17.073886,51.115477],[17.073877,51.115462],[17.073834,51.115314]]}},{"type":"Feature","properties":{"mode":"bus","n":8,"arr":["111","116","121","131","151","D","241","259"],"lines":"111, 116, 121, 131, 151, D, 241, 259"},"geometry":{"type":"LineString","coordinates":[[17.064384,51.112694],[17.064442,51.112709]]}},{"type":"Feature","properties":{"mode":"bus","n":10,"arr":["111","116","121","131","149","151","315","D","241","259"],"lines":"111, 116, 121, 131, 149, 151, 315, D, 241, 259"},"geometry":{"type":"LineString","coordinates":[[17.064384,51.112694],[17.063448,51.112426]]}},{"type":"Feature","properties":{"mode":"bus","n":9,"arr":["111","116","121","131","151","315","D","241","259"],"lines":"111, 116, 121, 131, 151, 315, D, 241, 259"},"geometry":{"type":"LineString","coordinates":[[17.062561,51.112174],[17.063448,51.112426]]}},{"type":"Feature","properties":{"mode":"bus","n":8,"arr":["111","121","131","151","315","D","241","259"],"lines":"111, 121, 131, 151, 315, D, 241, 259"},"geometry":{"type":"LineString","coordinates":[[17.062361,51.112118],[17.062561,51.112174]]}},{"type":"Feature","properties":{"mode":"bus","n":7,"arr":["111","121","131","151","D","241","259"],"lines":"111, 121, 131, 151, D, 241, 259"},"geometry":{"type":"LineString","coordinates":[[17.062303,51.112102],[17.062361,51.112118]]}},{"type":"Feature","properties":{"mode":"bus","n":9,"arr":["111","121","131","151","945","955","D","241","259"],"lines":"111, 121, 131, 151, 945, 955, D, 241, 259"},"geometry":{"type":"LineString","coordinates":[[17.061119,51.111849],[17.061765,51.111961],[17.062303,51.112102]]}},{"type":"Feature","properties":{"mode":"bus","n":11,"arr":["111","116","121","131","149","151","945","955","D","241","259"],"lines":"111, 116, 121, 131, 149, 151, 945, 955, D, 241, 259"},"geometry":{"type":"LineString","coordinates":[[17.060856,51.111798],[17.061119,51.111849]]}},{"type":"Feature","properties":{"mode":"bus","n":10,"arr":["111","115","121","131","151","315","D","241","253","255"],"lines":"111, 115, 121, 131, 151, 315, D, 241, 253, 255"},"geometry":{"type":"LineString","coordinates":[[17.059584,51.111447],[17.059781,51.11148],[17.060856,51.111798]]}},{"type":"Feature","properties":{"mode":"bus","n":9,"arr":["111","115","121","131","151","315","253","255","259"],"lines":"111, 115, 121, 131, 151, 315, 253, 255, 259"},"geometry":{"type":"LineString","coordinates":[[17.059584,51.111447],[17.059348,51.111495]]}},{"type":"Feature","properties":{"mode":"bus","n":8,"arr":["111","115","121","131","151","315","253","255"],"lines":"111, 115, 121, 131, 151, 315, 253, 255"},"geometry":{"type":"LineString","coordinates":[[17.059348,51.111495],[17.059121,51.111621],[17.057477,51.112163]]}},{"type":"Feature","properties":{"mode":"bus","n":9,"arr":["111","315","914","924","A","N","246","253","255"],"lines":"111, 315, 914, 924, A, N, 246, 253, 255"},"geometry":{"type":"LineString","coordinates":[[17.050503,51.113875],[17.050191,51.11386]]}},{"type":"Feature","properties":{"mode":"bus","n":7,"arr":["111","315","914","924","A","N","246"],"lines":"111, 315, 914, 924, A, N, 246"},"geometry":{"type":"LineString","coordinates":[[17.050191,51.11386],[17.050854,51.115284],[17.050979,51.115419],[17.051033,51.115538],[17.051209,51.116451],[17.051177,51.116552],[17.051094,51.116638]]}},{"type":"Feature","properties":{"mode":"bus","n":8,"arr":["111","128","315","914","924","A","N","246"],"lines":"111, 128, 315, 914, 924, A, N, 246"},"geometry":{"type":"LineString","coordinates":[[17.051094,51.116638],[17.051132,51.116833]]}},{"type":"Feature","properties":{"mode":"bus","n":6,"arr":["111","240","242","244","250","251"],"lines":"111, 240, 242, 244, 250, 251"},"geometry":{"type":"LineString","coordinates":[[17.045331,51.124868],[17.0452,51.124583],[17.04507,51.124391],[17.044833,51.124045],[17.044681,51.123955],[17.044658,51.123877]]}},{"type":"Feature","properties":{"mode":"bus","n":18,"arr":["111","121","128","130","131","151","904","911","914","924","928","961","964","D","N","241","242","251"],"lines":"111, 121, 128, 130, 131, 151, 904, 911, 914, 924, 928, 961, 964, D, N, 241, 242, 251"},"geometry":{"type":"LineString","coordinates":[[17.083906,51.139847],[17.082164,51.139511]]}},{"type":"Feature","properties":{"mode":"bus","n":12,"arr":["112","126","153","602","612","913","933","D","247","248","249","251"],"lines":"112, 126, 153, 602, 612, 913, 933, D, 247, 248, 249, 251"},"geometry":{"type":"LineString","coordinates":[[17.00628,51.075165],[17.006615,51.075175],[17.006841,51.075232],[17.007342,51.075252]]}},{"type":"Feature","properties":{"mode":"bus","n":5,"arr":["112","126","612","913","249"],"lines":"112, 126, 612, 913, 249"},"geometry":{"type":"LineString","coordinates":[[17.008246,51.074992],[17.008181,51.075055],[17.00802,51.075121],[17.007537,51.075244],[17.007439,51.075248]]}},{"type":"Feature","properties":{"mode":"bus","n":7,"arr":["112","126","612","913","D","248","249"],"lines":"112, 126, 612, 913, D, 248, 249"},"geometry":{"type":"LineString","coordinates":[[17.007439,51.075248],[17.007342,51.075252]]}},{"type":"Feature","properties":{"mode":"bus","n":6,"arr":["112","113","126","612","913","249"],"lines":"112, 113, 126, 612, 913, 249"},"geometry":{"type":"LineString","coordinates":[[17.008246,51.074992],[17.008764,51.074615],[17.009165,51.074221],[17.009713,51.073436],[17.010147,51.072948],[17.010511,51.07268],[17.010879,51.072498],[17.01129,51.072339],[17.011433,51.072207],[17.011511,51.072033]]}},{"type":"Feature","properties":{"mode":"bus","n":9,"arr":["112","113","126","127","144","612","913","249","259"],"lines":"112, 113, 126, 127, 144, 612, 913, 249, 259"},"geometry":{"type":"LineString","coordinates":[[17.010828,51.070781],[17.011511,51.072033]]}},{"type":"Feature","properties":{"mode":"bus","n":6,"arr":["112","126","127","144","913","259"],"lines":"112, 126, 127, 144, 913, 259"},"geometry":{"type":"LineString","coordinates":[[17.012398,51.069383],[17.012277,51.069555],[17.011311,51.070589],[17.011152,51.070678],[17.010828,51.070781]]}},{"type":"Feature","properties":{"mode":"bus","n":9,"arr":["112","113","136","143","145","612","K","249","255"],"lines":"112, 113, 136, 143, 145, 612, K, 249, 255"},"geometry":{"type":"LineString","coordinates":[[17.033588,51.077392],[17.034045,51.078754],[17.034348,51.080871],[17.034509,51.082487],[17.034619,51.083108]]}},{"type":"Feature","properties":{"mode":"bus","n":9,"arr":["112","113","136","143","145","612","K","249","255"],"lines":"112, 113, 136, 143, 145, 612, K, 249, 255"},"geometry":{"type":"LineString","coordinates":[[17.035057,51.083328],[17.034778,51.082267],[17.034711,51.081749],[17.034702,51.081729],[17.034681,51.081718],[17.034649,51.081716],[17.034432,51.081727]]}},{"type":"Feature","properties":{"mode":"bus","n":10,"arr":["112","113","133","143","145","146","612","K","249","255"],"lines":"112, 113, 133, 143, 145, 146, 612, K, 249, 255"},"geometry":{"type":"LineString","coordinates":[[17.035057,51.083328],[17.035229,51.084073],[17.035273,51.084459],[17.035321,51.085751],[17.035293,51.086322],[17.035073,51.086785],[17.034649,51.087934],[17.034445,51.088373]]}},{"type":"Feature","properties":{"mode":"bus","n":10,"arr":["112","113","133","143","145","146","612","K","249","255"],"lines":"112, 113, 133, 143, 145, 146, 612, K, 249, 255"},"geometry":{"type":"LineString","coordinates":[[17.034619,51.083108],[17.034923,51.084131],[17.035004,51.084585],[17.035064,51.085442],[17.035077,51.086236],[17.035084,51.086257],[17.035102,51.086274],[17.035132,51.086284],[17.035293,51.086322]]}},{"type":"Feature","properties":{"mode":"bus","n":12,"arr":["112","113","145","146","612","K","245","249","251","253","255","259"],"lines":"112, 113, 145, 146, 612, K, 245, 249, 251, 253, 255, 259"},"geometry":{"type":"LineString","coordinates":[[17.03376,51.091575],[17.033787,51.090867],[17.0339,51.089876],[17.03407,51.089208],[17.034445,51.088373]]}},{"type":"Feature","properties":{"mode":"bus","n":21,"arr":["112","113","145","146","612","K","206","241","242","243","244","245","246","247","248","249","251","253","255","257","259"],"lines":"112, 113, 145, 146, 612, K, 206, 241, 242, 243, 244, 245, 246, 247, 248, 249, 251, 253, 255, 257, 259"},"geometry":{"type":"LineString","coordinates":[[17.033244,51.094143],[17.033664,51.092616],[17.03376,51.091575]]}},{"type":"Feature","properties":{"mode":"bus","n":5,"arr":["113","127","144","249","259"],"lines":"113, 127, 144, 249, 259"},"geometry":{"type":"LineString","coordinates":[[17.007291,51.059385],[17.007451,51.059401],[17.007845,51.059391]]}},{"type":"Feature","properties":{"mode":"bus","n":5,"arr":["113","127","144","249","259"],"lines":"113, 127, 144, 249, 259"},"geometry":{"type":"LineString","coordinates":[[17.011439,51.058876],[17.007845,51.059391],[17.007312,51.05951]]}},{"type":"Feature","properties":{"mode":"bus","n":6,"arr":["113","126","127","612","249","259"],"lines":"113, 126, 127, 612, 249, 259"},"geometry":{"type":"LineString","coordinates":[[17.010774,51.070708],[17.010828,51.070781]]}},{"type":"Feature","properties":{"mode":"bus","n":10,"arr":["113","126","153","602","612","913","933","247","249","251"],"lines":"113, 126, 153, 602, 612, 913, 933, 247, 249, 251"},"geometry":{"type":"LineString","coordinates":[[17.007306,51.074251],[17.007342,51.074507],[17.00734,51.075123]]}},{"type":"Feature","properties":{"mode":"bus","n":9,"arr":["126","153","602","612","913","933","247","249","251"],"lines":"126, 153, 602, 612, 913, 933, 247, 249, 251"},"geometry":{"type":"LineString","coordinates":[[17.007288,51.074182],[17.007306,51.074251]]}},{"type":"Feature","properties":{"mode":"bus","n":7,"arr":["114","120","145","146","149","920","A"],"lines":"114, 120, 145, 146, 149, 920, A"},"geometry":{"type":"LineString","coordinates":[[17.041888,51.107548],[17.041763,51.107313]]}},{"type":"Feature","properties":{"mode":"bus","n":6,"arr":["114","120","145","146","149","A"],"lines":"114, 120, 145, 146, 149, A"},"geometry":{"type":"LineString","coordinates":[[17.040823,51.103602],[17.040989,51.103766],[17.041065,51.103968],[17.041763,51.107313]]}},{"type":"Feature","properties":{"mode":"bus","n":6,"arr":["114","120","145","146","149","A"],"lines":"114, 120, 145, 146, 149, A"},"geometry":{"type":"LineString","coordinates":[[17.039586,51.101322],[17.041809,51.100812]]}},{"type":"Feature","properties":{"mode":"bus","n":5,"arr":["114","120","602","K","N"],"lines":"114, 120, 602, K, N"},"geometry":{"type":"LineString","coordinates":[[17.037952,51.105228],[17.037456,51.10393]]}},{"type":"Feature","properties":{"mode":"bus","n":7,"arr":["114","120","602","K","N","241","245"],"lines":"114, 120, 602, K, N, 241, 245"},"geometry":{"type":"LineString","coordinates":[[17.037972,51.105278],[17.037952,51.105228]]}},{"type":"Feature","properties":{"mode":"bus","n":6,"arr":["115","118","941","945","955","259"],"lines":"115, 118, 941, 945, 955, 259"},"geometry":{"type":"LineString","coordinates":[[17.13527,51.113395],[17.135109,51.113431],[17.134933,51.113437],[17.133055,51.1132],[17.13269,51.113198],[17.132359,51.11324],[17.131932,51.113355],[17.131607,51.113516],[17.130779,51.114121],[17.13058,51.114316]]}},{"type":"Feature","properties":{"mode":"bus","n":6,"arr":["115","118","941","945","955","259"],"lines":"115, 118, 941, 945, 955, 259"},"geometry":{"type":"LineString","coordinates":[[17.130421,51.114566],[17.130042,51.114887],[17.12985,51.114997]]}},{"type":"Feature","properties":{"mode":"bus","n":7,"arr":["115","118","315","941","945","955","259"],"lines":"115, 118, 315, 941, 945, 955, 259"},"geometry":{"type":"LineString","coordinates":[[17.128755,51.115793],[17.128207,51.116087],[17.125698,51.117082],[17.125383,51.117237],[17.124978,51.117515],[17.124737,51.11773],[17.124663,51.11784],[17.124343,51.118066],[17.123874,51.118317],[17.12367,51.118376],[17.123445,51.11849],[17.122863,51.118859],[17.122381,51.119218],[17.122076,51.119523],[17.121611,51.120114],[17.121062,51.120963],[17.120319,51.121914]]}},{"type":"Feature","properties":{"mode":"bus","n":7,"arr":["115","118","315","941","945","955","259"],"lines":"115, 118, 315, 941, 945, 955, 259"},"geometry":{"type":"LineString","coordinates":[[17.119902,51.121836],[17.11618,51.120413],[17.11516,51.118671],[17.11492,51.118315],[17.113817,51.116755],[17.113477,51.116418],[17.112755,51.115373],[17.112742,51.11536],[17.112725,51.115352],[17.112704,51.115351],[17.11268,51.115355],[17.111967,51.115567],[17.111599,51.115614],[17.1114,51.115618],[17.111116,51.115572],[17.110717,51.11543]]}},{"type":"Feature","properties":{"mode":"bus","n":6,"arr":["115","118","315","945","955","259"],"lines":"115, 118, 315, 945, 955, 259"},"geometry":{"type":"LineString","coordinates":[[17.120319,51.121914],[17.120281,51.121976]]}},{"type":"Feature","properties":{"mode":"bus","n":8,"arr":["115","118","315","715","941","945","955","259"],"lines":"115, 118, 315, 715, 941, 945, 955, 259"},"geometry":{"type":"LineString","coordinates":[[17.11097,51.115277],[17.110758,51.115405],[17.110731,51.115416],[17.110703,51.115416],[17.110675,51.115406],[17.107517,51.113574],[17.107162,51.113425]]}},{"type":"Feature","properties":{"mode":"bus","n":10,"arr":["115","143","315","343","715","941","945","955","253","259"],"lines":"115, 143, 315, 343, 715, 941, 945, 955, 253, 259"},"geometry":{"type":"LineString","coordinates":[[17.107298,51.113267],[17.107263,51.113306]]}},{"type":"Feature","properties":{"mode":"bus","n":11,"arr":["115","118","143","315","343","715","941","945","955","253","259"],"lines":"115, 118, 143, 315, 343, 715, 941, 945, 955, 253, 259"},"geometry":{"type":"LineString","coordinates":[[17.107263,51.113306],[17.107162,51.113425]]}},{"type":"Feature","properties":{"mode":"bus","n":10,"arr":["115","118","143","343","715","941","945","955","253","259"],"lines":"115, 118, 143, 343, 715, 941, 945, 955, 253, 259"},"geometry":{"type":"LineString","coordinates":[[17.107162,51.113425],[17.106855,51.113373],[17.10662,51.113376],[17.103455,51.11376]]}},{"type":"Feature","properties":{"mode":"bus","n":11,"arr":["115","118","143","343","345","715","941","945","955","253","259"],"lines":"115, 118, 143, 343, 345, 715, 941, 945, 955, 253, 259"},"geometry":{"type":"LineString","coordinates":[[17.103455,51.11376],[17.103096,51.113803],[17.103064,51.113803],[17.103041,51.113794],[17.103027,51.113775],[17.102998,51.113697],[17.102989,51.113684],[17.10297,51.113676],[17.102928,51.113666],[17.102127,51.113804],[17.102081,51.113819],[17.102052,51.113847],[17.102031,51.113884],[17.102013,51.113903],[17.101988,51.113915],[17.101954,51.113919],[17.101713,51.113923],[17.092213,51.113631],[17.091817,51.113595],[17.09118,51.113469]]}},{"type":"Feature","properties":{"mode":"bus","n":9,"arr":["115","143","345","715","941","945","955","253","259"],"lines":"115, 143, 345, 715, 941, 945, 955, 253, 259"},"geometry":{"type":"LineString","coordinates":[[17.09118,51.113469],[17.091005,51.113472],[17.090637,51.113413]]}},{"type":"Feature","properties":{"mode":"bus","n":9,"arr":["115","143","345","715","941","945","955","253","259"],"lines":"115, 143, 345, 715, 941, 945, 955, 253, 259"},"geometry":{"type":"LineString","coordinates":[[17.091624,51.113557],[17.09158,51.113609]]}},{"type":"Feature","properties":{"mode":"bus","n":8,"arr":["115","145","146","315","945","955","253","255"],"lines":"115, 145, 146, 315, 945, 955, 253, 255"},"geometry":{"type":"LineString","coordinates":[[17.062875,51.110405],[17.068077,51.10869],[17.06909,51.108398],[17.069206,51.108314],[17.070501,51.108039]]}},{"type":"Feature","properties":{"mode":"bus","n":10,"arr":["115","116","145","146","149","315","945","955","253","255"],"lines":"115, 116, 145, 146, 149, 315, 945, 955, 253, 255"},"geometry":{"type":"LineString","coordinates":[[17.060966,51.111638],[17.061487,51.110934],[17.061574,51.110858],[17.061725,51.110779],[17.062875,51.110405]]}},{"type":"Feature","properties":{"mode":"bus","n":6,"arr":["115","146","149","315","253","255"],"lines":"115, 146, 149, 315, 253, 255"},"geometry":{"type":"LineString","coordinates":[[17.060828,51.111391],[17.060874,51.111412]]}},{"type":"Feature","properties":{"mode":"bus","n":7,"arr":["115","145","146","149","315","253","255"],"lines":"115, 145, 146, 149, 315, 253, 255"},"geometry":{"type":"LineString","coordinates":[[17.060874,51.111412],[17.060968,51.11145]]}},{"type":"Feature","properties":{"mode":"bus","n":8,"arr":["115","116","145","146","149","315","253","255"],"lines":"115, 116, 145, 146, 149, 315, 253, 255"},"geometry":{"type":"LineString","coordinates":[[17.060968,51.11145],[17.061076,51.111493]]}},{"type":"Feature","properties":{"mode":"bus","n":12,"arr":["115","116","149","315","945","955","240","241","250","253","255","259"],"lines":"115, 116, 149, 315, 945, 955, 240, 241, 250, 253, 255, 259"},"geometry":{"type":"LineString","coordinates":[[17.060856,51.111798],[17.060966,51.111638]]}},{"type":"Feature","properties":{"mode":"bus","n":10,"arr":["115","145","146","149","315","240","250","253","255","259"],"lines":"115, 145, 146, 149, 315, 240, 250, 253, 255, 259"},"geometry":{"type":"LineString","coordinates":[[17.060426,51.111496],[17.060966,51.111638]]}},{"type":"Feature","properties":{"mode":"bus","n":6,"arr":["115","315","941","945","955","259"],"lines":"115, 315, 941, 945, 955, 259"},"geometry":{"type":"LineString","coordinates":[[17.127783,51.114727],[17.127603,51.114711],[17.127285,51.114637],[17.124792,51.113869],[17.124134,51.113699],[17.123597,51.113593],[17.122808,51.113532],[17.120976,51.113485],[17.120203,51.113401],[17.119739,51.113387],[17.119207,51.113429],[17.118605,51.113558],[17.112732,51.11534]]}},{"type":"Feature","properties":{"mode":"bus","n":7,"arr":["115","315","715","941","945","955","259"],"lines":"115, 315, 715, 941, 945, 955, 259"},"geometry":{"type":"LineString","coordinates":[[17.127783,51.114727],[17.128082,51.114715]]}},{"type":"Feature","properties":{"mode":"bus","n":6,"arr":["115","715","941","945","955","259"],"lines":"115, 715, 941, 945, 955, 259"},"geometry":{"type":"LineString","coordinates":[[17.128082,51.114715],[17.129186,51.114632],[17.1297,51.114545]]}},{"type":"Feature","properties":{"mode":"bus","n":5,"arr":["115","941","945","955","259"],"lines":"115, 941, 945, 955, 259"},"geometry":{"type":"LineString","coordinates":[[17.1297,51.114545],[17.130143,51.114404]]}},{"type":"Feature","properties":{"mode":"bus","n":5,"arr":["115","941","945","955","259"],"lines":"115, 941, 945, 955, 259"},"geometry":{"type":"LineString","coordinates":[[17.130414,51.114299],[17.130779,51.114121]]}},{"type":"Feature","properties":{"mode":"bus","n":5,"arr":["116","149","315","945","955"],"lines":"116, 149, 315, 945, 955"},"geometry":{"type":"LineString","coordinates":[[17.062875,51.110405],[17.064121,51.111907]]}},{"type":"Feature","properties":{"mode":"bus","n":5,"arr":["117","129","142","909","249"],"lines":"117, 129, 142, 909, 249"},"geometry":{"type":"LineString","coordinates":[[16.879713,51.122204],[16.879736,51.122277],[16.879747,51.122294],[16.879767,51.122303],[16.879796,51.122305],[16.879889,51.122299],[16.879993,51.12232],[16.880425,51.122502],[16.883478,51.123449],[16.887519,51.124615]]}},{"type":"Feature","properties":{"mode":"bus","n":9,"arr":["117","123","137","138","917","937","938","948","958"],"lines":"117, 123, 137, 138, 917, 937, 938, 948, 958"},"geometry":{"type":"LineString","coordinates":[[16.865933,51.144509],[16.866011,51.144457],[16.866055,51.144367],[16.86609,51.143378],[16.866151,51.14332],[16.866926,51.143097],[16.870638,51.143254],[16.870671,51.143259],[16.870695,51.143271],[16.870709,51.143291],[16.870926,51.143831],[16.870949,51.144547]]}},{"type":"Feature","properties":{"mode":"bus","n":9,"arr":["117","123","137","138","923","937","938","948","958"],"lines":"117, 123, 137, 138, 923, 937, 938, 948, 958"},"geometry":{"type":"LineString","coordinates":[[16.872085,51.145007],[16.872347,51.145136],[16.872367,51.1452]]}},{"type":"Feature","properties":{"mode":"bus","n":7,"arr":["117","137","138","937","938","948","958"],"lines":"117, 137, 138, 937, 938, 948, 958"},"geometry":{"type":"LineString","coordinates":[[16.867501,51.147149],[16.867256,51.14588]]}},{"type":"Feature","properties":{"mode":"bus","n":5,"arr":["117","138","938","948","958"],"lines":"117, 138, 938, 948, 958"},"geometry":{"type":"LineString","coordinates":[[16.860622,51.150033],[16.860955,51.149936],[16.862291,51.149337],[16.863555,51.148642],[16.864711,51.148315],[16.865133,51.148157],[16.865707,51.147866],[16.86649,51.147401],[16.867501,51.147149]]}},{"type":"Feature","properties":{"mode":"bus","n":7,"arr":["118","119","142","319","602","K","257"],"lines":"118, 119, 142, 319, 602, K, 257"},"geometry":{"type":"LineString","coordinates":[[17.026245,51.1417],[17.025979,51.141579],[17.025865,51.141497],[17.023782,51.140595],[17.021518,51.139495],[17.019308,51.138252],[17.017557,51.137016],[17.016611,51.136306],[17.01637,51.135955],[17.016203,51.135488],[17.016092,51.135019],[17.016037,51.134593],[17.015905,51.134181]]}},{"type":"Feature","properties":{"mode":"bus","n":5,"arr":["118","119","129","319","257"],"lines":"118, 119, 129, 319, 257"},"geometry":{"type":"LineString","coordinates":[[17.015905,51.134181],[17.009096,51.13483],[17.006658,51.135087],[17.006407,51.135046],[17.005319,51.135158],[17.004699,51.135328],[17.002584,51.135538],[17.001761,51.135732],[17.00114,51.135797]]}},{"type":"Feature","properties":{"mode":"bus","n":9,"arr":["119","122","128","129","153","319","607","243","253"],"lines":"119, 122, 128, 129, 153, 319, 607, 243, 253"},"geometry":{"type":"LineString","coordinates":[[16.979924,51.126954],[16.97961,51.127073]]}},{"type":"Feature","properties":{"mode":"bus","n":8,"arr":["119","122","128","129","153","319","607","243"],"lines":"119, 122, 128, 129, 153, 319, 607, 243"},"geometry":{"type":"LineString","coordinates":[[16.979373,51.126817],[16.977299,51.124624],[16.976609,51.123947],[16.975544,51.123003]]}},{"type":"Feature","properties":{"mode":"bus","n":5,"arr":["119","136","153","319","607"],"lines":"119, 136, 153, 319, 607"},"geometry":{"type":"LineString","coordinates":[[16.975544,51.123003],[16.973489,51.121126],[16.972158,51.119965],[16.971096,51.119098],[16.970475,51.11854],[16.969765,51.11781],[16.969153,51.116981],[16.968949,51.116628],[16.968777,51.116282],[16.968486,51.115496]]}},{"type":"Feature","properties":{"mode":"bus","n":8,"arr":["119","125","143","153","907","947","A","251"],"lines":"119, 125, 143, 153, 907, 947, A, 251"},"geometry":{"type":"LineString","coordinates":[[16.963176,51.077323],[16.963336,51.077303]]}},{"type":"Feature","properties":{"mode":"bus","n":5,"arr":["119","143","153","A","251"],"lines":"119, 143, 153, A, 251"},"geometry":{"type":"LineString","coordinates":[[16.963336,51.077303],[16.963549,51.077314],[16.963915,51.077265],[16.965676,51.076872],[16.96669,51.07669],[16.967707,51.076542],[16.969287,51.076382],[16.970156,51.076325],[16.971475,51.076284],[16.97251,51.076294],[16.974212,51.076379],[16.979996,51.076884],[16.98248,51.077049],[16.983249,51.077158]]}},{"type":"Feature","properties":{"mode":"bus","n":8,"arr":["119","124","126","134","306","319","206","246"],"lines":"119, 124, 126, 134, 306, 319, 206, 246"},"geometry":{"type":"LineString","coordinates":[[16.967627,51.114253],[16.966976,51.114247],[16.966579,51.114203],[16.966196,51.114142],[16.965686,51.11402],[16.965487,51.114026],[16.965403,51.114054]]}},{"type":"Feature","properties":{"mode":"bus","n":10,"arr":["119","124","126","134","136","153","306","319","607","246"],"lines":"119, 124, 126, 134, 136, 153, 306, 319, 607, 246"},"geometry":{"type":"LineString","coordinates":[[16.968801,51.10966],[16.968626,51.110685],[16.968589,51.111696]]}},{"type":"Feature","properties":{"mode":"bus","n":11,"arr":["119","124","126","134","136","153","306","319","607","206","246"],"lines":"119, 124, 126, 134, 136, 153, 306, 319, 607, 206, 246"},"geometry":{"type":"LineString","coordinates":[[16.968589,51.111696],[16.968576,51.114113],[16.968612,51.114596],[16.968808,51.115486],[16.969262,51.116571]]}},{"type":"Feature","properties":{"mode":"bus","n":8,"arr":["119","126","136","153","306","319","607","206"],"lines":"119, 126, 136, 153, 306, 319, 607, 206"},"geometry":{"type":"LineString","coordinates":[[16.969262,51.116571],[16.969509,51.116998]]}},{"type":"Feature","properties":{"mode":"bus","n":7,"arr":["119","136","153","306","319","607","206"],"lines":"119, 136, 153, 306, 319, 607, 206"},"geometry":{"type":"LineString","coordinates":[[16.969509,51.116998],[16.970057,51.117731],[16.970741,51.118431],[16.97142,51.119011],[16.972503,51.119861],[16.975825,51.122888]]}},{"type":"Feature","properties":{"mode":"bus","n":10,"arr":["119","122","128","129","153","306","319","607","206","243"],"lines":"119, 122, 128, 129, 153, 306, 319, 607, 206, 243"},"geometry":{"type":"LineString","coordinates":[[16.979688,51.126702],[16.976885,51.123851],[16.975825,51.122888]]}},{"type":"Feature","properties":{"mode":"bus","n":6,"arr":["121","131","150","964","N","251"],"lines":"121, 131, 150, 964, N, 251"},"geometry":{"type":"LineString","coordinates":[[17.141312,51.145441],[17.140546,51.143067],[17.140534,51.143048],[17.140511,51.143039],[17.140479,51.143039],[17.138386,51.143289],[17.137714,51.143284],[17.129157,51.142259]]}},{"type":"Feature","properties":{"mode":"bus","n":7,"arr":["121","131","147","150","964","N","251"],"lines":"121, 131, 147, 150, 964, N, 251"},"geometry":{"type":"LineString","coordinates":[[17.127649,51.142274],[17.127157,51.142221],[17.127126,51.142214],[17.127105,51.1422],[17.127096,51.142179],[17.127078,51.14205],[17.127079,51.142035],[17.127088,51.142025],[17.127105,51.14202],[17.127129,51.142021],[17.129101,51.142252],[17.129124,51.142257],[17.129139,51.142266],[17.129145,51.142278],[17.129142,51.142294],[17.129097,51.142403],[17.129082,51.142422],[17.129058,51.142433],[17.129025,51.142435],[17.128822,51.142424],[17.128049,51.142325]]}},{"type":"Feature","properties":{"mode":"bus","n":5,"arr":["121","147","150","964","251"],"lines":"121, 147, 150, 964, 251"},"geometry":{"type":"LineString","coordinates":[[17.123732,51.141643],[17.123874,51.141768],[17.12401,51.141785],[17.12569,51.141866],[17.127073,51.142014]]}},{"type":"Feature","properties":{"mode":"bus","n":7,"arr":["121","147","150","911","961","964","251"],"lines":"121, 147, 150, 911, 961, 964, 251"},"geometry":{"type":"LineString","coordinates":[[17.116883,51.145299],[17.116956,51.145114],[17.117113,51.144923],[17.117421,51.14469],[17.117884,51.144426],[17.118491,51.144117],[17.119268,51.143774],[17.121398,51.142983],[17.121939,51.142668],[17.123128,51.141823],[17.123495,51.141692],[17.123732,51.141643]]}},{"type":"Feature","properties":{"mode":"bus","n":8,"arr":["121","147","150","911","944","961","964","251"],"lines":"121, 147, 150, 911, 944, 961, 964, 251"},"geometry":{"type":"LineString","coordinates":[[17.116883,51.145299],[17.116807,51.145547],[17.116649,51.145782],[17.11647,51.145942],[17.115936,51.146258],[17.115656,51.146486],[17.115414,51.14677],[17.115327,51.147071]]}},{"type":"Feature","properties":{"mode":"bus","n":5,"arr":["122","126","128","152","246"],"lines":"122, 126, 128, 152, 246"},"geometry":{"type":"LineString","coordinates":[[16.95055,51.123682],[16.951736,51.123454],[16.952792,51.123196],[16.956897,51.121918],[16.958843,51.121418],[16.958872,51.121406],[16.95889,51.12139],[16.958895,51.121368],[16.958869,51.120454],[16.958707,51.117875]]}},{"type":"Feature","properties":{"mode":"bus","n":6,"arr":["122","126","128","129","152","246"],"lines":"122, 126, 128, 129, 152, 246"},"geometry":{"type":"LineString","coordinates":[[16.954245,51.126907],[16.95358,51.126582],[16.952778,51.126393],[16.952618,51.126325],[16.952456,51.12621],[16.951932,51.125663],[16.951305,51.12479],[16.950831,51.124034],[16.95055,51.123682]]}},{"type":"Feature","properties":{"mode":"bus","n":5,"arr":["122","126","128","129","246"],"lines":"122, 126, 128, 129, 246"},"geometry":{"type":"LineString","coordinates":[[16.958364,51.123736],[16.957614,51.124299],[16.957027,51.124643],[16.954735,51.126428],[16.954245,51.126907]]}},{"type":"Feature","properties":{"mode":"bus","n":5,"arr":["122","127","144","240","250"],"lines":"122, 127, 144, 240, 250"},"geometry":{"type":"LineString","coordinates":[[17.021553,51.10789],[17.021755,51.108393],[17.021975,51.109466],[17.021844,51.110302],[17.021573,51.111036],[17.021526,51.111316],[17.021549,51.111578]]}},{"type":"Feature","properties":{"mode":"bus","n":5,"arr":["122","144","246","250","251"],"lines":"122, 144, 246, 250, 251"},"geometry":{"type":"LineString","coordinates":[[17.023134,51.103576],[17.022689,51.103832],[17.022255,51.104175],[17.022031,51.104401]]}},{"type":"Feature","properties":{"mode":"bus","n":9,"arr":["122","148","N","241","243","246","250","251","253"],"lines":"122, 148, N, 241, 243, 246, 250, 251, 253"},"geometry":{"type":"LineString","coordinates":[[17.026831,51.099228],[17.027098,51.099147]]}},{"type":"Feature","properties":{"mode":"bus","n":12,"arr":["122","148","N","241","243","246","247","248","250","251","253","257"],"lines":"122, 148, N, 241, 243, 246, 247, 248, 250, 251, 253, 257"},"geometry":{"type":"LineString","coordinates":[[17.02779,51.099037],[17.027098,51.099147]]}},{"type":"Feature","properties":{"mode":"bus","n":12,"arr":["122","148","N","241","243","246","247","248","250","251","253","257"],"lines":"122, 148, N, 241, 243, 246, 247, 248, 250, 251, 253, 257"},"geometry":{"type":"LineString","coordinates":[[17.028905,51.098733],[17.029174,51.098619],[17.029816,51.098438]]}},{"type":"Feature","properties":{"mode":"bus","n":13,"arr":["122","148","N","240","241","243","246","247","248","250","251","253","257"],"lines":"122, 148, N, 240, 241, 243, 246, 247, 248, 250, 251, 253, 257"},"geometry":{"type":"LineString","coordinates":[[17.02779,51.099037],[17.028033,51.098956],[17.028905,51.098733]]}},{"type":"Feature","properties":{"mode":"bus","n":14,"arr":["122","125","148","N","240","241","243","246","247","248","250","251","253","257"],"lines":"122, 125, 148, N, 240, 241, 243, 246, 247, 248, 250, 251, 253, 257"},"geometry":{"type":"LineString","coordinates":[[17.032233,51.097891],[17.032569,51.097826]]}},{"type":"Feature","properties":{"mode":"bus","n":15,"arr":["122","125","148","612","N","240","241","243","246","247","248","250","251","253","257"],"lines":"122, 125, 148, 612, N, 240, 241, 243, 246, 247, 248, 250, 251, 253, 257"},"geometry":{"type":"LineString","coordinates":[[17.032569,51.097826],[17.032924,51.097761]]}},{"type":"Feature","properties":{"mode":"bus","n":14,"arr":["122","125","148","612","N","241","243","246","247","248","250","251","253","257"],"lines":"122, 125, 148, 612, N, 241, 243, 246, 247, 248, 250, 251, 253, 257"},"geometry":{"type":"LineString","coordinates":[[17.035801,51.097246],[17.035378,51.097265],[17.033112,51.097658],[17.032924,51.097761]]}},{"type":"Feature","properties":{"mode":"bus","n":16,"arr":["122","125","148","612","N","206","240","241","243","246","247","248","250","251","253","257"],"lines":"122, 125, 148, 612, N, 206, 240, 241, 243, 246, 247, 248, 250, 251, 253, 257"},"geometry":{"type":"LineString","coordinates":[[17.03611,51.097195],[17.035801,51.097246]]}},{"type":"Feature","properties":{"mode":"bus","n":15,"arr":["122","125","148","612","N","206","240","241","243","246","247","248","251","253","257"],"lines":"122, 125, 148, 612, N, 206, 240, 241, 243, 246, 247, 248, 251, 253, 257"},"geometry":{"type":"LineString","coordinates":[[17.037098,51.097033],[17.03611,51.097195]]}},{"type":"Feature","properties":{"mode":"bus","n":15,"arr":["122","125","148","612","N","206","240","241","243","246","247","248","251","253","257"],"lines":"122, 125, 148, 612, N, 206, 240, 241, 243, 246, 247, 248, 251, 253, 257"},"geometry":{"type":"LineString","coordinates":[[17.035801,51.097246],[17.035405,51.097373],[17.034072,51.097601],[17.033505,51.097719],[17.033131,51.097775],[17.032993,51.09778],[17.032924,51.097761]]}},{"type":"Feature","properties":{"mode":"bus","n":12,"arr":["122","125","148","240","241","243","246","247","248","251","253","257"],"lines":"122, 125, 148, 240, 241, 243, 246, 247, 248, 251, 253, 257"},"geometry":{"type":"LineString","coordinates":[[17.029872,51.098528],[17.030304,51.098413],[17.030534,51.09829]]}},{"type":"Feature","properties":{"mode":"bus","n":11,"arr":["122","148","240","241","243","246","247","248","251","253","257"],"lines":"122, 148, 240, 241, 243, 246, 247, 248, 251, 253, 257"},"geometry":{"type":"LineString","coordinates":[[17.028905,51.098733],[17.029214,51.0987],[17.029872,51.098528]]}},{"type":"Feature","properties":{"mode":"bus","n":11,"arr":["122","148","240","241","243","246","247","248","251","253","257"],"lines":"122, 148, 240, 241, 243, 246, 247, 248, 251, 253, 257"},"geometry":{"type":"LineString","coordinates":[[17.027188,51.099232],[17.02779,51.099037]]}},{"type":"Feature","properties":{"mode":"bus","n":6,"arr":["122","148","241","247","248","257"],"lines":"122, 148, 241, 247, 248, 257"},"geometry":{"type":"LineString","coordinates":[[17.026921,51.099316],[17.027188,51.099232]]}},{"type":"Feature","properties":{"mode":"bus","n":6,"arr":["122","144","148","240","246","251"],"lines":"122, 144, 148, 240, 246, 251"},"geometry":{"type":"LineString","coordinates":[[17.022325,51.104536],[17.022727,51.104084],[17.023308,51.103676]]}},{"type":"Feature","properties":{"mode":"bus","n":5,"arr":["122","144","240","246","251"],"lines":"122, 144, 240, 246, 251"},"geometry":{"type":"LineString","coordinates":[[17.022151,51.104723],[17.022325,51.104536]]}},{"type":"Feature","properties":{"mode":"bus","n":5,"arr":["122","132","142","243","253"],"lines":"122, 132, 142, 243, 253"},"geometry":{"type":"LineString","coordinates":[[17.018382,51.112559],[17.018529,51.112539]]}},{"type":"Feature","properties":{"mode":"bus","n":6,"arr":["123","136","152","243","246","253"],"lines":"123, 136, 152, 243, 246, 253"},"geometry":{"type":"LineString","coordinates":[[16.956363,51.13323],[16.956944,51.133005],[16.957544,51.132837],[16.959098,51.132509]]}},{"type":"Feature","properties":{"mode":"bus","n":8,"arr":["123","137","138","917","937","938","948","958"],"lines":"123, 137, 138, 917, 937, 938, 948, 958"},"geometry":{"type":"LineString","coordinates":[[16.866255,51.144683],[16.865933,51.144509]]}},{"type":"Feature","properties":{"mode":"bus","n":8,"arr":["123","137","138","923","937","938","948","958"],"lines":"123, 137, 138, 923, 937, 938, 948, 958"},"geometry":{"type":"LineString","coordinates":[[16.870949,51.144547],[16.87097,51.14505],[16.871055,51.145378]]}},{"type":"Feature","properties":{"mode":"bus","n":5,"arr":["124","128","134","927","241"],"lines":"124, 128, 134, 927, 241"},"geometry":{"type":"LineString","coordinates":[[16.951565,51.119429],[16.951499,51.119321],[16.951399,51.119236],[16.95136,51.119137]]}},{"type":"Feature","properties":{"mode":"bus","n":5,"arr":["124","128","134","927","241"],"lines":"124, 128, 134, 927, 241"},"geometry":{"type":"LineString","coordinates":[[16.952543,51.119211],[16.95249,51.118948]]}},{"type":"Feature","properties":{"mode":"bus","n":6,"arr":["124","128","134","927","241","249"],"lines":"124, 128, 134, 927, 241, 249"},"geometry":{"type":"LineString","coordinates":[[16.95083,51.119228],[16.95249,51.118948]]}},{"type":"Feature","properties":{"mode":"bus","n":7,"arr":["124","126","134","136","153","607","246"],"lines":"124, 126, 134, 136, 153, 607, 246"},"geometry":{"type":"LineString","coordinates":[[16.978462,51.095369],[16.976287,51.096077],[16.975638,51.096348],[16.975207,51.096611],[16.974926,51.09684],[16.974702,51.097077],[16.974518,51.097339],[16.974384,51.097609],[16.973517,51.099834],[16.973152,51.100593],[16.971764,51.103047],[16.971025,51.104819],[16.969474,51.10758],[16.968853,51.108765],[16.968585,51.109464],[16.968391,51.110252],[16.968289,51.111536]]}},{"type":"Feature","properties":{"mode":"bus","n":7,"arr":["124","126","134","136","153","607","246"],"lines":"124, 126, 134, 136, 153, 607, 246"},"geometry":{"type":"LineString","coordinates":[[16.979953,51.094703],[16.979361,51.095104],[16.978875,51.09535],[16.977895,51.095729],[16.976453,51.096198],[16.976008,51.096366],[16.975642,51.096552],[16.975384,51.09672],[16.975141,51.096915],[16.974934,51.09713],[16.974756,51.097381],[16.974618,51.097652],[16.973884,51.099564],[16.973551,51.100337],[16.973206,51.101012],[16.972059,51.103018],[16.971411,51.104543],[16.970803,51.105709],[16.969383,51.108253],[16.969063,51.108893],[16.968801,51.10966]]}},{"type":"Feature","properties":{"mode":"bus","n":9,"arr":["124","126","134","136","152","153","607","241","246"],"lines":"124, 126, 134, 136, 152, 153, 607, 241, 246"},"geometry":{"type":"LineString","coordinates":[[16.979632,51.094641],[16.979393,51.094845],[16.979033,51.095092],[16.978462,51.095369]]}},{"type":"Feature","properties":{"mode":"bus","n":7,"arr":["124","126","134","136","152","241","246"],"lines":"124, 126, 134, 136, 152, 241, 246"},"geometry":{"type":"LineString","coordinates":[[16.979842,51.094441],[16.979632,51.094641]]}},{"type":"Feature","properties":{"mode":"bus","n":5,"arr":["124","126","134","246","251"],"lines":"124, 126, 134, 246, 251"},"geometry":{"type":"LineString","coordinates":[[16.982816,51.09517],[16.981794,51.09482],[16.980181,51.0945]]}},{"type":"Feature","properties":{"mode":"bus","n":5,"arr":["124","126","134","246","251"],"lines":"124, 126, 134, 246, 251"},"geometry":{"type":"LineString","coordinates":[[17.001163,51.099603],[16.99991,51.099295],[16.995876,51.098385],[16.992034,51.097548],[16.990155,51.09718],[16.985844,51.096004],[16.985026,51.095759],[16.982816,51.09517],[16.981727,51.095013],[16.979953,51.094703]]}},{"type":"Feature","properties":{"mode":"bus","n":7,"arr":["124","125","127","134","144","A","241"],"lines":"124, 125, 127, 134, 144, A, 241"},"geometry":{"type":"LineString","coordinates":[[17.015483,51.094314],[17.014689,51.094236],[17.014171,51.094149],[17.011573,51.0939],[17.011288,51.093853],[17.010986,51.093681],[17.01081,51.093619],[17.010415,51.093559],[17.009888,51.093512],[17.005045,51.093425],[17.003215,51.09332]]}},{"type":"Feature","properties":{"mode":"bus","n":5,"arr":["124","133","134","143","602"],"lines":"124, 133, 134, 143, 602"},"geometry":{"type":"LineString","coordinates":[[17.028466,51.08964],[17.023304,51.089859],[17.017847,51.090161]]}},{"type":"Feature","properties":{"mode":"bus","n":6,"arr":["124","133","134","143","602","259"],"lines":"124, 133, 134, 143, 602, 259"},"geometry":{"type":"LineString","coordinates":[[17.028432,51.08954],[17.028466,51.08964]]}},{"type":"Feature","properties":{"mode":"bus","n":5,"arr":["124","133","134","143","259"],"lines":"124, 133, 134, 143, 259"},"geometry":{"type":"LineString","coordinates":[[17.028736,51.089513],[17.028432,51.08954]]}},{"type":"Feature","properties":{"mode":"bus","n":10,"arr":["124","133","134","143","245","249","251","253","255","259"],"lines":"124, 133, 134, 143, 245, 249, 251, 253, 255, 259"},"geometry":{"type":"LineString","coordinates":[[17.034445,51.088373],[17.034092,51.088402],[17.02941,51.089407],[17.028736,51.089513]]}},{"type":"Feature","properties":{"mode":"bus","n":6,"arr":["124","125","134","148","N","245"],"lines":"124, 125, 134, 148, N, 245"},"geometry":{"type":"LineString","coordinates":[[17.048796,51.084528],[17.048731,51.084519]]}},{"type":"Feature","properties":{"mode":"bus","n":7,"arr":["124","125","133","134","146","240","245"],"lines":"124, 125, 133, 134, 146, 240, 245"},"geometry":{"type":"LineString","coordinates":[[17.049322,51.083116],[17.049073,51.083118]]}},{"type":"Feature","properties":{"mode":"bus","n":6,"arr":["124","125","134","310","240","245"],"lines":"124, 125, 134, 310, 240, 245"},"geometry":{"type":"LineString","coordinates":[[17.061158,51.083743],[17.053694,51.082824],[17.052463,51.082793],[17.049598,51.082891]]}},{"type":"Feature","properties":{"mode":"bus","n":7,"arr":["124","133","134","310","343","240","243"],"lines":"124, 133, 134, 310, 343, 240, 243"},"geometry":{"type":"LineString","coordinates":[[17.086582,51.075465],[17.087898,51.07405],[17.093667,51.068541],[17.093689,51.068527],[17.093716,51.068523],[17.093746,51.068531],[17.093863,51.068579]]}},{"type":"Feature","properties":{"mode":"bus","n":6,"arr":["124","133","134","310","240","243"],"lines":"124, 133, 134, 310, 240, 243"},"geometry":{"type":"LineString","coordinates":[[17.093863,51.068579],[17.097166,51.069936]]}},{"type":"Feature","properties":{"mode":"bus","n":5,"arr":["124","134","310","240","243"],"lines":"124, 134, 310, 240, 243"},"geometry":{"type":"LineString","coordinates":[[17.097166,51.069936],[17.097499,51.069874]]}},{"type":"Feature","properties":{"mode":"bus","n":5,"arr":["124","133","134","310","243"],"lines":"124, 133, 134, 310, 243"},"geometry":{"type":"LineString","coordinates":[[17.097166,51.069936],[17.097614,51.070111],[17.097637,51.070117],[17.097658,51.070117],[17.097675,51.070111],[17.09769,51.070098],[17.097891,51.069868]]}},{"type":"Feature","properties":{"mode":"bus","n":5,"arr":["124","125","133","134","245"],"lines":"124, 125, 133, 134, 245"},"geometry":{"type":"LineString","coordinates":[[17.060671,51.083892],[17.054202,51.083083],[17.053247,51.08298],[17.052942,51.08297],[17.050398,51.0831],[17.049322,51.083116]]}},{"type":"Feature","properties":{"mode":"bus","n":11,"arr":["124","133","134","143","602","245","249","251","253","255","259"],"lines":"124, 133, 134, 143, 602, 245, 249, 251, 253, 255, 259"},"geometry":{"type":"LineString","coordinates":[[17.028782,51.089611],[17.028466,51.08964]]}},{"type":"Feature","properties":{"mode":"bus","n":5,"arr":["124","126","134","306","246"],"lines":"124, 126, 134, 306, 246"},"geometry":{"type":"LineString","coordinates":[[16.969838,51.116462],[16.969995,51.116383],[16.970137,51.116237],[16.970411,51.115388],[16.9705,51.114969],[16.970508,51.114646],[16.970366,51.114476]]}},{"type":"Feature","properties":{"mode":"bus","n":5,"arr":["125","148","N","240","250"],"lines":"125, 148, N, 240, 250"},"geometry":{"type":"LineString","coordinates":[[17.039371,51.096791],[17.040287,51.096719],[17.040711,51.096662],[17.04131,51.096466],[17.041494,51.096354]]}},{"type":"Feature","properties":{"mode":"bus","n":6,"arr":["125","148","612","N","240","250"],"lines":"125, 148, 612, N, 240, 250"},"geometry":{"type":"LineString","coordinates":[[17.039371,51.096791],[17.038179,51.096895]]}},{"type":"Feature","properties":{"mode":"bus","n":5,"arr":["125","148","612","N","240"],"lines":"125, 148, 612, N, 240"},"geometry":{"type":"LineString","coordinates":[[17.038179,51.096895],[17.037098,51.097033]]}},{"type":"Feature","properties":{"mode":"bus","n":6,"arr":["125","136","152","A","241","257"],"lines":"125, 136, 152, A, 241, 257"},"geometry":{"type":"LineString","coordinates":[[16.98607,51.091669],[16.983262,51.092197],[16.982731,51.092356],[16.982359,51.092526],[16.982167,51.092639],[16.981828,51.092902],[16.980181,51.0945]]}},{"type":"Feature","properties":{"mode":"bus","n":6,"arr":["125","136","152","A","241","257"],"lines":"125, 136, 152, A, 241, 257"},"geometry":{"type":"LineString","coordinates":[[16.985978,51.091454],[16.983183,51.092036],[16.982935,51.092095],[16.982444,51.092273],[16.982011,51.092501],[16.981577,51.092815],[16.979842,51.094441]]}},{"type":"Feature","properties":{"mode":"bus","n":5,"arr":["125","132","143","907","947"],"lines":"125, 132, 143, 907, 947"},"geometry":{"type":"LineString","coordinates":[[16.957495,51.078822],[16.960228,51.077948],[16.962218,51.077497],[16.963176,51.077323]]}},{"type":"Feature","properties":{"mode":"bus","n":5,"arr":["126","133","153","248","251"],"lines":"126, 133, 153, 248, 251"},"geometry":{"type":"LineString","coordinates":[[17.003041,51.073468],[17.002765,51.073516],[16.996555,51.075103],[16.996129,51.075228],[16.996103,51.07524],[16.996093,51.075256],[16.9961,51.075276],[16.996982,51.076568],[16.998175,51.078174],[16.99955,51.080109],[16.999566,51.080221],[16.999533,51.080302],[16.998936,51.081063]]}},{"type":"Feature","properties":{"mode":"bus","n":6,"arr":["126","133","602","D","247","248"],"lines":"126, 133, 602, D, 247, 248"},"geometry":{"type":"LineString","coordinates":[[17.010313,51.08403],[17.010599,51.083945],[17.010623,51.083941],[17.010643,51.083942],[17.010659,51.08395],[17.010672,51.083964],[17.011639,51.085546]]}},{"type":"Feature","properties":{"mode":"bus","n":7,"arr":["126","133","143","602","D","247","248"],"lines":"126, 133, 143, 602, D, 247, 248"},"geometry":{"type":"LineString","coordinates":[[17.011301,51.085612],[17.010313,51.08403]]}},{"type":"Feature","properties":{"mode":"bus","n":7,"arr":["126","133","143","602","D","247","248"],"lines":"126, 133, 143, 602, D, 247, 248"},"geometry":{"type":"LineString","coordinates":[[17.011639,51.085546],[17.01187,51.085898],[17.012162,51.086223]]}},{"type":"Feature","properties":{"mode":"bus","n":7,"arr":["126","133","143","602","D","247","248"],"lines":"126, 133, 143, 602, D, 247, 248"},"geometry":{"type":"LineString","coordinates":[[17.011522,51.085968],[17.011758,51.086314],[17.01195,51.086531]]}},{"type":"Feature","properties":{"mode":"bus","n":5,"arr":["143","602","D","247","248"],"lines":"143, 602, D, 247, 248"},"geometry":{"type":"LineString","coordinates":[[17.011301,51.085612],[17.011522,51.085968]]}},{"type":"Feature","properties":{"mode":"bus","n":8,"arr":["126","133","143","602","D","247","248","257"],"lines":"126, 133, 143, 602, D, 247, 248, 257"},"geometry":{"type":"LineString","coordinates":[[17.012843,51.086865],[17.012162,51.086223]]}},{"type":"Feature","properties":{"mode":"bus","n":8,"arr":["126","133","143","602","D","247","248","257"],"lines":"126, 133, 143, 602, D, 247, 248, 257"},"geometry":{"type":"LineString","coordinates":[[17.01195,51.086531],[17.013332,51.08774],[17.015225,51.089326],[17.015346,51.089455],[17.015361,51.089529],[17.015328,51.089614]]}},{"type":"Feature","properties":{"mode":"bus","n":5,"arr":["126","133","143","D","257"],"lines":"126, 133, 143, D, 257"},"geometry":{"type":"LineString","coordinates":[[17.012919,51.086932],[17.012843,51.086865]]}},{"type":"Feature","properties":{"mode":"bus","n":11,"arr":["126","127","133","136","143","144","602","D","247","248","257"],"lines":"126, 127, 133, 136, 143, 144, 602, D, 247, 248, 257"},"geometry":{"type":"LineString","coordinates":[[17.01195,51.086531],[17.012399,51.086453]]}},{"type":"Feature","properties":{"mode":"bus","n":7,"arr":["126","153","602","913","933","247","251"],"lines":"126, 153, 602, 913, 933, 247, 251"},"geometry":{"type":"LineString","coordinates":[[17.00734,51.075123],[17.007342,51.075252]]}},{"type":"Feature","properties":{"mode":"bus","n":5,"arr":["127","136","143","144","257"],"lines":"127, 136, 143, 144, 257"},"geometry":{"type":"LineString","coordinates":[[17.012162,51.086223],[17.011758,51.086314]]}},{"type":"Feature","properties":{"mode":"bus","n":6,"arr":["128","132","144","K","240","250"],"lines":"128, 132, 144, K, 240, 250"},"geometry":{"type":"LineString","coordinates":[[17.031703,51.11779],[17.032008,51.117642]]}},{"type":"Feature","properties":{"mode":"bus","n":9,"arr":["128","144","240","244","247","248","250","251","259"],"lines":"128, 144, 240, 244, 247, 248, 250, 251, 259"},"geometry":{"type":"LineString","coordinates":[[17.03368,51.116906],[17.033722,51.116914]]}},{"type":"Feature","properties":{"mode":"bus","n":8,"arr":["128","144","240","247","248","250","251","259"],"lines":"128, 144, 240, 247, 248, 250, 251, 259"},"geometry":{"type":"LineString","coordinates":[[17.033634,51.116908],[17.03368,51.116906]]}},{"type":"Feature","properties":{"mode":"bus","n":10,"arr":["128","144","240","242","244","247","248","250","251","259"],"lines":"128, 144, 240, 242, 244, 247, 248, 250, 251, 259"},"geometry":{"type":"LineString","coordinates":[[17.033722,51.116914],[17.034283,51.117462],[17.034489,51.117599],[17.034661,51.117612],[17.034784,51.117575],[17.034836,51.117567],[17.034888,51.117574],[17.035229,51.117672],[17.037762,51.118082],[17.037901,51.118164],[17.037951,51.118242],[17.037982,51.118268],[17.038029,51.118282],[17.03815,51.118296]]}},{"type":"Feature","properties":{"mode":"bus","n":5,"arr":["128","242","244","251","259"],"lines":"128, 242, 244, 251, 259"},"geometry":{"type":"LineString","coordinates":[[17.038297,51.118303],[17.038915,51.118269],[17.039368,51.11817],[17.039731,51.118034],[17.041181,51.117351],[17.041502,51.117256],[17.041992,51.117166]]}},{"type":"Feature","properties":{"mode":"bus","n":5,"arr":["128","242","244","251","259"],"lines":"128, 242, 244, 251, 259"},"geometry":{"type":"LineString","coordinates":[[17.041981,51.11703],[17.041991,51.117153],[17.041993,51.117159],[17.041997,51.117163],[17.042004,51.117165],[17.042013,51.117165],[17.042052,51.117164]]}},{"type":"Feature","properties":{"mode":"bus","n":7,"arr":["128","144","242","244","247","251","259"],"lines":"128, 144, 242, 244, 247, 251, 259"},"geometry":{"type":"LineString","coordinates":[[17.03815,51.118296],[17.038297,51.118303]]}},{"type":"Feature","properties":{"mode":"bus","n":7,"arr":["128","315","914","924","A","N","246"],"lines":"128, 315, 914, 924, A, N, 246"},"geometry":{"type":"LineString","coordinates":[[17.051132,51.116833],[17.051227,51.117384],[17.051314,51.11765],[17.051274,51.118239],[17.051163,51.118675],[17.05115,51.118946],[17.051241,51.119405],[17.051432,51.119922],[17.052394,51.122148],[17.053228,51.12356],[17.053815,51.124483],[17.054354,51.125475],[17.054677,51.126252],[17.05488,51.126914],[17.054954,51.127284],[17.055024,51.127371],[17.055191,51.127951],[17.055345,51.128209],[17.055474,51.128346],[17.055838,51.128617]]}},{"type":"Feature","properties":{"mode":"bus","n":10,"arr":["128","315","914","924","930","A","N","242","246","251"],"lines":"128, 315, 914, 924, 930, A, N, 242, 246, 251"},"geometry":{"type":"LineString","coordinates":[[17.055838,51.128617],[17.06087,51.130605],[17.061807,51.131065],[17.063454,51.131615],[17.063637,51.131765],[17.063726,51.131881]]}},{"type":"Feature","properties":{"mode":"bus","n":10,"arr":["128","130","904","914","924","928","964","N","242","251"],"lines":"128, 130, 904, 914, 924, 928, 964, N, 242, 251"},"geometry":{"type":"LineString","coordinates":[[17.082144,51.139667],[17.074447,51.137997],[17.072545,51.137563],[17.072181,51.137477],[17.07137,51.137192],[17.071047,51.137036],[17.070415,51.136639],[17.068321,51.13474],[17.067494,51.134023],[17.066909,51.13361],[17.065698,51.132868],[17.065424,51.132522],[17.065418,51.132513],[17.065415,51.132507],[17.065415,51.132505],[17.065419,51.132505],[17.065426,51.13251],[17.065437,51.132517],[17.065908,51.132847]]}},{"type":"Feature","properties":{"mode":"bus","n":8,"arr":["128","904","914","924","928","964","N","242"],"lines":"128, 904, 914, 924, 928, 964, N, 242"},"geometry":{"type":"LineString","coordinates":[[17.065908,51.132847],[17.066038,51.13293]]}},{"type":"Feature","properties":{"mode":"bus","n":5,"arr":["128","151","928","931","241"],"lines":"128, 151, 928, 931, 241"},"geometry":{"type":"LineString","coordinates":[[17.121592,51.16004],[17.121577,51.159239],[17.121118,51.15782],[17.120928,51.15699]]}},{"type":"Feature","properties":{"mode":"bus","n":9,"arr":["128","914","924","930","A","N","242","246","251"],"lines":"128, 914, 924, 930, A, N, 242, 246, 251"},"geometry":{"type":"LineString","coordinates":[[17.055714,51.128885],[17.056272,51.129075],[17.060076,51.130564],[17.061653,51.131234],[17.063726,51.131881]]}},{"type":"Feature","properties":{"mode":"bus","n":6,"arr":["128","914","924","A","N","246"],"lines":"128, 914, 924, A, N, 246"},"geometry":{"type":"LineString","coordinates":[[17.054954,51.127284],[17.05491,51.127387],[17.055046,51.128384],[17.055109,51.128505],[17.055242,51.128645],[17.055467,51.128777],[17.055714,51.128885]]}},{"type":"Feature","properties":{"mode":"bus","n":6,"arr":["130","144","319","930","K","247"],"lines":"130, 144, 319, 930, K, 247"},"geometry":{"type":"LineString","coordinates":[[17.043763,51.151113],[17.043746,51.150863],[17.043673,51.150532],[17.043573,51.150265],[17.043323,51.149784],[17.042902,51.14841],[17.042584,51.147736],[17.041954,51.146676],[17.041664,51.146312],[17.040457,51.144592],[17.040171,51.144258],[17.039984,51.144086],[17.039673,51.143879],[17.035635,51.141524],[17.034132,51.140691],[17.033742,51.14053],[17.03287,51.140231],[17.032599,51.140193]]}},{"type":"Feature","properties":{"mode":"bus","n":5,"arr":["131","150","931","N","251"],"lines":"131, 150, 931, N, 251"},"geometry":{"type":"LineString","coordinates":[[17.128475,51.146518],[17.13468,51.1457],[17.135963,51.145631],[17.141312,51.145441]]}},{"type":"Feature","properties":{"mode":"bus","n":8,"arr":["131","150","904","914","924","931","944","N"],"lines":"131, 150, 904, 914, 924, 931, 944, N"},"geometry":{"type":"LineString","coordinates":[[17.115342,51.147281],[17.115881,51.147383],[17.116049,51.147371]]}},{"type":"Feature","properties":{"mode":"bus","n":7,"arr":["132","142","602","K","247","248","257"],"lines":"132, 142, 602, K, 247, 248, 257"},"geometry":{"type":"LineString","coordinates":[[17.031524,51.113416],[17.030546,51.113108],[17.029659,51.112938],[17.028887,51.112818],[17.028626,51.112706]]}},{"type":"Feature","properties":{"mode":"bus","n":10,"arr":["132","142","602","K","243","245","247","248","253","257"],"lines":"132, 142, 602, K, 243, 245, 247, 248, 253, 257"},"geometry":{"type":"LineString","coordinates":[[17.027055,51.111564],[17.026913,51.11162]]}},{"type":"Feature","properties":{"mode":"bus","n":5,"arr":["132","142","243","245","253"],"lines":"132, 142, 243, 245, 253"},"geometry":{"type":"LineString","coordinates":[[17.026913,51.11162],[17.02673,51.111624],[17.023568,51.111278],[17.023242,51.111322],[17.021987,51.111696]]}},{"type":"Feature","properties":{"mode":"bus","n":7,"arr":["132","142","144","240","243","245","253"],"lines":"132, 142, 144, 240, 243, 245, 253"},"geometry":{"type":"LineString","coordinates":[[17.021987,51.111696],[17.021696,51.111791]]}},{"type":"Feature","properties":{"mode":"bus","n":6,"arr":["136","143","145","903","K","255"],"lines":"136, 143, 145, 903, K, 255"},"geometry":{"type":"LineString","coordinates":[[17.049083,51.076811],[17.048077,51.07692],[17.047597,51.076951],[17.044823,51.076992],[17.043365,51.077037],[17.043156,51.077066],[17.03955,51.077083],[17.038213,51.077058],[17.034823,51.077283],[17.033588,51.077392]]}},{"type":"Feature","properties":{"mode":"bus","n":5,"arr":["143","153","A","248","251"],"lines":"143, 153, A, 248, 251"},"geometry":{"type":"LineString","coordinates":[[16.983969,51.077295],[16.984602,51.077451]]}},{"type":"Feature","properties":{"mode":"bus","n":5,"arr":["143","145","146","315","343"],"lines":"143, 145, 146, 315, 343"},"geometry":{"type":"LineString","coordinates":[[17.090432,51.106175],[17.090217,51.105381],[17.089959,51.104981],[17.089374,51.10389]]}},{"type":"Feature","properties":{"mode":"bus","n":6,"arr":["143","145","146","315","343","715"],"lines":"143, 145, 146, 315, 343, 715"},"geometry":{"type":"LineString","coordinates":[[17.090583,51.106183],[17.090432,51.106175]]}},{"type":"Feature","properties":{"mode":"bus","n":6,"arr":["143","145","146","315","343","715"],"lines":"143, 145, 146, 315, 343, 715"},"geometry":{"type":"LineString","coordinates":[[17.105752,51.106541],[17.105666,51.106535]]}},{"type":"Feature","properties":{"mode":"bus","n":5,"arr":["145","146","315","343","715"],"lines":"145, 146, 315, 343, 715"},"geometry":{"type":"LineString","coordinates":[[17.105666,51.106535],[17.091586,51.106258],[17.090583,51.106183]]}},{"type":"Feature","properties":{"mode":"bus","n":6,"arr":["143","315","343","345","715","253"],"lines":"143, 315, 343, 345, 715, 253"},"geometry":{"type":"LineString","coordinates":[[17.105945,51.106633],[17.109078,51.110381],[17.10925,51.110807],[17.109278,51.111032],[17.109132,51.111715],[17.108987,51.111907]]}},{"type":"Feature","properties":{"mode":"bus","n":7,"arr":["143","315","343","345","715","253","255"],"lines":"143, 315, 343, 345, 715, 253, 255"},"geometry":{"type":"LineString","coordinates":[[17.105945,51.106633],[17.105871,51.10655]]}},{"type":"Feature","properties":{"mode":"bus","n":9,"arr":["143","145","146","315","343","345","715","253","255"],"lines":"143, 145, 146, 315, 343, 345, 715, 253, 255"},"geometry":{"type":"LineString","coordinates":[[17.105871,51.10655],[17.105752,51.106541]]}},{"type":"Feature","properties":{"mode":"bus","n":6,"arr":["143","145","146","345","253","255"],"lines":"143, 145, 146, 345, 253, 255"},"geometry":{"type":"LineString","coordinates":[[17.116194,51.102166],[17.113336,51.104446],[17.112922,51.104749],[17.112661,51.104907],[17.112061,51.105198],[17.111006,51.105574],[17.109545,51.106049],[17.10611,51.106555],[17.105871,51.10655]]}},{"type":"Feature","properties":{"mode":"bus","n":5,"arr":["143","146","345","253","255"],"lines":"143, 146, 345, 253, 255"},"geometry":{"type":"LineString","coordinates":[[17.116265,51.102106],[17.116194,51.102166]]}},{"type":"Feature","properties":{"mode":"bus","n":5,"arr":["143","315","343","715","253"],"lines":"143, 315, 343, 715, 253"},"geometry":{"type":"LineString","coordinates":[[17.107298,51.113267],[17.107856,51.112696],[17.108987,51.111907]]}},{"type":"Feature","properties":{"mode":"bus","n":5,"arr":["144","240","247","248","250"],"lines":"144, 240, 247, 248, 250"},"geometry":{"type":"LineString","coordinates":[[17.037973,51.118275],[17.037931,51.118387],[17.03779,51.118539],[17.036591,51.119233],[17.036562,51.119245],[17.03653,51.119249],[17.036495,51.119246],[17.036258,51.119196],[17.03594,51.119184],[17.035887,51.119189],[17.035842,51.119207],[17.03556,51.119375],[17.035422,51.119516],[17.034351,51.124278]]}},{"type":"Feature","properties":{"mode":"bus","n":6,"arr":["145","146","315","345","253","255"],"lines":"145, 146, 315, 345, 253, 255"},"geometry":{"type":"LineString","coordinates":[[17.089374,51.10389],[17.086618,51.104239],[17.085762,51.104326],[17.08521,51.104321],[17.084503,51.104224],[17.084151,51.104202],[17.083494,51.104232],[17.080794,51.104591],[17.07989,51.104766],[17.079398,51.104893],[17.078299,51.105228],[17.073851,51.106757],[17.073516,51.106874],[17.073062,51.107195],[17.071111,51.107875],[17.070501,51.108039]]}},{"type":"Feature","properties":{"mode":"bus","n":9,"arr":["145","146","149","315","240","250","253","255","259"],"lines":"145, 146, 149, 315, 240, 250, 253, 255, 259"},"geometry":{"type":"LineString","coordinates":[[17.059381,51.111275],[17.059805,51.111324],[17.060426,51.111496]]}},{"type":"Feature","properties":{"mode":"bus","n":7,"arr":["145","146","149","D","240","241","250"],"lines":"145, 146, 149, D, 240, 241, 250"},"geometry":{"type":"LineString","coordinates":[[17.051237,51.109189],[17.055998,51.110305],[17.059021,51.111152],[17.059381,51.111275]]}},{"type":"Feature","properties":{"mode":"bus","n":6,"arr":["145","146","149","D","240","241"],"lines":"145, 146, 149, D, 240, 241"},"geometry":{"type":"LineString","coordinates":[[17.051237,51.109189],[17.050282,51.108993]]}},{"type":"Feature","properties":{"mode":"bus","n":5,"arr":["145","146","149","D","241"],"lines":"145, 146, 149, D, 241"},"geometry":{"type":"LineString","coordinates":[[17.050282,51.108993],[17.049475,51.108832],[17.04804,51.108472]]}},{"type":"Feature","properties":{"mode":"bus","n":5,"arr":["145","146","149","D","241"],"lines":"145, 146, 149, D, 241"},"geometry":{"type":"LineString","coordinates":[[17.046885,51.108141],[17.047686,51.108377]]}},{"type":"Feature","properties":{"mode":"bus","n":5,"arr":["145","146","149","D","241"],"lines":"145, 146, 149, D, 241"},"geometry":{"type":"LineString","coordinates":[[17.046925,51.107743],[17.04882,51.108221]]}},{"type":"Feature","properties":{"mode":"bus","n":10,"arr":["145","146","149","A","D","N","241","246","253","255"],"lines":"145, 146, 149, A, D, N, 241, 246, 253, 255"},"geometry":{"type":"LineString","coordinates":[[17.047975,51.108455],[17.04804,51.108472]]}},{"type":"Feature","properties":{"mode":"bus","n":10,"arr":["145","146","149","A","D","N","241","246","253","255"],"lines":"145, 146, 149, A, D, N, 241, 246, 253, 255"},"geometry":{"type":"LineString","coordinates":[[17.043838,51.107009],[17.044234,51.107122],[17.046925,51.107743]]}},{"type":"Feature","properties":{"mode":"bus","n":6,"arr":["145","146","149","A","D","241"],"lines":"145, 146, 149, A, D, 241"},"geometry":{"type":"LineString","coordinates":[[17.047686,51.108377],[17.047975,51.108455]]}},{"type":"Feature","properties":{"mode":"bus","n":12,"arr":["145","146","149","914","924","A","D","N","241","246","253","255"],"lines":"145, 146, 149, 914, 924, A, D, N, 241, 246, 253, 255"},"geometry":{"type":"LineString","coordinates":[[17.043789,51.107264],[17.043987,51.107275],[17.044386,51.107365],[17.046885,51.108141]]}},{"type":"Feature","properties":{"mode":"bus","n":14,"arr":["145","146","149","914","920","924","A","D","N","241","243","246","253","255"],"lines":"145, 146, 149, 914, 920, 924, A, D, N, 241, 243, 246, 253, 255"},"geometry":{"type":"LineString","coordinates":[[17.041888,51.107548],[17.043509,51.10728],[17.043789,51.107264]]}},{"type":"Feature","properties":{"mode":"bus","n":6,"arr":["145","146","149","D","241","250"],"lines":"145, 146, 149, D, 241, 250"},"geometry":{"type":"LineString","coordinates":[[17.04882,51.108221],[17.050153,51.108588],[17.050457,51.108734],[17.051237,51.109189]]}},{"type":"Feature","properties":{"mode":"bus","n":10,"arr":["148","602","A","D","N","243","246","250","251","253"],"lines":"148, 602, A, D, N, 243, 246, 250, 251, 253"},"geometry":{"type":"LineString","coordinates":[[17.029844,51.1028],[17.029788,51.102536],[17.029691,51.102342],[17.029246,51.10151],[17.029063,51.101255],[17.028072,51.100203],[17.027567,51.099841],[17.026921,51.099316]]}},{"type":"Feature","properties":{"mode":"bus","n":13,"arr":["148","602","A","D","N","243","246","247","248","250","251","253","257"],"lines":"148, 602, A, D, N, 243, 246, 247, 248, 250, 251, 253, 257"},"geometry":{"type":"LineString","coordinates":[[17.026921,51.099316],[17.026831,51.099228]]}},{"type":"Feature","properties":{"mode":"bus","n":5,"arr":["150","904","914","924","944"],"lines":"150, 904, 914, 924, 944"},"geometry":{"type":"LineString","coordinates":[[17.116049,51.147371],[17.11605,51.147482],[17.116141,51.147572],[17.116471,51.147704],[17.119941,51.149735],[17.120284,51.149908],[17.120603,51.150032],[17.12126,51.150186],[17.124409,51.150689],[17.126635,51.151269],[17.127753,51.151474],[17.129893,51.15182],[17.13137,51.152131]]}},{"type":"Feature","properties":{"mode":"bus","n":6,"arr":["315","D","241","253","255","259"],"lines":"315, D, 241, 253, 255, 259"},"geometry":{"type":"LineString","coordinates":[[17.059381,51.111275],[17.059584,51.111447]]}},{"type":"Feature","properties":{"mode":"bus","n":5,"arr":["345","715","941","253","259"],"lines":"345, 715, 941, 253, 259"},"geometry":{"type":"LineString","coordinates":[[17.090189,51.116851],[17.090637,51.113413]]}},{"type":"Feature","properties":{"mode":"bus","n":15,"arr":["602","240","241","242","243","244","245","246","247","248","249","251","253","257","259"],"lines":"602, 240, 241, 242, 243, 244, 245, 246, 247, 248, 249, 251, 253, 257, 259"},"geometry":{"type":"LineString","coordinates":[[17.030999,51.09473],[17.03286,51.095118]]}},{"type":"Feature","properties":{"mode":"bus","n":7,"arr":["602","K","242","244","245","251","259"],"lines":"602, K, 242, 244, 245, 251, 259"},"geometry":{"type":"LineString","coordinates":[[17.038719,51.107946],[17.038614,51.107586]]}},{"type":"Feature","properties":{"mode":"bus","n":8,"arr":["602","K","243","245","247","248","253","257"],"lines":"602, K, 243, 245, 247, 248, 253, 257"},"geometry":{"type":"LineString","coordinates":[[17.02722,51.111328],[17.026929,51.110773],[17.026813,51.110481],[17.02681,51.110143],[17.026992,51.109537],[17.027189,51.109039],[17.027343,51.108865],[17.027656,51.108625],[17.027899,51.108474],[17.028354,51.108323],[17.032297,51.107445],[17.032906,51.10734],[17.033483,51.107276]]}},{"type":"Feature","properties":{"mode":"bus","n":8,"arr":["602","K","243","245","247","248","253","257"],"lines":"602, K, 243, 245, 247, 248, 253, 257"},"geometry":{"type":"LineString","coordinates":[[17.026479,51.10994],[17.026652,51.109355],[17.026791,51.109091],[17.027068,51.108726],[17.027322,51.108524]]}},{"type":"Feature","properties":{"mode":"bus","n":5,"arr":["602","K","247","248","257"],"lines":"602, K, 247, 248, 257"},"geometry":{"type":"LineString","coordinates":[[17.030511,51.112995],[17.028543,51.11265],[17.028105,51.112477],[17.027891,51.112337],[17.027646,51.112075],[17.02722,51.111328]]}},{"type":"Feature","properties":{"mode":"bus","n":5,"arr":["602","K","247","248","257"],"lines":"602, K, 247, 248, 257"},"geometry":{"type":"LineString","coordinates":[[17.026913,51.11162],[17.026392,51.110392],[17.026479,51.10994]]}},{"type":"Feature","properties":{"mode":"bus","n":6,"arr":["602","243","247","248","253","257"],"lines":"602, 243, 247, 248, 253, 257"},"geometry":{"type":"LineString","coordinates":[[17.027322,51.108524],[17.026044,51.10762],[17.025347,51.107092],[17.024681,51.106674]]}},{"type":"Feature","properties":{"mode":"bus","n":6,"arr":["602","A","D","247","248","257"],"lines":"602, A, D, 247, 248, 257"},"geometry":{"type":"LineString","coordinates":[[17.026831,51.099228],[17.026258,51.09865],[17.025653,51.098116],[17.0244,51.097049],[17.021855,51.095002],[17.019998,51.093359]]}},{"type":"Feature","properties":{"mode":"bus","n":5,"arr":["602","D","247","248","257"],"lines":"602, D, 247, 248, 257"},"geometry":{"type":"LineString","coordinates":[[17.019998,51.093359],[17.017354,51.091097],[17.017167,51.091013],[17.016945,51.091001]]}},{"type":"Feature","properties":{"mode":"bus","n":5,"arr":["911","921","941","961","964"],"lines":"911, 921, 941, 961, 964"},"geometry":{"type":"LineString","coordinates":[[17.179767,51.139573],[17.182868,51.138603],[17.184534,51.138116],[17.188119,51.137451],[17.191011,51.137057],[17.191045,51.137056],[17.191074,51.137064],[17.191096,51.13708],[17.191195,51.137184],[17.191408,51.137329],[17.193379,51.138453],[17.194414,51.139072],[17.196697,51.140349],[17.19792,51.140909]]}},{"type":"Feature","properties":{"mode":"bus","n":5,"arr":["911","921","941","961","964"],"lines":"911, 921, 941, 961, 964"},"geometry":{"type":"LineString","coordinates":[[17.190024,51.13724],[17.190011,51.137188]]}},{"type":"Feature","properties":{"mode":"bus","n":6,"arr":["911","921","931","941","961","964"],"lines":"911, 921, 931, 941, 961, 964"},"geometry":{"type":"LineString","coordinates":[[17.179767,51.139573],[17.1792,51.139751]]}},{"type":"Feature","properties":{"mode":"bus","n":7,"arr":["914","924","A","N","246","253","255"],"lines":"914, 924, A, N, 246, 253, 255"},"geometry":{"type":"LineString","coordinates":[[17.050191,51.11386],[17.049798,51.11283],[17.049606,51.112428],[17.048059,51.110246]]}},{"type":"Feature","properties":{"mode":"bus","n":7,"arr":["914","924","A","N","246","253","255"],"lines":"914, 924, A, N, 246, 253, 255"},"geometry":{"type":"LineString","coordinates":[[17.046885,51.108141],[17.047095,51.108355],[17.047293,51.108858]]}},{"type":"Feature","properties":{"mode":"bus","n":8,"arr":["914","924","A","N","240","246","253","255"],"lines":"914, 924, A, N, 240, 246, 253, 255"},"geometry":{"type":"LineString","coordinates":[[17.048301,51.110166],[17.04811,51.110229],[17.048086,51.110235],[17.048066,51.110234],[17.04805,51.110226],[17.048037,51.110213],[17.047474,51.109382],[17.047381,51.10918],[17.047293,51.108858]]}},{"type":"Feature","properties":{"mode":"bus","n":10,"arr":["914","920","924","D","N","241","243","246","253","255"],"lines":"914, 920, 924, D, N, 241, 243, 246, 253, 255"},"geometry":{"type":"LineString","coordinates":[[17.041417,51.107628],[17.041888,51.107548]]}},{"type":"Feature","properties":{"mode":"bus","n":5,"arr":["920","242","244","251","259"],"lines":"920, 242, 244, 251, 259"},"geometry":{"type":"LineString","coordinates":[[17.038708,51.109198],[17.038602,51.108775],[17.038733,51.108156],[17.038719,51.107946]]}},{"type":"Feature","properties":{"mode":"bus","n":8,"arr":["920","D","N","241","243","246","253","255"],"lines":"920, D, N, 241, 243, 246, 253, 255"},"geometry":{"type":"LineString","coordinates":[[17.041763,51.107313],[17.043838,51.107009]]}},{"type":"Feature","properties":{"mode":"bus","n":5,"arr":["A","D","247","248","257"],"lines":"A, D, 247, 248, 257"},"geometry":{"type":"LineString","coordinates":[[17.025891,51.09806],[17.025292,51.097483],[17.022002,51.094741],[17.020306,51.093283]]}},{"type":"Feature","properties":{"mode":"bus","n":12,"arr":["A","D","206","240","243","246","247","248","249","251","253","257"],"lines":"A, D, 206, 240, 243, 246, 247, 248, 249, 251, 253, 257"},"geometry":{"type":"LineString","coordinates":[[17.030188,51.102741],[17.029958,51.102472],[17.029618,51.101835]]}},{"type":"Feature","properties":{"mode":"bus","n":5,"arr":["A","N","246","253","255"],"lines":"A, N, 246, 253, 255"},"geometry":{"type":"LineString","coordinates":[[17.046925,51.107743],[17.047809,51.108138],[17.047891,51.108184],[17.048004,51.108311],[17.048048,51.108421],[17.048013,51.108735],[17.048018,51.109165],[17.048102,51.109769],[17.048301,51.110166]]}},{"type":"Feature","properties":{"mode":"bus","n":9,"arr":["D","N","206","243","247","248","249","253","257"],"lines":"D, N, 206, 243, 247, 248, 249, 253, 257"},"geometry":{"type":"LineString","coordinates":[[17.030771,51.104159],[17.030733,51.104072]]}},{"type":"Feature","properties":{"mode":"bus","n":8,"arr":["D","206","243","247","248","249","253","257"],"lines":"D, 206, 243, 247, 248, 249, 253, 257"},"geometry":{"type":"LineString","coordinates":[[17.030733,51.104072],[17.030343,51.10326],[17.030278,51.102913]]}},{"type":"Feature","properties":{"mode":"bus","n":6,"arr":["D","243","247","248","253","257"],"lines":"D, 243, 247, 248, 253, 257"},"geometry":{"type":"LineString","coordinates":[[17.033493,51.107097],[17.033464,51.106545],[17.033352,51.106058],[17.03317,51.105643],[17.032856,51.105287],[17.032705,51.105051],[17.032645,51.104994],[17.032494,51.104922],[17.032042,51.104791],[17.031866,51.104784],[17.031259,51.104821],[17.031108,51.104795],[17.031056,51.104754],[17.030771,51.104159]]}},{"type":"Feature","properties":{"mode":"bus","n":7,"arr":["D","N","241","243","246","253","255"],"lines":"D, N, 241, 243, 246, 253, 255"},"geometry":{"type":"LineString","coordinates":[[17.038763,51.107575],[17.041518,51.107291],[17.041674,51.107288],[17.041763,51.107313]]}},{"type":"Feature","properties":{"mode":"bus","n":7,"arr":["K","241","244","245","246","248","257"],"lines":"K, 241, 244, 245, 246, 248, 257"},"geometry":{"type":"LineString","coordinates":[[17.038744,51.099303],[17.038548,51.099308],[17.03795,51.099435]]}},{"type":"Feature","properties":{"mode":"bus","n":15,"arr":["206","241","242","243","244","245","246","247","248","249","251","253","255","257","259"],"lines":"206, 241, 242, 243, 244, 245, 246, 247, 248, 249, 251, 253, 255, 257, 259"},"geometry":{"type":"LineString","coordinates":[[17.030755,51.092084],[17.03376,51.091575]]}},{"type":"Feature","properties":{"mode":"bus","n":14,"arr":["241","242","243","244","245","246","247","248","249","251","253","255","257","259"],"lines":"241, 242, 243, 244, 245, 246, 247, 248, 249, 251, 253, 255, 257, 259"},"geometry":{"type":"LineString","coordinates":[[17.030755,51.092084],[17.029983,51.092225]]}},{"type":"Feature","properties":{"mode":"bus","n":10,"arr":["206","240","241","243","246","247","248","251","253","257"],"lines":"206, 240, 241, 243, 246, 247, 248, 251, 253, 257"},"geometry":{"type":"LineString","coordinates":[[17.036947,51.09576],[17.036949,51.095695],[17.036943,51.095675],[17.036925,51.095664],[17.036894,51.095659],[17.036312,51.095652],[17.035398,51.09552],[17.033431,51.095127],[17.032874,51.094974]]}},{"type":"Feature","properties":{"mode":"bus","n":9,"arr":["206","241","243","246","247","248","251","253","257"],"lines":"206, 241, 243, 246, 247, 248, 251, 253, 257"},"geometry":{"type":"LineString","coordinates":[[17.037098,51.097033],[17.036988,51.096736],[17.036933,51.096468],[17.036915,51.096202],[17.036947,51.09576]]}},{"type":"Feature","properties":{"mode":"bus","n":7,"arr":["206","240","247","248","249","257","259"],"lines":"206, 240, 247, 248, 249, 257, 259"},"geometry":{"type":"LineString","coordinates":[[17.031234,51.100884],[17.031385,51.100852]]}},{"type":"Feature","properties":{"mode":"bus","n":5,"arr":["206","247","248","249","257"],"lines":"206, 247, 248, 249, 257"},"geometry":{"type":"LineString","coordinates":[[17.02938,51.101383],[17.030058,51.101223],[17.030351,51.101075],[17.031234,51.100884]]}},{"type":"Feature","properties":{"mode":"bus","n":10,"arr":["206","240","243","246","247","248","249","251","253","257"],"lines":"206, 240, 243, 246, 247, 248, 249, 251, 253, 257"},"geometry":{"type":"LineString","coordinates":[[17.029618,51.101835],[17.02938,51.101383]]}},{"type":"Feature","properties":{"mode":"bus","n":5,"arr":["240","243","246","251","253"],"lines":"240, 243, 246, 251, 253"},"geometry":{"type":"LineString","coordinates":[[17.02938,51.101383],[17.029164,51.101038],[17.028961,51.10083],[17.028094,51.100021],[17.027656,51.099667],[17.027188,51.099232]]}},{"type":"Feature","properties":{"mode":"bus","n":11,"arr":["241","242","243","244","245","246","247","248","249","251","257"],"lines":"241, 242, 243, 244, 245, 246, 247, 248, 249, 251, 257"},"geometry":{"type":"LineString","coordinates":[[17.031259,51.094624],[17.031047,51.094485],[17.030969,51.094348],[17.029983,51.092225]]}},{"type":"Feature","properties":{"mode":"bus","n":6,"arr":["242","244","247","248","251","259"],"lines":"242, 244, 247, 248, 251, 259"},"geometry":{"type":"LineString","coordinates":[[17.034836,51.117559],[17.034601,51.117398],[17.034086,51.116912],[17.033738,51.116653],[17.033558,51.116442],[17.033486,51.116242],[17.033475,51.115954],[17.034077,51.114251]]}},{"type":"Feature","properties":{"mode":"bus","n":6,"arr":["242","244","247","248","251","259"],"lines":"242, 244, 247, 248, 251, 259"},"geometry":{"type":"LineString","coordinates":[[17.033532,51.116748],[17.033778,51.116683]]}},{"type":"Feature","properties":{"mode":"bus","n":5,"arr":["243","247","248","253","257"],"lines":"243, 247, 248, 253, 257"},"geometry":{"type":"LineString","coordinates":[[17.033483,51.107276],[17.033493,51.107097]]}},{"type":"Feature","properties":{"mode":"bus","n":6,"arr":["245","249","251","253","255","259"],"lines":"245, 249, 251, 253, 255, 259"},"geometry":{"type":"LineString","coordinates":[[17.029983,51.092225],[17.028736,51.089513]]}},{"type":"Feature","properties":{"mode":"tram","n":7,"arr":["0","1","2","4","10","19","T"],"lines":"0, 1, 2, 4, 10, 19, T"},"geometry":{"type":"LineString","coordinates":[[17.070578,51.10803],[17.071044,51.107901],[17.071988,51.107579],[17.077873,51.105517]]}},{"type":"Feature","properties":{"mode":"tram","n":8,"arr":["0","1","2","4","10","17","19","T"],"lines":"0, 1, 2, 4, 10, 17, 19, T"},"geometry":{"type":"LineString","coordinates":[[17.060566,51.111554],[17.060749,51.111595],[17.060853,51.111595],[17.061054,51.111532],[17.061516,51.110931],[17.061729,51.110791],[17.068263,51.108646],[17.069063,51.108366],[17.070578,51.10803]]}},{"type":"Feature","properties":{"mode":"tram","n":8,"arr":["0","1","2","4","10","17","19","T"],"lines":"0, 1, 2, 4, 10, 17, 19, T"},"geometry":{"type":"LineString","coordinates":[[17.061017,51.11155],[17.06107,51.111413],[17.06138,51.11097]]}},{"type":"Feature","properties":{"mode":"tram","n":8,"arr":["0","2","3","4","5","9","16","18"],"lines":"0, 2, 3, 4, 5, 9, 16, 18"},"geometry":{"type":"LineString","coordinates":[[17.048496,51.104807],[17.048079,51.105177],[17.04759,51.105516],[17.047524,51.105632],[17.047571,51.105788],[17.048129,51.106501],[17.048256,51.106752],[17.048293,51.106925],[17.048283,51.107187],[17.048092,51.107674]]}},{"type":"Feature","properties":{"mode":"tram","n":6,"arr":["0","2","4","9","16","18"],"lines":"0, 2, 4, 9, 16, 18"},"geometry":{"type":"LineString","coordinates":[[17.043673,51.098275],[17.045079,51.099558],[17.045136,51.099677],[17.045183,51.099949],[17.046341,51.102009],[17.047253,51.103202],[17.047974,51.103999],[17.048547,51.104578],[17.048571,51.104698],[17.048496,51.104807]]}},{"type":"Feature","properties":{"mode":"tram","n":7,"arr":["0","2","4","8","15","21","22"],"lines":"0, 2, 4, 8, 15, 21, 22"},"geometry":{"type":"LineString","coordinates":[[17.03572,51.099975],[17.03598,51.099896],[17.038564,51.099337],[17.03924,51.099231],[17.040157,51.099031],[17.042555,51.098408],[17.043114,51.09822]]}},{"type":"Feature","properties":{"mode":"tram","n":11,"arr":["0","2","4","5","8","15","17","21","22","23","T"],"lines":"0, 2, 4, 5, 8, 15, 17, 21, 22, 23, T"},"geometry":{"type":"LineString","coordinates":[[17.029667,51.10123],[17.03572,51.099975]]}},{"type":"Feature","properties":{"mode":"tram","n":5,"arr":["0","6","7","8","20"],"lines":"0, 6, 7, 8, 20"},"geometry":{"type":"LineString","coordinates":[[17.030607,51.104034],[17.030591,51.103913],[17.030264,51.103229],[17.030173,51.102829],[17.029846,51.102418],[17.029389,51.101571]]}},{"type":"Feature","properties":{"mode":"tram","n":5,"arr":["0","6","7","8","T"],"lines":"0, 6, 7, 8, T"},"geometry":{"type":"LineString","coordinates":[[17.03259,51.105511],[17.031694,51.105639],[17.031482,51.105616],[17.03136,51.105552],[17.03129,51.105464],[17.030607,51.104034]]}},{"type":"Feature","properties":{"mode":"tram","n":5,"arr":["0","5","8","17","23"],"lines":"0, 5, 8, 17, 23"},"geometry":{"type":"LineString","coordinates":[[17.038719,51.108041],[17.03853,51.10734],[17.03846,51.106852],[17.037827,51.105222]]}},{"type":"Feature","properties":{"mode":"tram","n":8,"arr":["3","5","8","10","11","13","17","23"],"lines":"3, 5, 8, 10, 11, 13, 17, 23"},"geometry":{"type":"LineString","coordinates":[[17.039678,51.11341],[17.039582,51.113277],[17.039501,51.113082],[17.039436,51.112094],[17.039117,51.110595],[17.038584,51.108851],[17.038581,51.108696],[17.038719,51.108041]]}},{"type":"Feature","properties":{"mode":"tram","n":6,"arr":["0","3","8","10","11","13"],"lines":"0, 3, 8, 10, 11, 13"},"geometry":{"type":"LineString","coordinates":[[17.038719,51.108041],[17.038743,51.108201]]}},{"type":"Feature","properties":{"mode":"tram","n":10,"arr":["0","3","5","8","10","11","13","17","23","T"],"lines":"0, 3, 5, 8, 10, 11, 13, 17, 23, T"},"geometry":{"type":"LineString","coordinates":[[17.038743,51.108201],[17.038631,51.108694],[17.038637,51.108905],[17.039174,51.110642],[17.039481,51.112094],[17.039566,51.113145],[17.03963,51.113278],[17.040333,51.114211],[17.040604,51.114697],[17.040888,51.115089],[17.041013,51.115421],[17.041599,51.116166],[17.041997,51.116972]]}},{"type":"Feature","properties":{"mode":"tram","n":9,"arr":["0","3","5","10","13","17","18","19","T"],"lines":"0, 3, 5, 10, 13, 17, 18, 19, T"},"geometry":{"type":"LineString","coordinates":[[17.05106,51.116728],[17.050868,51.116767],[17.0482,51.116927],[17.046667,51.117121],[17.045164,51.117191],[17.044515,51.11719],[17.042325,51.117103]]}},{"type":"Feature","properties":{"mode":"tram","n":7,"arr":["0","3","5","10","13","17","T"],"lines":"0, 3, 5, 10, 13, 17, T"},"geometry":{"type":"LineString","coordinates":[[17.042325,51.117103],[17.042141,51.117056],[17.041997,51.116972]]}},{"type":"Feature","properties":{"mode":"tram","n":9,"arr":["3","5","8","10","11","13","17","23","T"],"lines":"3, 5, 8, 10, 11, 13, 17, 23, T"},"geometry":{"type":"LineString","coordinates":[[17.041997,51.116972],[17.041891,51.116847],[17.041592,51.116238],[17.040994,51.115478],[17.04085,51.1151],[17.040569,51.114712],[17.040312,51.114235],[17.039678,51.11341]]}},{"type":"Feature","properties":{"mode":"tram","n":5,"arr":["3","5","9","10","18"],"lines":"3, 5, 9, 10, 18"},"geometry":{"type":"LineString","coordinates":[[17.050494,51.114129],[17.050685,51.114536],[17.051036,51.115467],[17.051239,51.116547]]}},{"type":"Feature","properties":{"mode":"tram","n":6,"arr":["0","3","5","10","18","T"],"lines":"0, 3, 5, 10, 18, T"},"geometry":{"type":"LineString","coordinates":[[17.051239,51.116547],[17.051184,51.116649],[17.05106,51.116728]]}},{"type":"Feature","properties":{"mode":"tram","n":5,"arr":["9","13","17","19","T"],"lines":"9, 13, 17, 19, T"},"geometry":{"type":"LineString","coordinates":[[17.060891,51.115812],[17.0539,51.116433],[17.051701,51.116688],[17.051503,51.116682]]}},{"type":"Feature","properties":{"mode":"tram","n":7,"arr":["0","3","5","9","10","18","T"],"lines":"0, 3, 5, 9, 10, 18, T"},"geometry":{"type":"LineString","coordinates":[[17.050448,51.114123],[17.050626,51.114495],[17.050979,51.115419],[17.051191,51.116453],[17.051239,51.116547]]}},{"type":"Feature","properties":{"mode":"tram","n":5,"arr":["0","2","10","16","T"],"lines":"0, 2, 10, 16, T"},"geometry":{"type":"LineString","coordinates":[[17.059415,51.111331],[17.059354,51.111371]]}},{"type":"Feature","properties":{"mode":"tram","n":5,"arr":["0","2","4","10","T"],"lines":"0, 2, 4, 10, T"},"geometry":{"type":"LineString","coordinates":[[17.060571,51.111516],[17.059807,51.111305],[17.059575,51.111283]]}},{"type":"Feature","properties":{"mode":"tram","n":6,"arr":["0","1","2","4","10","T"],"lines":"0, 1, 2, 4, 10, T"},"geometry":{"type":"LineString","coordinates":[[17.060914,51.111539],[17.060752,51.111554],[17.060571,51.111516]]}},{"type":"Feature","properties":{"mode":"tram","n":7,"arr":["0","1","2","4","10","17","T"],"lines":"0, 1, 2, 4, 10, 17, T"},"geometry":{"type":"LineString","coordinates":[[17.061036,51.111489],[17.060914,51.111539]]}},{"type":"Feature","properties":{"mode":"tram","n":5,"arr":["1","7","14","15","16"],"lines":"1, 7, 14, 15, 16"},"geometry":{"type":"LineString","coordinates":[[17.028148,51.132964],[17.027523,51.129279],[17.027711,51.127009],[17.027811,51.126515],[17.027839,51.126188],[17.027897,51.125989],[17.028072,51.125705],[17.029295,51.12426],[17.03008,51.122966]]}},{"type":"Feature","properties":{"mode":"tram","n":5,"arr":["1","7","14","15","16"],"lines":"1, 7, 14, 15, 16"},"geometry":{"type":"LineString","coordinates":[[17.030112,51.122987],[17.029288,51.124333],[17.028083,51.12575],[17.027952,51.125961],[17.027882,51.126185],[17.027741,51.127073],[17.027582,51.12928],[17.028173,51.132836]]}},{"type":"Feature","properties":{"mode":"tram","n":6,"arr":["1","6","16","18","19","24"],"lines":"1, 6, 16, 18, 19, 24"},"geometry":{"type":"LineString","coordinates":[[17.030198,51.122854],[17.03033,51.122811],[17.030591,51.122803],[17.030752,51.122828],[17.03131,51.122839],[17.031488,51.122885],[17.031658,51.123008],[17.033138,51.124316],[17.033419,51.124484],[17.033579,51.124518],[17.033777,51.124491],[17.034168,51.124292],[17.034342,51.12424],[17.035404,51.124324],[17.035576,51.1243],[17.035676,51.124254],[17.035755,51.124176],[17.035882,51.123655],[17.035955,51.123552],[17.036064,51.123485],[17.03631,51.123422],[17.038311,51.123151],[17.038663,51.123181],[17.043375,51.124108],[17.043622,51.124092],[17.044507,51.123888],[17.044724,51.123927]]}},{"type":"Feature","properties":{"mode":"tram","n":5,"arr":["1","8","11","16","23"],"lines":"1, 8, 11, 16, 23"},"geometry":{"type":"LineString","coordinates":[[17.044858,51.124031],[17.045366,51.124769]]}},{"type":"Feature","properties":{"mode":"tram","n":5,"arr":["1","16","17","19","T"],"lines":"1, 16, 17, 19, T"},"geometry":{"type":"LineString","coordinates":[[17.060891,51.115812],[17.060385,51.113796],[17.060587,51.112605],[17.060836,51.111974],[17.060806,51.111858],[17.060689,51.111749]]}},{"type":"Feature","properties":{"mode":"tram","n":5,"arr":["1","16","17","19","T"],"lines":"1, 16, 17, 19, T"},"geometry":{"type":"LineString","coordinates":[[17.060785,51.111828],[17.06073,51.111915]]}},{"type":"Feature","properties":{"mode":"tram","n":7,"arr":["1","2","10","16","17","19","T"],"lines":"1, 2, 10, 16, 17, 19, T"},"geometry":{"type":"LineString","coordinates":[[17.060797,51.11174],[17.060721,51.111626],[17.060566,51.111554]]}},{"type":"Feature","properties":{"mode":"tram","n":6,"arr":["1","2","10","17","19","T"],"lines":"1, 2, 10, 17, 19, T"},"geometry":{"type":"LineString","coordinates":[[17.060689,51.111749],[17.060797,51.11174]]}},{"type":"Feature","properties":{"mode":"tram","n":7,"arr":["1","6","8","11","16","23","24"],"lines":"1, 6, 8, 11, 16, 23, 24"},"geometry":{"type":"LineString","coordinates":[[17.044837,51.12409],[17.045178,51.124587]]}},{"type":"Feature","properties":{"mode":"tram","n":5,"arr":["2","6","7","14","17"],"lines":"2, 6, 7, 14, 17"},"geometry":{"type":"LineString","coordinates":[[17.007202,51.074907],[17.007273,51.077044],[17.007416,51.07842],[17.007634,51.079467],[17.007695,51.079561],[17.008017,51.079851],[17.008359,51.08062],[17.011855,51.086239]]}},{"type":"Feature","properties":{"mode":"tram","n":5,"arr":["2","6","7","14","17"],"lines":"2, 6, 7, 14, 17"},"geometry":{"type":"LineString","coordinates":[[17.007139,51.074622],[17.007206,51.076902],[17.007352,51.078371],[17.007584,51.079475],[17.007655,51.079577],[17.007891,51.079764],[17.007989,51.079882],[17.008268,51.080541],[17.011297,51.085448],[17.01175,51.086117]]}},{"type":"Feature","properties":{"mode":"tram","n":5,"arr":["2","6","7","17","20"],"lines":"2, 6, 7, 17, 20"},"geometry":{"type":"LineString","coordinates":[[17.029098,51.101176],[17.028987,51.10102],[17.028209,51.100201],[17.026995,51.099208],[17.025149,51.09749],[17.021679,51.094596],[17.012289,51.086613],[17.012128,51.086521]]}},{"type":"Feature","properties":{"mode":"tram","n":5,"arr":["2","6","7","17","20"],"lines":"2, 6, 7, 17, 20"},"geometry":{"type":"LineString","coordinates":[[17.029182,51.101303],[17.028215,51.100255],[17.026949,51.099212],[17.025207,51.097587],[17.021307,51.094328],[17.01225,51.086624]]}},{"type":"Feature","properties":{"mode":"tram","n":9,"arr":["2","4","5","8","15","17","21","22","23"],"lines":"2, 4, 5, 8, 15, 17, 21, 22, 23"},"geometry":{"type":"LineString","coordinates":[[17.029583,51.101246],[17.029489,51.101258]]}},{"type":"Feature","properties":{"mode":"tram","n":8,"arr":["2","4","5","15","17","21","22","23"],"lines":"2, 4, 5, 15, 17, 21, 22, 23"},"geometry":{"type":"LineString","coordinates":[[17.029489,51.101258],[17.029221,51.101294]]}},{"type":"Feature","properties":{"mode":"tram","n":6,"arr":["4","5","15","21","22","23"],"lines":"4, 5, 15, 21, 22, 23"},"geometry":{"type":"LineString","coordinates":[[17.029182,51.101303],[17.026046,51.102172],[17.025518,51.10236],[17.024612,51.102817],[17.023475,51.103454],[17.022932,51.103788],[17.022555,51.104051],[17.022168,51.104455]]}},{"type":"Feature","properties":{"mode":"tram","n":6,"arr":["4","5","15","21","22","23"],"lines":"4, 5, 15, 21, 22, 23"},"geometry":{"type":"LineString","coordinates":[[17.029198,51.101327],[17.025943,51.102231],[17.025523,51.102391],[17.02471,51.1028],[17.023464,51.103499],[17.022732,51.103956],[17.022333,51.104332]]}},{"type":"Feature","properties":{"mode":"tram","n":9,"arr":["4","5","7","15","17","20","21","22","23"],"lines":"4, 5, 7, 15, 17, 20, 21, 22, 23"},"geometry":{"type":"LineString","coordinates":[[17.029221,51.101294],[17.029182,51.101303]]}},{"type":"Feature","properties":{"mode":"tram","n":10,"arr":["2","4","5","8","15","17","21","22","23","T"],"lines":"2, 4, 5, 8, 15, 17, 21, 22, 23, T"},"geometry":{"type":"LineString","coordinates":[[17.029667,51.10123],[17.029583,51.101246]]}},{"type":"Feature","properties":{"mode":"tram","n":8,"arr":["2","4","5","15","21","22","23","T"],"lines":"2, 4, 5, 15, 21, 22, 23, T"},"geometry":{"type":"LineString","coordinates":[[17.029583,51.101246],[17.029459,51.101273]]}},{"type":"Feature","properties":{"mode":"tram","n":7,"arr":["2","4","5","15","21","22","23"],"lines":"2, 4, 5, 15, 21, 22, 23"},"geometry":{"type":"LineString","coordinates":[[17.029459,51.101273],[17.029198,51.101327]]}},{"type":"Feature","properties":{"mode":"tram","n":6,"arr":["8","15","16","18","21","22"],"lines":"8, 15, 16, 18, 21, 22"},"geometry":{"type":"LineString","coordinates":[[17.043307,51.098007],[17.043233,51.097901]]}},{"type":"Feature","properties":{"mode":"tram","n":6,"arr":["2","4","8","15","21","22"],"lines":"2, 4, 8, 15, 21, 22"},"geometry":{"type":"LineString","coordinates":[[17.043114,51.09822],[17.043252,51.098148]]}},{"type":"Feature","properties":{"mode":"tram","n":5,"arr":["2","4","9","16","18"],"lines":"2, 4, 9, 16, 18"},"geometry":{"type":"LineString","coordinates":[[17.043704,51.098257],[17.045133,51.099564],[17.04519,51.099687],[17.045226,51.099917],[17.046405,51.10201],[17.047263,51.103137],[17.048047,51.104008],[17.048598,51.10456],[17.048632,51.104674]]}},{"type":"Feature","properties":{"mode":"tram","n":7,"arr":["2","3","4","5","9","16","18"],"lines":"2, 3, 4, 5, 9, 16, 18"},"geometry":{"type":"LineString","coordinates":[[17.048632,51.104674],[17.048556,51.104799],[17.048096,51.105207],[17.047666,51.105504],[17.047585,51.105635],[17.047623,51.105772],[17.048206,51.106519],[17.04834,51.106846],[17.048356,51.107089],[17.048311,51.107306],[17.04816,51.107663],[17.048015,51.107884]]}},{"type":"Feature","properties":{"mode":"tram","n":5,"arr":["2","3","5","9","18"],"lines":"2, 3, 5, 9, 18"},"geometry":{"type":"LineString","coordinates":[[17.048015,51.107884],[17.047659,51.108418],[17.047564,51.108633],[17.047566,51.108802],[17.047712,51.10929],[17.048014,51.109924],[17.048539,51.110733],[17.049814,51.112563],[17.050305,51.113748]]}},{"type":"Feature","properties":{"mode":"tram","n":5,"arr":["2","3","5","9","18"],"lines":"2, 3, 5, 9, 18"},"geometry":{"type":"LineString","coordinates":[[17.048092,51.107674],[17.047503,51.108583],[17.047507,51.108796],[17.047677,51.109355],[17.047885,51.109785],[17.048497,51.110736],[17.04971,51.112462],[17.04988,51.112775],[17.050214,51.113635]]}},{"type":"Feature","properties":{"mode":"tram","n":5,"arr":["3","10","20","22","24"],"lines":"3, 10, 20, 22, 24"},"geometry":{"type":"LineString","coordinates":[[16.979328,51.127039],[16.977892,51.127589],[16.976602,51.127929],[16.968108,51.130489],[16.967356,51.130664],[16.957987,51.132627],[16.957037,51.132863],[16.956376,51.133114],[16.955755,51.133423],[16.953643,51.134767],[16.95331,51.134949],[16.952655,51.135227],[16.950375,51.136099]]}},{"type":"Feature","properties":{"mode":"tram","n":6,"arr":["3","10","12","20","21","22"],"lines":"3, 10, 12, 20, 21, 22"},"geometry":{"type":"LineString","coordinates":[[16.979854,51.126845],[16.980041,51.126723],[16.981231,51.126262],[16.983937,51.125107],[16.984478,51.124904],[16.985653,51.124556],[16.98604,51.124416],[16.987818,51.123694],[16.989118,51.123134],[16.992308,51.121885],[16.994256,51.12106],[16.996158,51.12011],[16.996702,51.119786],[16.997843,51.118947],[16.999617,51.117261],[17.000958,51.115919],[17.001419,51.115581],[17.002533,51.114904]]}},{"type":"Feature","properties":{"mode":"tram","n":6,"arr":["3","10","12","20","21","22"],"lines":"3, 10, 12, 20, 21, 22"},"geometry":{"type":"LineString","coordinates":[[17.002573,51.114929],[17.001492,51.115588],[17.000986,51.11596],[16.999647,51.117299],[16.997902,51.118964],[16.996769,51.119794],[16.99604,51.120216],[16.994356,51.121058],[16.992477,51.12186],[16.989052,51.123202],[16.987861,51.123721],[16.98601,51.124471],[16.984168,51.125062],[16.981298,51.126281],[16.980066,51.126756]]}},{"type":"Feature","properties":{"mode":"tram","n":5,"arr":["3","10","12","21","22"],"lines":"3, 10, 12, 21, 22"},"geometry":{"type":"LineString","coordinates":[[17.002533,51.114904],[17.003191,51.114513]]}},{"type":"Feature","properties":{"mode":"tram","n":5,"arr":["3","10","12","21","22"],"lines":"3, 10, 12, 21, 22"},"geometry":{"type":"LineString","coordinates":[[17.00417,51.114168],[17.00315,51.114607],[17.002573,51.114929]]}},{"type":"Feature","properties":{"mode":"tram","n":6,"arr":["3","10","12","13","21","22"],"lines":"3, 10, 12, 13, 21, 22"},"geometry":{"type":"LineString","coordinates":[[17.003191,51.114513],[17.006161,51.113227],[17.006534,51.113088],[17.006732,51.113041],[17.007416,51.11298],[17.009377,51.112891],[17.015366,51.112714],[17.016205,51.112679],[17.017138,51.112609],[17.018692,51.112401],[17.01963,51.112218],[17.020365,51.112046],[17.021327,51.111767]]}},{"type":"Feature","properties":{"mode":"tram","n":6,"arr":["3","10","12","13","21","22"],"lines":"3, 10, 12, 13, 21, 22"},"geometry":{"type":"LineString","coordinates":[[17.021318,51.111808],[17.020222,51.112119],[17.019638,51.112258],[17.018243,51.112506],[17.017157,51.112641],[17.016215,51.112715],[17.015376,51.112751],[17.009118,51.112941],[17.006772,51.113124],[17.006484,51.113169],[17.006173,51.113275],[17.004967,51.113793],[17.00417,51.114168]]}},{"type":"Feature","properties":{"mode":"tram","n":5,"arr":["3","10","12","13","T"],"lines":"3, 10, 12, 13, T"},"geometry":{"type":"LineString","coordinates":[[17.026536,51.110339],[17.026662,51.110189],[17.027052,51.109022],[17.02733,51.108641],[17.027512,51.1085]]}},{"type":"Feature","properties":{"mode":"tram","n":6,"arr":["3","10","11","12","13","T"],"lines":"3, 10, 11, 12, 13, T"},"geometry":{"type":"LineString","coordinates":[[17.027512,51.1085],[17.027674,51.108413],[17.028069,51.108272],[17.032285,51.107311]]}},{"type":"Feature","properties":{"mode":"tram","n":6,"arr":["3","10","11","12","13","T"],"lines":"3, 10, 11, 12, 13, T"},"geometry":{"type":"LineString","coordinates":[[17.032642,51.107242],[17.032973,51.107201]]}},{"type":"Feature","properties":{"mode":"tram","n":5,"arr":["3","10","11","13","T"],"lines":"3, 10, 11, 13, T"},"geometry":{"type":"LineString","coordinates":[[17.032285,51.107311],[17.032642,51.107242]]}},{"type":"Feature","properties":{"mode":"tram","n":5,"arr":["3","10","11","12","13"],"lines":"3, 10, 11, 12, 13"},"geometry":{"type":"LineString","coordinates":[[17.032973,51.107201],[17.033239,51.107214]]}},{"type":"Feature","properties":{"mode":"tram","n":5,"arr":["3","10","12","13","14"],"lines":"3, 10, 12, 13, 14"},"geometry":{"type":"LineString","coordinates":[[17.021772,51.111645],[17.021724,51.111668]]}},{"type":"Feature","properties":{"mode":"tram","n":5,"arr":["5","15","21","22","23"],"lines":"5, 15, 21, 22, 23"},"geometry":{"type":"LineString","coordinates":[[17.022168,51.104455],[17.022081,51.10455]]}},{"type":"Feature","properties":{"mode":"tram","n":7,"arr":["6","7","14","15","18","19","24"],"lines":"6, 7, 14, 15, 18, 19, 24"},"geometry":{"type":"LineString","coordinates":[[17.031797,51.118156],[17.030707,51.122024],[17.030558,51.122339],[17.030198,51.122854]]}},{"type":"Feature","properties":{"mode":"tram","n":7,"arr":["6","7","14","15","18","19","24"],"lines":"6, 7, 14, 15, 18, 19, 24"},"geometry":{"type":"LineString","coordinates":[[17.030405,51.122469],[17.030648,51.12202],[17.03136,51.119612],[17.03175,51.118172]]}},{"type":"Feature","properties":{"mode":"tram","n":5,"arr":["6","8","11","23","24"],"lines":"6, 8, 11, 23, 24"},"geometry":{"type":"LineString","coordinates":[[17.044724,51.123927],[17.044837,51.12409]]}},{"type":"Feature","properties":{"mode":"tram","n":5,"arr":["6","8","11","23","24"],"lines":"6, 8, 11, 23, 24"},"geometry":{"type":"LineString","coordinates":[[17.045178,51.124587],[17.045443,51.124916],[17.046507,51.12584],[17.046893,51.126098],[17.047346,51.126301],[17.050117,51.127211],[17.051976,51.127657],[17.05397,51.128294],[17.055514,51.128639],[17.055925,51.128781],[17.060655,51.130646],[17.061421,51.131035],[17.061902,51.13124],[17.063433,51.13173],[17.063819,51.131784],[17.065075,51.13174]]}},{"type":"Feature","properties":{"mode":"tram","n":5,"arr":["8","11","18","19","23"],"lines":"8, 11, 18, 19, 23"},"geometry":{"type":"LineString","coordinates":[[17.044724,51.123927],[17.044387,51.123131],[17.04357,51.121589],[17.041987,51.119168],[17.041958,51.118972],[17.042056,51.118045],[17.04202,51.117403],[17.042051,51.117257]]}},{"type":"Feature","properties":{"mode":"tram","n":5,"arr":["8","11","18","19","23"],"lines":"8, 11, 18, 19, 23"},"geometry":{"type":"LineString","coordinates":[[17.044629,51.123647],[17.044428,51.123125],[17.043681,51.121704],[17.042029,51.119161],[17.042002,51.118839],[17.042104,51.117929],[17.042061,51.1174]]}},{"type":"Feature","properties":{"mode":"tram","n":5,"arr":["6","7","8","20","T"],"lines":"6, 7, 8, 20, T"},"geometry":{"type":"LineString","coordinates":[[17.030541,51.1039],[17.030208,51.10322],[17.029946,51.102877],[17.029834,51.102484],[17.029349,51.101578]]}},{"type":"Feature","properties":{"mode":"tram","n":5,"arr":["8","16","18","21","22"],"lines":"8, 16, 18, 21, 22"},"geometry":{"type":"LineString","coordinates":[[17.043952,51.09138],[17.044229,51.090929],[17.046105,51.087509],[17.047035,51.085875],[17.047212,51.085689],[17.047861,51.085379],[17.048498,51.084939],[17.048695,51.084762],[17.048804,51.084587],[17.049349,51.083114]]}},{"type":"Feature","properties":{"mode":"tram","n":7,"arr":["8","9","15","16","18","21","22"],"lines":"8, 9, 15, 16, 18, 21, 22"},"geometry":{"type":"LineString","coordinates":[[17.043233,51.097901],[17.041627,51.096448],[17.041558,51.096347],[17.04155,51.096265],[17.041609,51.096156],[17.042276,51.095496],[17.042459,51.095253],[17.042614,51.094979],[17.042716,51.094724],[17.04279,51.094391],[17.042785,51.09357],[17.042824,51.093372],[17.043952,51.09138]]}},{"type":"Feature","properties":{"mode":"tram","n":5,"arr":["14","15","21","22","23"],"lines":"14, 15, 21, 22, 23"},"geometry":{"type":"LineString","coordinates":[[17.02184,51.104816],[17.021615,51.105112],[17.021512,51.105464],[17.021485,51.107736],[17.021527,51.107884]]}},{"type":"Feature","properties":{"mode":"tram","n":5,"arr":["14","15","18","19","24"],"lines":"14, 15, 18, 19, 24"},"geometry":{"type":"LineString","coordinates":[[17.031136,51.117928],[17.030011,51.118102],[17.029568,51.118119],[17.029009,51.118075],[17.028468,51.117964],[17.027123,51.117543],[17.024937,51.11703]]}},{"type":"Feature","properties":{"mode":"tram","n":5,"arr":["14","15","18","19","24"],"lines":"14, 15, 18, 19, 24"},"geometry":{"type":"LineString","coordinates":[[17.03175,51.118172],[17.031734,51.118033],[17.031604,51.117931],[17.031412,51.117892],[17.031192,51.117921],[17.031176,51.117923],[17.031167,51.117923],[17.031163,51.117923],[17.031166,51.117921],[17.031174,51.117918],[17.031189,51.117914],[17.03139,51.11786],[17.03161,51.117892],[17.031777,51.118013],[17.031797,51.118156]]}}]}