{"type":"FeatureCollection","features":[{"type":"Feature","geometry":{"type":"Point","coordinates":[17.123977,51.071213]},"properties":{"name":"MOKRY DWÓR","lines":"100","arr":["100"],"terminus":1,"mode":"bus","color":"#0059a9","colorDark":"#00294f","angle":141,"snapDist":5,"label":1}},{"type":"Feature","geometry":{"type":"Point","coordinates":[17.117769,51.072133]},"properties":{"name":"Mokry Dwór - Starodworska","lines":"100","arr":["100"],"terminus":0,"mode":"bus","color":"#0059a9","colorDark":"#00294f","angle":15.7,"snapDist":4,"label":1}},{"type":"Feature","geometry":{"type":"Point","coordinates":[17.108541,51.073814]},"properties":{"name":"Starodworska","lines":"100","arr":["100"],"terminus":0,"mode":"bus","color":"#0059a9","colorDark":"#00294f","angle":16.1,"snapDist":11,"label":1}},{"type":"Feature","geometry":{"type":"Point","coordinates":[17.092392,51.076028]},"properties":{"name":"Blizanowicka","lines":"100","arr":["100"],"terminus":0,"mode":"bus","color":"#0059a9","colorDark":"#00294f","angle":21.9,"snapDist":4,"label":1}},{"type":"Feature","geometry":{"type":"Point","coordinates":[17.089171,51.076743]},"properties":{"name":"Księska","lines":"100","arr":["100"],"terminus":0,"mode":"bus","color":"#0059a9","colorDark":"#00294f","angle":30.1,"snapDist":6,"label":1}},{"type":"Feature","geometry":{"type":"Point","coordinates":[17.083546,51.077797]},"properties":{"name":"KSIĘŻE MAŁE","lines":"100, 124, 133, 134, 310, 343, 243","arr":["100","124","133","134","310","343","243"],"terminus":0,"mode":"bus","color":"#0059a9","colorDark":"#00294f","angle":50.6,"snapDist":8,"label":1}},{"type":"Feature","geometry":{"type":"Point","coordinates":[17.076386,51.082535]},"properties":{"name":"Karwińska (Dawna Pralnia)","lines":"100, 124, 133, 134, 310, 343, 243","arr":["100","124","133","134","310","343","243"],"terminus":0,"mode":"bus","color":"#0059a9","colorDark":"#00294f","angle":43.6,"snapDist":5,"label":1}},{"type":"Feature","geometry":{"type":"Point","coordinates":[17.071968,51.085153]},"properties":{"name":"Park Wschodni","lines":"100, 124, 133, 134, 310, 343, 243","arr":["100","124","133","134","310","343","243"],"terminus":0,"mode":"bus","color":"#0059a9","colorDark":"#00294f","angle":48,"snapDist":7,"label":1}},{"type":"Feature","geometry":{"type":"Point","coordinates":[17.069816,51.087934]},"properties":{"name":"Armii Krajowej","lines":"100, 124, 133, 134, 143, 310","arr":["100","124","133","134","143","310"],"terminus":0,"mode":"bus","color":"#0059a9","colorDark":"#00294f","angle":316.7,"snapDist":4,"label":1}},{"type":"Feature","geometry":{"type":"Point","coordinates":[17.065368,51.085295]},"properties":{"name":"Armii Krajowej (Bogedaina)","lines":"100, 114, 124, 133, 134, 143, 310","arr":["100","114","124","133","134","143","310"],"terminus":0,"mode":"bus","color":"#0059a9","colorDark":"#00294f","angle":316.4,"snapDist":8,"label":1}},{"type":"Feature","geometry":{"type":"Point","coordinates":[17.062491,51.079919]},"properties":{"name":"Klimasa","lines":"100, 114, 124, 125, 143, 310, 245","arr":["100","114","124","125","143","310","245"],"terminus":0,"mode":"bus","color":"#0059a9","colorDark":"#00294f","angle":256,"snapDist":8,"label":1}},{"type":"Feature","geometry":{"type":"Point","coordinates":[17.063959,51.078557]},"properties":{"name":"TARNOGAJ","lines":"100, 114, 124, 125, 136, 310, 903, 245","arr":["100","114","124","125","136","310","903","245"],"terminus":1,"mode":"bus","color":"#0059a9","colorDark":"#00294f","angle":342.4,"snapDist":5,"label":1}},{"type":"Feature","geometry":{"type":"Point","coordinates":[17.060323,51.077104]},"properties":{"name":"Złotostocka","lines":"100, 136, 143, 310, 903","arr":["100","136","143","310","903"],"terminus":0,"mode":"bus","color":"#0059a9","colorDark":"#00294f","angle":343.8,"snapDist":5,"label":1}},{"type":"Feature","geometry":{"type":"Point","coordinates":[17.05057,51.076697]},"properties":{"name":"GAJ - pętla","lines":"100, 146, 255","arr":["100","146","255"],"terminus":1,"mode":"bus","color":"#0059a9","colorDark":"#00294f","angle":350.9,"snapDist":10,"label":1}},{"type":"Feature","geometry":{"type":"Point","coordinates":[17.053166,51.076624]},"properties":{"name":"Morwowa","lines":"100, 136, 143, 903","arr":["100","136","143","903"],"terminus":0,"mode":"bus","color":"#0059a9","colorDark":"#00294f","angle":177.9,"snapDist":9,"label":1}},{"type":"Feature","geometry":{"type":"Point","coordinates":[17.06181,51.077363]},"properties":{"name":"Złotostocka","lines":"100, 136, 143, 903","arr":["100","136","143","903"],"terminus":0,"mode":"bus","color":"#0059a9","colorDark":"#00294f","angle":164.5,"snapDist":4,"label":0}},{"type":"Feature","geometry":{"type":"Point","coordinates":[17.06464,51.077863]},"properties":{"name":"TARNOGAJ","lines":"100, 114, 124, 125, 136, 903, 245","arr":["100","114","124","125","136","903","245"],"terminus":1,"mode":"bus","color":"#0059a9","colorDark":"#00294f","angle":164.8,"snapDist":8,"label":0}},{"type":"Feature","geometry":{"type":"Point","coordinates":[17.062399,51.08015]},"properties":{"name":"Klimasa","lines":"100, 114, 124, 125, 143, 245","arr":["100","114","124","125","143","245"],"terminus":0,"mode":"bus","color":"#0059a9","colorDark":"#00294f","angle":76,"snapDist":5,"label":0}},{"type":"Feature","geometry":{"type":"Point","coordinates":[17.066152,51.085577]},"properties":{"name":"Armii Krajowej (Bogedaina)","lines":"100, 114, 124, 134, 143, 310, 240","arr":["100","114","124","134","143","310","240"],"terminus":0,"mode":"bus","color":"#0059a9","colorDark":"#00294f","angle":136.6,"snapDist":8,"label":0}},{"type":"Feature","geometry":{"type":"Point","coordinates":[17.072281,51.084935]},"properties":{"name":"Park Wschodni","lines":"100, 124, 134, 310, 343, 240, 243","arr":["100","124","134","310","343","240","243"],"terminus":0,"mode":"bus","color":"#0059a9","colorDark":"#00294f","angle":228,"snapDist":8,"label":0}},{"type":"Feature","geometry":{"type":"Point","coordinates":[17.078261,51.081421]},"properties":{"name":"Karwińska (Dawna Pralnia)","lines":"100, 124, 134, 310, 343, 240, 243","arr":["100","124","134","310","343","240","243"],"terminus":0,"mode":"bus","color":"#0059a9","colorDark":"#00294f","angle":223.7,"snapDist":8,"label":0}},{"type":"Feature","geometry":{"type":"Point","coordinates":[17.084526,51.077063]},"properties":{"name":"KSIĘŻE MAŁE","lines":"100, 124, 134, 310, 343, 240, 243","arr":["100","124","134","310","343","240","243"],"terminus":0,"mode":"bus","color":"#0059a9","colorDark":"#00294f","angle":229.8,"snapDist":11,"label":0}},{"type":"Feature","geometry":{"type":"Point","coordinates":[17.090219,51.076432]},"properties":{"name":"Księska","lines":"100","arr":["100"],"terminus":0,"mode":"bus","color":"#0059a9","colorDark":"#00294f","angle":199.3,"snapDist":5,"label":0}},{"type":"Feature","geometry":{"type":"Point","coordinates":[17.092791,51.075926]},"properties":{"name":"Blizanowicka","lines":"100","arr":["100"],"terminus":0,"mode":"bus","color":"#0059a9","colorDark":"#00294f","angle":203.5,"snapDist":5,"label":0}},{"type":"Feature","geometry":{"type":"Point","coordinates":[17.108554,51.073812]},"properties":{"name":"Starodworska","lines":"100","arr":["100"],"terminus":0,"mode":"bus","color":"#0059a9","colorDark":"#00294f","angle":196.1,"snapDist":0,"label":0}},{"type":"Feature","geometry":{"type":"Point","coordinates":[17.11723,51.072225]},"properties":{"name":"Mokry Dwór - Starodworska","lines":"100","arr":["100"],"terminus":0,"mode":"bus","color":"#0059a9","colorDark":"#00294f","angle":194.3,"snapDist":2,"label":0}},{"type":"Feature","geometry":{"type":"Point","coordinates":[16.871333,51.144651]},"properties":{"name":"LEŚNICA","lines":"101, 148, 243, 253","arr":["101","148","243","253"],"terminus":1,"mode":"bus","color":"#0059a9","colorDark":"#00294f","angle":323.4,"snapDist":9,"label":1}},{"type":"Feature","geometry":{"type":"Point","coordinates":[16.866558,51.145365]},"properties":{"name":"Średzka","lines":"101, 123, 137, 138, 148, 917, 937, 938, 948, 958, 243, 253","arr":["101","123","137","138","148","917","937","938","948","958","243","253"],"terminus":0,"mode":"bus","color":"#0059a9","colorDark":"#00294f","angle":106.2,"snapDist":4,"label":1}},{"type":"Feature","geometry":{"type":"Point","coordinates":[16.87202,51.145245]},"properties":{"name":"LEŚNICA","lines":"101, 148, 243, 253","arr":["101","148","243","253"],"terminus":0,"mode":"bus","color":"#0059a9","colorDark":"#00294f","angle":193.6,"snapDist":7,"label":0}},{"type":"Feature","geometry":{"type":"Point","coordinates":[16.87598,51.14564]},"properties":{"name":"Jeleniogórska","lines":"101, 923, 243","arr":["101","923","243"],"terminus":0,"mode":"bus","color":"#0059a9","colorDark":"#00294f","angle":112.4,"snapDist":3,"label":1}},{"type":"Feature","geometry":{"type":"Point","coordinates":[16.879303,51.149712]},"properties":{"name":"Śnieżna","lines":"101, 923, 243","arr":["101","923","243"],"terminus":0,"mode":"bus","color":"#0059a9","colorDark":"#00294f","angle":129.1,"snapDist":5,"label":1}},{"type":"Feature","geometry":{"type":"Point","coordinates":[16.884011,51.152794]},"properties":{"name":"Ciechocińska","lines":"101, 923, 243","arr":["101","923","243"],"terminus":0,"mode":"bus","color":"#0059a9","colorDark":"#00294f","angle":137.6,"snapDist":5,"label":1}},{"type":"Feature","geometry":{"type":"Point","coordinates":[16.890754,51.155479]},"properties":{"name":"Stabłowice","lines":"101, 102, 107, 923","arr":["101","102","107","923"],"terminus":0,"mode":"bus","color":"#0059a9","colorDark":"#00294f","angle":-65.2,"snapDist":51,"label":1}},{"type":"Feature","geometry":{"type":"Point","coordinates":[16.893585,51.159698]},"properties":{"name":"Park Stabłowicki","lines":"101, 102, 107, 923","arr":["101","102","107","923"],"terminus":0,"mode":"bus","color":"#0059a9","colorDark":"#00294f","angle":107.4,"snapDist":8,"label":1}},{"type":"Feature","geometry":{"type":"Point","coordinates":[16.896595,51.163669]},"properties":{"name":"Główna","lines":"101, 103, 107, 245","arr":["101","103","107","245"],"terminus":0,"mode":"bus","color":"#0059a9","colorDark":"#00294f","angle":120.5,"snapDist":8,"label":1}},{"type":"Feature","geometry":{"type":"Point","coordinates":[16.899149,51.16752]},"properties":{"name":"Stabłowicka (Ośrodek Zdrowia)","lines":"101, 103, 107, 245","arr":["101","103","107","245"],"terminus":0,"mode":"bus","color":"#0059a9","colorDark":"#00294f","angle":112.4,"snapDist":7,"label":1}},{"type":"Feature","geometry":{"type":"Point","coordinates":[16.901577,51.170359]},"properties":{"name":"Stabłowicka","lines":"101, 103, 107, 245","arr":["101","103","107","245"],"terminus":0,"mode":"bus","color":"#0059a9","colorDark":"#00294f","angle":121.4,"snapDist":4,"label":1}},{"type":"Feature","geometry":{"type":"Point","coordinates":[16.90332,51.172177]},"properties":{"name":"Pracze Odrzańskie (Stacja kolejowa)","lines":"101, 103, 107, 245","arr":["101","103","107","245"],"terminus":0,"mode":"bus","color":"#0059a9","colorDark":"#00294f","angle":121,"snapDist":6,"label":1}},{"type":"Feature","geometry":{"type":"Point","coordinates":[16.908263,51.1743]},"properties":{"name":"PRACZE ODRZAŃSKIE","lines":"101","arr":["101"],"terminus":0,"mode":"bus","color":"#0059a9","colorDark":"#00294f","angle":190.3,"snapDist":5,"label":0}},{"type":"Feature","geometry":{"type":"Point","coordinates":[16.912176,51.173573]},"properties":{"name":"Zbożowa","lines":"101","arr":["101"],"terminus":0,"mode":"bus","color":"#0059a9","colorDark":"#00294f","angle":198.6,"snapDist":5,"label":1}},{"type":"Feature","geometry":{"type":"Point","coordinates":[16.919332,51.163502]},"properties":{"name":"Lubelska","lines":"101","arr":["101"],"terminus":0,"mode":"bus","color":"#0059a9","colorDark":"#00294f","angle":248.9,"snapDist":5,"label":1}},{"type":"Feature","geometry":{"type":"Point","coordinates":[16.922444,51.158178]},"properties":{"name":"Brodzka","lines":"101","arr":["101"],"terminus":0,"mode":"bus","color":"#0059a9","colorDark":"#00294f","angle":250,"snapDist":6,"label":1}},{"type":"Feature","geometry":{"type":"Point","coordinates":[16.924137,51.154517]},"properties":{"name":"Królewiecka (Staw)","lines":"101, 123","arr":["101","123"],"terminus":0,"mode":"bus","color":"#0059a9","colorDark":"#00294f","angle":243.4,"snapDist":7,"label":1}},{"type":"Feature","geometry":{"type":"Point","coordinates":[16.927223,51.1518]},"properties":{"name":"Suwalska","lines":"101, 123","arr":["101","123"],"terminus":0,"mode":"bus","color":"#0059a9","colorDark":"#00294f","angle":237,"snapDist":6,"label":1}},{"type":"Feature","geometry":{"type":"Point","coordinates":[16.930889,51.148255]},"properties":{"name":"Królewiecka (Park)","lines":"101, 123","arr":["101","123"],"terminus":0,"mode":"bus","color":"#0059a9","colorDark":"#00294f","angle":242.1,"snapDist":9,"label":1}},{"type":"Feature","geometry":{"type":"Point","coordinates":[16.940208,51.14655]},"properties":{"name":"Warmińska","lines":"101, 123","arr":["101","123"],"terminus":0,"mode":"bus","color":"#0059a9","colorDark":"#00294f","angle":183.7,"snapDist":8,"label":1}},{"type":"Feature","geometry":{"type":"Point","coordinates":[16.946589,51.145435]},"properties":{"name":"Królewiecka","lines":"101, 123, 152","arr":["101","123","152"],"terminus":0,"mode":"bus","color":"#0059a9","colorDark":"#00294f","angle":210.5,"snapDist":22,"label":1}},{"type":"Feature","geometry":{"type":"Point","coordinates":[16.949752,51.144075]},"properties":{"name":"TARCZYŃSKI ARENA (Królewiecka)","lines":"101, 102, 103, 104, 123, 127, 152, 245","arr":["101","102","103","104","123","127","152","245"],"terminus":0,"mode":"bus","color":"#0059a9","colorDark":"#00294f","angle":208.9,"snapDist":9,"label":1}},{"type":"Feature","geometry":{"type":"Point","coordinates":[16.953462,51.143656]},"properties":{"name":"Dworska","lines":"101, 102, 103, 104, 123, 127, 152, 245","arr":["101","102","103","104","123","127","152","245"],"terminus":0,"mode":"bus","color":"#0059a9","colorDark":"#00294f","angle":190,"snapDist":6,"label":1}},{"type":"Feature","geometry":{"type":"Point","coordinates":[16.959492,51.139968]},"properties":{"name":"Górnicza","lines":"101, 103, 123, 136, 152, 246","arr":["101","103","123","136","152","246"],"terminus":0,"mode":"bus","color":"#0059a9","colorDark":"#00294f","angle":216.5,"snapDist":9,"label":1}},{"type":"Feature","geometry":{"type":"Point","coordinates":[16.966867,51.13631]},"properties":{"name":"Modra","lines":"101, 103","arr":["101","103"],"terminus":0,"mode":"bus","color":"#0059a9","colorDark":"#00294f","angle":228.4,"snapDist":9,"label":1}},{"type":"Feature","geometry":{"type":"Point","coordinates":[16.972728,51.132772]},"properties":{"name":"Kolista","lines":"101, 103","arr":["101","103"],"terminus":0,"mode":"bus","color":"#0059a9","colorDark":"#00294f","angle":224.1,"snapDist":12,"label":1}},{"type":"Feature","geometry":{"type":"Point","coordinates":[16.985448,51.129153]},"properties":{"name":"Wejherowska (Hala Orbita)","lines":"101, 104, 119, 128, 129, 153, 319","arr":["101","104","119","128","129","153","319"],"terminus":0,"mode":"bus","color":"#0059a9","colorDark":"#00294f","angle":283.8,"snapDist":9,"label":1}},{"type":"Feature","geometry":{"type":"Point","coordinates":[16.983349,51.125513]},"properties":{"name":"Kwiska","lines":"101, 102, 104, 119, 122, 128, 129, 153, 319, 607, 243, 253","arr":["101","102","104","119","122","128","129","153","319","607","243","253"],"terminus":1,"mode":"bus","color":"#0059a9","colorDark":"#00294f","angle":32.6,"snapDist":9,"label":1}},{"type":"Feature","geometry":{"type":"Point","coordinates":[16.971636,51.133398]},"properties":{"name":"Kolista","lines":"101, 103","arr":["101","103"],"terminus":0,"mode":"bus","color":"#0059a9","colorDark":"#00294f","angle":42.5,"snapDist":10,"label":0}},{"type":"Feature","geometry":{"type":"Point","coordinates":[16.96481,51.137691]},"properties":{"name":"Modra","lines":"101, 103","arr":["101","103"],"terminus":0,"mode":"bus","color":"#0059a9","colorDark":"#00294f","angle":45.8,"snapDist":7,"label":0}},{"type":"Feature","geometry":{"type":"Point","coordinates":[16.958195,51.140574]},"properties":{"name":"Górnicza","lines":"101, 102, 103, 104, 123, 127, 152, 245","arr":["101","102","103","104","123","127","152","245"],"terminus":0,"mode":"bus","color":"#0059a9","colorDark":"#00294f","angle":36.8,"snapDist":7,"label":0}},{"type":"Feature","geometry":{"type":"Point","coordinates":[16.952961,51.143707]},"properties":{"name":"Dworska","lines":"101, 102, 103, 104, 123, 127, 152, 245","arr":["101","102","103","104","123","127","152","245"],"terminus":0,"mode":"bus","color":"#0059a9","colorDark":"#00294f","angle":8.5,"snapDist":8,"label":0}},{"type":"Feature","geometry":{"type":"Point","coordinates":[16.947843,51.144957]},"properties":{"name":"TARCZYŃSKI ARENA (Królewiecka)","lines":"101, 123, 152","arr":["101","123","152"],"terminus":0,"mode":"bus","color":"#0059a9","colorDark":"#00294f","angle":33.5,"snapDist":9,"label":0}},{"type":"Feature","geometry":{"type":"Point","coordinates":[16.944792,51.146009]},"properties":{"name":"Królewiecka","lines":"101, 123","arr":["101","123"],"terminus":0,"mode":"bus","color":"#0059a9","colorDark":"#00294f","angle":33.7,"snapDist":12,"label":0}},{"type":"Feature","geometry":{"type":"Point","coordinates":[16.93835,51.146657]},"properties":{"name":"Warmińska","lines":"101, 123","arr":["101","123"],"terminus":0,"mode":"bus","color":"#0059a9","colorDark":"#00294f","angle":7.2,"snapDist":9,"label":0}},{"type":"Feature","geometry":{"type":"Point","coordinates":[16.930334,51.148922]},"properties":{"name":"Królewiecka (Park)","lines":"101, 123","arr":["101","123"],"terminus":0,"mode":"bus","color":"#0059a9","colorDark":"#00294f","angle":57.6,"snapDist":6,"label":0}},{"type":"Feature","geometry":{"type":"Point","coordinates":[16.926752,51.152221]},"properties":{"name":"Suwalska","lines":"101, 123","arr":["101","123"],"terminus":0,"mode":"bus","color":"#0059a9","colorDark":"#00294f","angle":54,"snapDist":6,"label":0}},{"type":"Feature","geometry":{"type":"Point","coordinates":[16.922905,51.156875]},"properties":{"name":"Brodzka","lines":"101, 123","arr":["101","123"],"terminus":0,"mode":"bus","color":"#0059a9","colorDark":"#00294f","angle":85.8,"snapDist":6,"label":0}},{"type":"Feature","geometry":{"type":"Point","coordinates":[16.919094,51.163904]},"properties":{"name":"Lubelska","lines":"101","arr":["101"],"terminus":0,"mode":"bus","color":"#0059a9","colorDark":"#00294f","angle":70.1,"snapDist":4,"label":0}},{"type":"Feature","geometry":{"type":"Point","coordinates":[16.912919,51.173387]},"properties":{"name":"Zbożowa","lines":"101","arr":["101"],"terminus":0,"mode":"bus","color":"#0059a9","colorDark":"#00294f","angle":23.2,"snapDist":4,"label":0}},{"type":"Feature","geometry":{"type":"Point","coordinates":[16.905344,51.174222]},"properties":{"name":"PRACZE ODRZAŃSKIE","lines":"101, 103, 107, 245","arr":["101","103","107","245"],"terminus":0,"mode":"bus","color":"#0059a9","colorDark":"#00294f","angle":345.8,"snapDist":5,"label":0}},{"type":"Feature","geometry":{"type":"Point","coordinates":[16.902551,51.171374]},"properties":{"name":"Pracze Odrzańskie (Stacja kolejowa)","lines":"101, 103, 107, 245","arr":["101","103","107","245"],"terminus":0,"mode":"bus","color":"#0059a9","colorDark":"#00294f","angle":301,"snapDist":5,"label":0}},{"type":"Feature","geometry":{"type":"Point","coordinates":[16.898688,51.166809]},"properties":{"name":"Stabłowicka (Ośrodek Zdrowia)","lines":"101, 103, 107, 245","arr":["101","103","107","245"],"terminus":0,"mode":"bus","color":"#0059a9","colorDark":"#00294f","angle":293.1,"snapDist":7,"label":0}},{"type":"Feature","geometry":{"type":"Point","coordinates":[16.895812,51.16287]},"properties":{"name":"Główna","lines":"101, 102, 107, 923","arr":["101","102","107","923"],"terminus":0,"mode":"bus","color":"#0059a9","colorDark":"#00294f","angle":301.5,"snapDist":7,"label":0}},{"type":"Feature","geometry":{"type":"Point","coordinates":[16.89382,51.160166]},"properties":{"name":"Park Stabłowicki","lines":"101, 102, 107, 923","arr":["101","102","107","923"],"terminus":0,"mode":"bus","color":"#0059a9","colorDark":"#00294f","angle":287.4,"snapDist":8,"label":0}},{"type":"Feature","geometry":{"type":"Point","coordinates":[16.891455,51.156473]},"properties":{"name":"Stabłowice","lines":"101, 102, 107, 923","arr":["101","102","107","923"],"terminus":0,"mode":"bus","color":"#0059a9","colorDark":"#00294f","angle":294.8,"snapDist":5,"label":0}},{"type":"Feature","geometry":{"type":"Point","coordinates":[16.883539,51.152527]},"properties":{"name":"Ciechocińska","lines":"101, 923, 243","arr":["101","923","243"],"terminus":0,"mode":"bus","color":"#0059a9","colorDark":"#00294f","angle":318.4,"snapDist":4,"label":0}},{"type":"Feature","geometry":{"type":"Point","coordinates":[16.878993,51.149474]},"properties":{"name":"Śnieżna","lines":"101, 923, 243","arr":["101","923","243"],"terminus":0,"mode":"bus","color":"#0059a9","colorDark":"#00294f","angle":309.1,"snapDist":6,"label":0}},{"type":"Feature","geometry":{"type":"Point","coordinates":[16.87644,51.146311]},"properties":{"name":"Jeleniogórska","lines":"101, 923, 243","arr":["101","923","243"],"terminus":0,"mode":"bus","color":"#0059a9","colorDark":"#00294f","angle":297.9,"snapDist":4,"label":0}},{"type":"Feature","geometry":{"type":"Point","coordinates":[16.914238,51.140246]},"properties":{"name":"Kosmonautów (pętla)","lines":"102, 152","arr":["102","152"],"terminus":1,"mode":"bus","color":"#0059a9","colorDark":"#00294f","angle":11.9,"snapDist":9,"label":1}},{"type":"Feature","geometry":{"type":"Point","coordinates":[16.912418,51.141083]},"properties":{"name":"Kosmonautów","lines":"102, 243, 253","arr":["102","243","253"],"terminus":0,"mode":"bus","color":"#0059a9","colorDark":"#00294f","angle":11.6,"snapDist":8,"label":1}},{"type":"Feature","geometry":{"type":"Point","coordinates":[16.905887,51.142511]},"properties":{"name":"Kosmonautów (Szpital)","lines":"102, 107, 243","arr":["102","107","243"],"terminus":0,"mode":"bus","color":"#0059a9","colorDark":"#00294f","angle":112.3,"snapDist":9,"label":1}},{"type":"Feature","geometry":{"type":"Point","coordinates":[16.906923,51.144449]},"properties":{"name":"Fieldorfa (Szpital)","lines":"102, 107, 243","arr":["102","107","243"],"terminus":0,"mode":"bus","color":"#0059a9","colorDark":"#00294f","angle":109,"snapDist":8,"label":1}},{"type":"Feature","geometry":{"type":"Point","coordinates":[16.907932,51.146548]},"properties":{"name":"Fieldorfa","lines":"102, 107, 243","arr":["102","107","243"],"terminus":0,"mode":"bus","color":"#0059a9","colorDark":"#00294f","angle":105.5,"snapDist":8,"label":1}},{"type":"Feature","geometry":{"type":"Point","coordinates":[16.910865,51.151516]},"properties":{"name":"Stoszowska","lines":"102, 107, 243","arr":["102","107","243"],"terminus":0,"mode":"bus","color":"#0059a9","colorDark":"#00294f","angle":19.2,"snapDist":8,"label":1}},{"type":"Feature","geometry":{"type":"Point","coordinates":[16.904077,51.153019]},"properties":{"name":"Olbrachtowska","lines":"102, 107, 243","arr":["102","107","243"],"terminus":0,"mode":"bus","color":"#0059a9","colorDark":"#00294f","angle":19,"snapDist":8,"label":1}},{"type":"Feature","geometry":{"type":"Point","coordinates":[16.897733,51.154462]},"properties":{"name":"Arachidowa","lines":"102, 107, 243","arr":["102","107","243"],"terminus":0,"mode":"bus","color":"#0059a9","colorDark":"#00294f","angle":5.4,"snapDist":6,"label":1}},{"type":"Feature","geometry":{"type":"Point","coordinates":[16.893348,51.153778]},"properties":{"name":"Wojanowska","lines":"102, 107, 243","arr":["102","107","243"],"terminus":0,"mode":"bus","color":"#0059a9","colorDark":"#00294f","angle":341.7,"snapDist":8,"label":1}},{"type":"Feature","geometry":{"type":"Point","coordinates":[16.896731,51.163243]},"properties":{"name":"Główna","lines":"102, 103, 123, 245","arr":["102","103","123","245"],"terminus":0,"mode":"bus","color":"#0059a9","colorDark":"#00294f","angle":205.8,"snapDist":9,"label":0}},{"type":"Feature","geometry":{"type":"Point","coordinates":[16.905272,51.160906]},"properties":{"name":"Wełniana","lines":"102, 103, 123, 245","arr":["102","103","123","245"],"terminus":0,"mode":"bus","color":"#0059a9","colorDark":"#00294f","angle":202.6,"snapDist":8,"label":1}},{"type":"Feature","geometry":{"type":"Point","coordinates":[16.910806,51.159597]},"properties":{"name":"Chwałkowska","lines":"102, 103, 123, 245","arr":["102","103","123","245"],"terminus":0,"mode":"bus","color":"#0059a9","colorDark":"#00294f","angle":201.4,"snapDist":9,"label":1}},{"type":"Feature","geometry":{"type":"Point","coordinates":[16.915649,51.158539]},"properties":{"name":"Jędrzejowska","lines":"102, 103, 123, 245","arr":["102","103","123","245"],"terminus":0,"mode":"bus","color":"#0059a9","colorDark":"#00294f","angle":196.3,"snapDist":4,"label":1}},{"type":"Feature","geometry":{"type":"Point","coordinates":[16.921651,51.157711]},"properties":{"name":"Brodzka","lines":"102, 103, 123, 245","arr":["102","103","123","245"],"terminus":0,"mode":"bus","color":"#0059a9","colorDark":"#00294f","angle":186.2,"snapDist":7,"label":0}},{"type":"Feature","geometry":{"type":"Point","coordinates":[16.926673,51.157585]},"properties":{"name":"KOZIA","lines":"102, 103, 245","arr":["102","103","245"],"terminus":0,"mode":"bus","color":"#0059a9","colorDark":"#00294f","angle":176,"snapDist":8,"label":0}},{"type":"Feature","geometry":{"type":"Point","coordinates":[16.93455,51.157075]},"properties":{"name":"Północna","lines":"102, 103, 127, 245","arr":["102","103","127","245"],"terminus":0,"mode":"bus","color":"#0059a9","colorDark":"#00294f","angle":232.7,"snapDist":8,"label":1}},{"type":"Feature","geometry":{"type":"Point","coordinates":[16.936099,51.155867]},"properties":{"name":"Maślicka (Staw)","lines":"102, 103, 127, 245","arr":["102","103","127","245"],"terminus":0,"mode":"bus","color":"#0059a9","colorDark":"#00294f","angle":229.8,"snapDist":6,"label":1}},{"type":"Feature","geometry":{"type":"Point","coordinates":[16.93962,51.153341]},"properties":{"name":"Maślice Małe (Brodnicka)","lines":"102, 103, 127, 245","arr":["102","103","127","245"],"terminus":0,"mode":"bus","color":"#0059a9","colorDark":"#00294f","angle":237.9,"snapDist":6,"label":1}},{"type":"Feature","geometry":{"type":"Point","coordinates":[16.945599,51.148879]},"properties":{"name":"Rędzińska (Cmentarz)","lines":"102, 103, 104, 127, 245","arr":["102","103","104","127","245"],"terminus":0,"mode":"bus","color":"#0059a9","colorDark":"#00294f","angle":224.5,"snapDist":6,"label":1}},{"type":"Feature","geometry":{"type":"Point","coordinates":[16.947796,51.147528]},"properties":{"name":"Maślicka (Osiedle)","lines":"102, 103, 104, 127, 245","arr":["102","103","104","127","245"],"terminus":0,"mode":"bus","color":"#0059a9","colorDark":"#00294f","angle":225.2,"snapDist":6,"label":1}},{"type":"Feature","geometry":{"type":"Point","coordinates":[16.959127,51.140601]},"properties":{"name":"Górnicza","lines":"102, 104, 127, 136, 245, 246","arr":["102","104","127","136","245","246"],"terminus":0,"mode":"bus","color":"#0059a9","colorDark":"#00294f","angle":103.4,"snapDist":6,"label":0}},{"type":"Feature","geometry":{"type":"Point","coordinates":[16.963665,51.141582]},"properties":{"name":"KOZANÓW (Dokerska)","lines":"102, 104, 127, 136, 245, 246","arr":["102","104","127","136","245","246"],"terminus":0,"mode":"bus","color":"#0059a9","colorDark":"#00294f","angle":248.9,"snapDist":5,"label":1}},{"type":"Feature","geometry":{"type":"Point","coordinates":[16.968876,51.137746]},"properties":{"name":"KOZANÓW","lines":"102, 104, 127, 245","arr":["102","104","127","245"],"terminus":0,"mode":"bus","color":"#0059a9","colorDark":"#00294f","angle":179.6,"snapDist":21,"label":0}},{"type":"Feature","geometry":{"type":"Point","coordinates":[16.976895,51.138731]},"properties":{"name":"Dzielna","lines":"102, 104, 126, 127, 245","arr":["102","104","126","127","245"],"terminus":0,"mode":"bus","color":"#0059a9","colorDark":"#00294f","angle":181.8,"snapDist":11,"label":1}},{"type":"Feature","geometry":{"type":"Point","coordinates":[16.979057,51.13637]},"properties":{"name":"Wiślańska","lines":"102, 104, 126, 127, 245","arr":["102","104","126","127","245"],"terminus":0,"mode":"bus","color":"#0059a9","colorDark":"#00294f","angle":280.7,"snapDist":11,"label":1}},{"type":"Feature","geometry":{"type":"Point","coordinates":[16.974177,51.13318]},"properties":{"name":"Kolista","lines":"102, 104, 126, 127, 245","arr":["102","104","126","127","245"],"terminus":0,"mode":"bus","color":"#0059a9","colorDark":"#00294f","angle":302.3,"snapDist":11,"label":0}},{"type":"Feature","geometry":{"type":"Point","coordinates":[16.984471,51.124796]},"properties":{"name":"Kwiska","lines":"102, 122, 243, 253","arr":["102","122","243","253"],"terminus":0,"mode":"bus","color":"#0059a9","colorDark":"#00294f","angle":204.5,"snapDist":10,"label":0}},{"type":"Feature","geometry":{"type":"Point","coordinates":[16.986868,51.123957]},"properties":{"name":"Małopanewska","lines":"102, 122, 243, 253","arr":["102","122","243","253"],"terminus":0,"mode":"bus","color":"#0059a9","colorDark":"#00294f","angle":212,"snapDist":7,"label":1}},{"type":"Feature","geometry":{"type":"Point","coordinates":[16.993562,51.121238]},"properties":{"name":"Niedźwiedzia","lines":"102, 122, 243, 253","arr":["102","122","243","253"],"terminus":0,"mode":"bus","color":"#0059a9","colorDark":"#00294f","angle":214.1,"snapDist":11,"label":1}},{"type":"Feature","geometry":{"type":"Point","coordinates":[17.003486,51.117525]},"properties":{"name":"Głogowska","lines":"102, 122","arr":["102","122"],"terminus":0,"mode":"bus","color":"#0059a9","colorDark":"#00294f","angle":164,"snapDist":11,"label":1}},{"type":"Feature","geometry":{"type":"Point","coordinates":[17.008013,51.117166]},"properties":{"name":"Szczepin","lines":"102, 103, 122, 127, 245","arr":["102","103","122","127","245"],"terminus":0,"mode":"bus","color":"#0059a9","colorDark":"#00294f","angle":202,"snapDist":9,"label":1}},{"type":"Feature","geometry":{"type":"Point","coordinates":[17.01402,51.115676]},"properties":{"name":"Inowrocławska","lines":"102, 103, 122, 127, 245","arr":["102","103","122","127","245"],"terminus":0,"mode":"bus","color":"#0059a9","colorDark":"#00294f","angle":202.4,"snapDist":11,"label":1}},{"type":"Feature","geometry":{"type":"Point","coordinates":[17.018047,51.113443]},"properties":{"name":"PL. SOLIDARNOŚCI","lines":"102, 103, 122, 127, 245","arr":["102","103","122","127","245"],"terminus":0,"mode":"bus","color":"#0059a9","colorDark":"#00294f","angle":238.1,"snapDist":7,"label":1}},{"type":"Feature","geometry":{"type":"Point","coordinates":[17.020538,51.112731]},"properties":{"name":"PL. JANA PAWŁA II","lines":"102, 103","arr":["102","103"],"terminus":1,"mode":"bus","color":"#0059a9","colorDark":"#00294f","angle":116.5,"snapDist":6,"label":1}},{"type":"Feature","geometry":{"type":"Point","coordinates":[17.020673,51.112086]},"properties":{"name":"PL. JANA PAWŁA II","lines":"102, 103, 122, 127, 132, 142, 243, 245, 253","arr":["102","103","122","127","132","142","243","245","253"],"terminus":0,"mode":"bus","color":"#0059a9","colorDark":"#00294f","angle":25.2,"snapDist":8,"label":0}},{"type":"Feature","geometry":{"type":"Point","coordinates":[17.015237,51.11536]},"properties":{"name":"Inowrocławska","lines":"102, 103, 122, 127, 245","arr":["102","103","122","127","245"],"terminus":0,"mode":"bus","color":"#0059a9","colorDark":"#00294f","angle":22.6,"snapDist":9,"label":0}},{"type":"Feature","geometry":{"type":"Point","coordinates":[17.006438,51.117569]},"properties":{"name":"Szczepin","lines":"102, 122","arr":["102","122"],"terminus":0,"mode":"bus","color":"#0059a9","colorDark":"#00294f","angle":22.6,"snapDist":8,"label":0}},{"type":"Feature","geometry":{"type":"Point","coordinates":[17.004055,51.117631]},"properties":{"name":"Głogowska","lines":"102, 122","arr":["102","122"],"terminus":0,"mode":"bus","color":"#0059a9","colorDark":"#00294f","angle":343.7,"snapDist":8,"label":0}},{"type":"Feature","geometry":{"type":"Point","coordinates":[16.993272,51.121628]},"properties":{"name":"Niedźwiedzia","lines":"102, 122, 243, 253","arr":["102","122","243","253"],"terminus":0,"mode":"bus","color":"#0059a9","colorDark":"#00294f","angle":32.5,"snapDist":9,"label":0}},{"type":"Feature","geometry":{"type":"Point","coordinates":[16.987425,51.124006]},"properties":{"name":"Małopanewska","lines":"102, 122, 243, 253","arr":["102","122","243","253"],"terminus":0,"mode":"bus","color":"#0059a9","colorDark":"#00294f","angle":35,"snapDist":6,"label":0}},{"type":"Feature","geometry":{"type":"Point","coordinates":[16.973721,51.13281]},"properties":{"name":"Kolista","lines":"102, 104, 126, 127, 245","arr":["102","104","126","127","245"],"terminus":0,"mode":"bus","color":"#0059a9","colorDark":"#00294f","angle":125.8,"snapDist":14,"label":0}},{"type":"Feature","geometry":{"type":"Point","coordinates":[16.978931,51.135933]},"properties":{"name":"Wiślańska","lines":"102, 104, 126, 127, 245","arr":["102","104","126","127","245"],"terminus":0,"mode":"bus","color":"#0059a9","colorDark":"#00294f","angle":101.3,"snapDist":8,"label":0}},{"type":"Feature","geometry":{"type":"Point","coordinates":[16.974744,51.138777]},"properties":{"name":"Dzielna","lines":"102, 104, 126, 127, 245","arr":["102","104","126","127","245"],"terminus":0,"mode":"bus","color":"#0059a9","colorDark":"#00294f","angle":2,"snapDist":9,"label":0}},{"type":"Feature","geometry":{"type":"Point","coordinates":[16.967953,51.137744]},"properties":{"name":"KOZANÓW","lines":"102, 104, 127, 245","arr":["102","104","127","245"],"terminus":0,"mode":"bus","color":"#0059a9","colorDark":"#00294f","angle":359.9,"snapDist":9,"label":0}},{"type":"Feature","geometry":{"type":"Point","coordinates":[16.963796,51.141361]},"properties":{"name":"KOZANÓW (Dokerska)","lines":"102, 104, 127, 136, 245, 246","arr":["102","104","127","136","245","246"],"terminus":0,"mode":"bus","color":"#0059a9","colorDark":"#00294f","angle":69.7,"snapDist":5,"label":0}},{"type":"Feature","geometry":{"type":"Point","coordinates":[16.949074,51.145169]},"properties":{"name":"TARCZYŃSKI ARENA (Królewiecka)","lines":"102, 103, 104, 127, 245","arr":["102","103","104","127","245"],"terminus":0,"mode":"bus","color":"#0059a9","colorDark":"#00294f","angle":100.2,"snapDist":4,"label":0}},{"type":"Feature","geometry":{"type":"Point","coordinates":[16.947622,51.147638]},"properties":{"name":"Maślicka (Osiedle)","lines":"102, 103, 104, 127, 245","arr":["102","103","104","127","245"],"terminus":0,"mode":"bus","color":"#0059a9","colorDark":"#00294f","angle":45.2,"snapDist":5,"label":0}},{"type":"Feature","geometry":{"type":"Point","coordinates":[16.945267,51.149083]},"properties":{"name":"Rędzińska (Cmentarz)","lines":"102, 103, 104, 127, 245","arr":["102","103","104","127","245"],"terminus":0,"mode":"bus","color":"#0059a9","colorDark":"#00294f","angle":44.3,"snapDist":4,"label":0}},{"type":"Feature","geometry":{"type":"Point","coordinates":[16.940068,51.152908]},"properties":{"name":"Maślice Małe (Brodnicka)","lines":"102, 103, 127, 245","arr":["102","103","127","245"],"terminus":0,"mode":"bus","color":"#0059a9","colorDark":"#00294f","angle":51,"snapDist":4,"label":0}},{"type":"Feature","geometry":{"type":"Point","coordinates":[16.938895,51.154887]},"properties":{"name":"Śliwowa","lines":"102, 103, 127, 245","arr":["102","103","127","245"],"terminus":0,"mode":"bus","color":"#0059a9","colorDark":"#00294f","angle":77.6,"snapDist":7,"label":1}},{"type":"Feature","geometry":{"type":"Point","coordinates":[16.935865,51.156042]},"properties":{"name":"Maślicka (Staw)","lines":"102, 103, 127, 245","arr":["102","103","127","245"],"terminus":0,"mode":"bus","color":"#0059a9","colorDark":"#00294f","angle":50.3,"snapDist":5,"label":0}},{"type":"Feature","geometry":{"type":"Point","coordinates":[16.933521,51.157515]},"properties":{"name":"Północna","lines":"102, 103, 127, 245","arr":["102","103","127","245"],"terminus":0,"mode":"bus","color":"#0059a9","colorDark":"#00294f","angle":357,"snapDist":5,"label":0}},{"type":"Feature","geometry":{"type":"Point","coordinates":[16.92767,51.157623]},"properties":{"name":"KOZIA","lines":"102, 103, 245","arr":["102","103","245"],"terminus":0,"mode":"bus","color":"#0059a9","colorDark":"#00294f","angle":357.2,"snapDist":7,"label":0}},{"type":"Feature","geometry":{"type":"Point","coordinates":[16.924057,51.157536]},"properties":{"name":"Brodzka","lines":"102, 103, 245","arr":["102","103","245"],"terminus":0,"mode":"bus","color":"#0059a9","colorDark":"#00294f","angle":6.3,"snapDist":4,"label":0}},{"type":"Feature","geometry":{"type":"Point","coordinates":[16.916866,51.158316]},"properties":{"name":"Jędrzejowska","lines":"102, 103, 123, 245","arr":["102","103","123","245"],"terminus":0,"mode":"bus","color":"#0059a9","colorDark":"#00294f","angle":15.4,"snapDist":6,"label":0}},{"type":"Feature","geometry":{"type":"Point","coordinates":[16.91012,51.159762]},"properties":{"name":"Chwałkowska","lines":"102, 103, 123, 245","arr":["102","103","123","245"],"terminus":0,"mode":"bus","color":"#0059a9","colorDark":"#00294f","angle":20.6,"snapDist":4,"label":0}},{"type":"Feature","geometry":{"type":"Point","coordinates":[16.904444,51.16111]},"properties":{"name":"Wełniana","lines":"102, 103, 123, 245","arr":["102","103","123","245"],"terminus":0,"mode":"bus","color":"#0059a9","colorDark":"#00294f","angle":21.8,"snapDist":8,"label":0}},{"type":"Feature","geometry":{"type":"Point","coordinates":[16.894856,51.154103]},"properties":{"name":"Wojanowska","lines":"102, 107, 243","arr":["102","107","243"],"terminus":0,"mode":"bus","color":"#0059a9","colorDark":"#00294f","angle":160.8,"snapDist":9,"label":0}},{"type":"Feature","geometry":{"type":"Point","coordinates":[16.899061,51.154239]},"properties":{"name":"Arachidowa","lines":"102, 107, 243","arr":["102","107","243"],"terminus":0,"mode":"bus","color":"#0059a9","colorDark":"#00294f","angle":202.7,"snapDist":8,"label":0}},{"type":"Feature","geometry":{"type":"Point","coordinates":[16.905055,51.152803]},"properties":{"name":"Olbrachtowska","lines":"102, 107, 243","arr":["102","107","243"],"terminus":0,"mode":"bus","color":"#0059a9","colorDark":"#00294f","angle":199.7,"snapDist":12,"label":0}},{"type":"Feature","geometry":{"type":"Point","coordinates":[16.910995,51.151488]},"properties":{"name":"Stoszowska","lines":"102, 107, 243","arr":["102","107","243"],"terminus":0,"mode":"bus","color":"#0059a9","colorDark":"#00294f","angle":199.2,"snapDist":8,"label":0}},{"type":"Feature","geometry":{"type":"Point","coordinates":[16.907881,51.146432]},"properties":{"name":"Fieldorfa","lines":"102, 107, 243","arr":["102","107","243"],"terminus":0,"mode":"bus","color":"#0059a9","colorDark":"#00294f","angle":285.5,"snapDist":8,"label":0}},{"type":"Feature","geometry":{"type":"Point","coordinates":[16.906761,51.144135]},"properties":{"name":"Fieldorfa (Szpital)","lines":"102, 107, 243","arr":["102","107","243"],"terminus":0,"mode":"bus","color":"#0059a9","colorDark":"#00294f","angle":286.7,"snapDist":4,"label":0}},{"type":"Feature","geometry":{"type":"Point","coordinates":[16.90599,51.141946]},"properties":{"name":"Kosmonautów (Szpital)","lines":"102, 243, 253","arr":["102","243","253"],"terminus":0,"mode":"bus","color":"#0059a9","colorDark":"#00294f","angle":191,"snapDist":12,"label":0}},{"type":"Feature","geometry":{"type":"Point","coordinates":[16.906518,51.174687]},"properties":{"name":"PRACZE ODRZAŃSKIE","lines":"103, 245","arr":["103","245"],"terminus":1,"mode":"bus","color":"#0059a9","colorDark":"#00294f","angle":77,"snapDist":6,"label":1}},{"type":"Feature","geometry":{"type":"Point","coordinates":[16.986685,51.129591]},"properties":{"name":"Wejherowska (Hala Orbita)","lines":"103, 127, 128, 245","arr":["103","127","128","245"],"terminus":0,"mode":"bus","color":"#0059a9","colorDark":"#00294f","angle":191.4,"snapDist":16,"label":0}},{"type":"Feature","geometry":{"type":"Point","coordinates":[16.990737,51.128024]},"properties":{"name":"Port Popowice","lines":"103, 127, 128, 245","arr":["103","127","128","245"],"terminus":0,"mode":"bus","color":"#0059a9","colorDark":"#00294f","angle":218.8,"snapDist":16,"label":1}},{"type":"Feature","geometry":{"type":"Point","coordinates":[16.996713,51.12615]},"properties":{"name":"Park Popowicki","lines":"103, 127, 128, 245","arr":["103","127","128","245"],"terminus":0,"mode":"bus","color":"#0059a9","colorDark":"#00294f","angle":186.6,"snapDist":12,"label":1}},{"type":"Feature","geometry":{"type":"Point","coordinates":[17.002853,51.125994]},"properties":{"name":"Wrocław Popowice (17.południk)","lines":"103, 127, 128, 245","arr":["103","127","128","245"],"terminus":0,"mode":"bus","color":"#0059a9","colorDark":"#00294f","angle":180.3,"snapDist":11,"label":1}},{"type":"Feature","geometry":{"type":"Point","coordinates":[17.011095,51.123668]},"properties":{"name":"Długa (ogrody działkowe)","lines":"103, 127, 128, 245","arr":["103","127","128","245"],"terminus":0,"mode":"bus","color":"#0059a9","colorDark":"#00294f","angle":243.9,"snapDist":14,"label":1}},{"type":"Feature","geometry":{"type":"Point","coordinates":[17.012035,51.121048]},"properties":{"name":"Wrocław Szczepin","lines":"103, 127, 245","arr":["103","127","245"],"terminus":0,"mode":"bus","color":"#0059a9","colorDark":"#00294f","angle":318.3,"snapDist":10,"label":1}},{"type":"Feature","geometry":{"type":"Point","coordinates":[17.020541,51.111851]},"properties":{"name":"PL. JANA PAWŁA II","lines":"103, 122, 127, 132, 142, 243, 245, 250, 253","arr":["103","122","127","132","142","243","245","250","253"],"terminus":1,"mode":"bus","color":"#0059a9","colorDark":"#00294f","angle":204.3,"snapDist":12,"label":0}},{"type":"Feature","geometry":{"type":"Point","coordinates":[17.026881,51.111215]},"properties":{"name":"Rynek","lines":"103, 132, 142","arr":["103","132","142"],"terminus":0,"mode":"bus","color":"#0059a9","colorDark":"#00294f","angle":105.6,"snapDist":5,"label":1}},{"type":"Feature","geometry":{"type":"Point","coordinates":[17.030648,51.115098]},"properties":{"name":"Mosty Pomorskie","lines":"103, 132, 142, 602, K, 257","arr":["103","132","142","602","K","257"],"terminus":0,"mode":"bus","color":"#0059a9","colorDark":"#00294f","angle":101.1,"snapDist":4,"label":1}},{"type":"Feature","geometry":{"type":"Point","coordinates":[17.03184,51.117275]},"properties":{"name":"Pomorska","lines":"103, 132, 142, 602, K, 257","arr":["103","132","142","602","K","257"],"terminus":0,"mode":"bus","color":"#0059a9","colorDark":"#00294f","angle":101.2,"snapDist":4,"label":1}},{"type":"Feature","geometry":{"type":"Point","coordinates":[17.030691,51.121984]},"properties":{"name":"PL. STASZICA","lines":"103, 132, 142, 602, K, 257","arr":["103","132","142","602","K","257"],"terminus":0,"mode":"bus","color":"#0059a9","colorDark":"#00294f","angle":79.5,"snapDist":1,"label":1}},{"type":"Feature","geometry":{"type":"Point","coordinates":[17.027695,51.127441]},"properties":{"name":"Kleczkowska","lines":"103, 142, 602, K, 257","arr":["103","142","602","K","257"],"terminus":0,"mode":"bus","color":"#0059a9","colorDark":"#00294f","angle":87,"snapDist":9,"label":1}},{"type":"Feature","geometry":{"type":"Point","coordinates":[17.029273,51.138245]},"properties":{"name":"Bałtycka","lines":"103, 105, 111, 118, 119, 315, 319, 905, K, 244, 257","arr":["103","105","111","118","119","315","319","905","K","244","257"],"terminus":0,"mode":"bus","color":"#0059a9","colorDark":"#00294f","angle":60,"snapDist":8,"label":1}},{"type":"Feature","geometry":{"type":"Point","coordinates":[17.025603,51.142432]},"properties":{"name":"Bezpieczna","lines":"103, 105, 111, 142, 315, 602, 905, 244","arr":["103","105","111","142","315","602","905","244"],"terminus":0,"mode":"bus","color":"#0059a9","colorDark":"#00294f","angle":59.8,"snapDist":6,"label":1}},{"type":"Feature","geometry":{"type":"Point","coordinates":[17.020534,51.148155]},"properties":{"name":"Paprotna","lines":"103, 105, 111, 142, 315, 602, 905, 244","arr":["103","105","111","142","315","602","905","244"],"terminus":1,"mode":"bus","color":"#0059a9","colorDark":"#00294f","angle":65.7,"snapDist":7,"label":1}},{"type":"Feature","geometry":{"type":"Point","coordinates":[17.020759,51.148921]},"properties":{"name":"Zajezdnia OBORNICKA","lines":"103, 142, 306, 315, 602, 607, 206","arr":["103","142","306","315","602","607","206"],"terminus":1,"mode":"bus","color":"#0059a9","colorDark":"#00294f","angle":133.3,"snapDist":30,"label":1}},{"type":"Feature","geometry":{"type":"Point","coordinates":[17.007418,51.117748]},"properties":{"name":"Szczepin","lines":"103, 127, 245","arr":["103","127","245"],"terminus":0,"mode":"bus","color":"#0059a9","colorDark":"#00294f","angle":110.8,"snapDist":9,"label":0}},{"type":"Feature","geometry":{"type":"Point","coordinates":[17.010073,51.119955]},"properties":{"name":"Litomska (ZUS)","lines":"103, 127, 245","arr":["103","127","245"],"terminus":0,"mode":"bus","color":"#0059a9","colorDark":"#00294f","angle":138.6,"snapDist":7,"label":1}},{"type":"Feature","geometry":{"type":"Point","coordinates":[17.012461,51.121887]},"properties":{"name":"Wrocław Szczepin","lines":"103, 127, 128, 245","arr":["103","127","128","245"],"terminus":0,"mode":"bus","color":"#0059a9","colorDark":"#00294f","angle":62.7,"snapDist":0,"label":0}},{"type":"Feature","geometry":{"type":"Point","coordinates":[17.0099,51.125223]},"properties":{"name":"Długa (ogrody działkowe)","lines":"103, 127, 128, 245","arr":["103","127","128","245"],"terminus":0,"mode":"bus","color":"#0059a9","colorDark":"#00294f","angle":48.5,"snapDist":11,"label":0}},{"type":"Feature","geometry":{"type":"Point","coordinates":[17.003583,51.125992]},"properties":{"name":"Wrocław Popowice (17.południk)","lines":"103, 127, 128, 245","arr":["103","127","128","245"],"terminus":0,"mode":"bus","color":"#0059a9","colorDark":"#00294f","angle":0.2,"snapDist":12,"label":0}},{"type":"Feature","geometry":{"type":"Point","coordinates":[16.995272,51.126308]},"properties":{"name":"Park Popowicki","lines":"103, 127, 128, 245","arr":["103","127","128","245"],"terminus":0,"mode":"bus","color":"#0059a9","colorDark":"#00294f","angle":9.1,"snapDist":8,"label":0}},{"type":"Feature","geometry":{"type":"Point","coordinates":[16.989865,51.128466]},"properties":{"name":"Port Popowice","lines":"103, 127, 128, 245","arr":["103","127","128","245"],"terminus":0,"mode":"bus","color":"#0059a9","colorDark":"#00294f","angle":39,"snapDist":8,"label":0}},{"type":"Feature","geometry":{"type":"Point","coordinates":[16.985106,51.12977]},"properties":{"name":"Wejherowska (Hala Orbita)","lines":"103, 104, 119, 127, 129, 153, 319, 607, 206, 245","arr":["103","104","119","127","129","153","319","607","206","245"],"terminus":0,"mode":"bus","color":"#0059a9","colorDark":"#00294f","angle":12.6,"snapDist":6,"label":0}},{"type":"Feature","geometry":{"type":"Point","coordinates":[16.906179,51.191711]},"properties":{"name":"JANÓWEK (WOŚ)","lines":"103","arr":["103"],"terminus":0,"mode":"bus","color":"#0059a9","colorDark":"#00294f","angle":82.7,"snapDist":9,"label":1}},{"type":"Feature","geometry":{"type":"Point","coordinates":[16.905609,51.198077]},"properties":{"name":"JANÓWEK","lines":"103","arr":["103"],"terminus":1,"mode":"bus","color":"#0059a9","colorDark":"#00294f","angle":87.9,"snapDist":20,"label":1}},{"type":"Feature","geometry":{"type":"Point","coordinates":[16.948918,51.157309]},"properties":{"name":"RĘDZIŃSKA","lines":"104","arr":["104"],"terminus":1,"mode":"bus","color":"#0059a9","colorDark":"#00294f","angle":305.6,"snapDist":9,"label":1}},{"type":"Feature","geometry":{"type":"Point","coordinates":[16.947374,51.152753]},"properties":{"name":"Turoszowska","lines":"104","arr":["104"],"terminus":0,"mode":"bus","color":"#0059a9","colorDark":"#00294f","angle":293.3,"snapDist":5,"label":1}},{"type":"Feature","geometry":{"type":"Point","coordinates":[16.983524,51.125284]},"properties":{"name":"Kwiska","lines":"104, 119, 128, 129, 153, 319, 607, 206","arr":["104","119","128","129","153","319","607","206"],"terminus":0,"mode":"bus","color":"#0059a9","colorDark":"#00294f","angle":214.6,"snapDist":1,"label":0}},{"type":"Feature","geometry":{"type":"Point","coordinates":[16.989689,51.132273]},"properties":{"name":"Milenijna (Hala Orbita)","lines":"104, 119, 129, 153, 306, 319, 607, 206","arr":["104","119","129","153","306","319","607","206"],"terminus":0,"mode":"bus","color":"#0059a9","colorDark":"#00294f","angle":146.4,"snapDist":9,"label":1}},{"type":"Feature","geometry":{"type":"Point","coordinates":[17.000312,51.136751]},"properties":{"name":"most Milenijny","lines":"104, 119, 129, 153, 306, 319, 607, 206","arr":["104","119","129","153","306","319","607","206"],"terminus":0,"mode":"bus","color":"#0059a9","colorDark":"#00294f","angle":144.3,"snapDist":11,"label":1}},{"type":"Feature","geometry":{"type":"Point","coordinates":[16.998602,51.136103]},"properties":{"name":"most Milenijny","lines":"104, 118, 119, 129, 319, 257","arr":["104","118","119","129","319","257"],"terminus":0,"mode":"bus","color":"#0059a9","colorDark":"#00294f","angle":327.8,"snapDist":1,"label":0}},{"type":"Feature","geometry":{"type":"Point","coordinates":[16.993586,51.137616]},"properties":{"name":"OSOBOWICE","lines":"104, 118, 257","arr":["104","118","257"],"terminus":0,"mode":"bus","color":"#0059a9","colorDark":"#00294f","angle":43.9,"snapDist":5,"label":1}},{"type":"Feature","geometry":{"type":"Point","coordinates":[16.990147,51.142263]},"properties":{"name":"Jarocińska","lines":"104, 118, 257","arr":["104","118","257"],"terminus":0,"mode":"bus","color":"#0059a9","colorDark":"#00294f","angle":43.3,"snapDist":7,"label":1}},{"type":"Feature","geometry":{"type":"Point","coordinates":[16.987279,51.145083]},"properties":{"name":"Lipska","lines":"104","arr":["104"],"terminus":0,"mode":"bus","color":"#0059a9","colorDark":"#00294f","angle":106.5,"snapDist":4,"label":1}},{"type":"Feature","geometry":{"type":"Point","coordinates":[16.988462,51.147708]},"properties":{"name":"Witkowska","lines":"104","arr":["104"],"terminus":0,"mode":"bus","color":"#0059a9","colorDark":"#00294f","angle":105.6,"snapDist":4,"label":1}},{"type":"Feature","geometry":{"type":"Point","coordinates":[16.992852,51.151293]},"properties":{"name":"Lipska (Sanktuarium)","lines":"104","arr":["104"],"terminus":0,"mode":"bus","color":"#0059a9","colorDark":"#00294f","angle":111.1,"snapDist":5,"label":1}},{"type":"Feature","geometry":{"type":"Point","coordinates":[16.996055,51.152655]},"properties":{"name":"ŚLAZOWA","lines":"104","arr":["104"],"terminus":1,"mode":"bus","color":"#0059a9","colorDark":"#00294f","angle":154.9,"snapDist":7,"label":1}},{"type":"Feature","geometry":{"type":"Point","coordinates":[16.992989,51.151493]},"properties":{"name":"Lipska (Sanktuarium)","lines":"104","arr":["104"],"terminus":0,"mode":"bus","color":"#0059a9","colorDark":"#00294f","angle":294.6,"snapDist":5,"label":0}},{"type":"Feature","geometry":{"type":"Point","coordinates":[16.988992,51.148376]},"properties":{"name":"Witkowska","lines":"104","arr":["104"],"terminus":0,"mode":"bus","color":"#0059a9","colorDark":"#00294f","angle":302.5,"snapDist":6,"label":0}},{"type":"Feature","geometry":{"type":"Point","coordinates":[16.987192,51.144356]},"properties":{"name":"Lipska","lines":"104, 118, 257","arr":["104","118","257"],"terminus":0,"mode":"bus","color":"#0059a9","colorDark":"#00294f","angle":236,"snapDist":6,"label":0}},{"type":"Feature","geometry":{"type":"Point","coordinates":[16.990664,51.141961]},"properties":{"name":"Jarocińska","lines":"104, 118, 257","arr":["104","118","257"],"terminus":0,"mode":"bus","color":"#0059a9","colorDark":"#00294f","angle":223.1,"snapDist":6,"label":0}},{"type":"Feature","geometry":{"type":"Point","coordinates":[16.993735,51.137527]},"properties":{"name":"OSOBOWICE","lines":"104, 118, 257","arr":["104","118","257"],"terminus":0,"mode":"bus","color":"#0059a9","colorDark":"#00294f","angle":223.9,"snapDist":8,"label":0}},{"type":"Feature","geometry":{"type":"Point","coordinates":[16.999375,51.136426]},"properties":{"name":"most Milenijny","lines":"104, 119, 129, 153, 319","arr":["104","119","129","153","319"],"terminus":0,"mode":"bus","color":"#0059a9","colorDark":"#00294f","angle":323.1,"snapDist":12,"label":0}},{"type":"Feature","geometry":{"type":"Point","coordinates":[16.989508,51.132286]},"properties":{"name":"Milenijna (Hala Orbita)","lines":"104, 119, 129, 153, 319","arr":["104","119","129","153","319"],"terminus":0,"mode":"bus","color":"#0059a9","colorDark":"#00294f","angle":326.3,"snapDist":9,"label":0}},{"type":"Feature","geometry":{"type":"Point","coordinates":[16.947584,51.153065]},"properties":{"name":"Turoszowska","lines":"104","arr":["104"],"terminus":0,"mode":"bus","color":"#0059a9","colorDark":"#00294f","angle":112.6,"snapDist":4,"label":0}},{"type":"Feature","geometry":{"type":"Point","coordinates":[16.97515,51.196725]},"properties":{"name":"ŚWINIARY","lines":"105, 244","arr":["105","244"],"terminus":1,"mode":"bus","color":"#0059a9","colorDark":"#00294f","angle":135.2,"snapDist":9,"label":1}},{"type":"Feature","geometry":{"type":"Point","coordinates":[16.976791,51.196553]},"properties":{"name":"Świniary (Pęgowska)","lines":"105, 905, 244","arr":["105","905","244"],"terminus":0,"mode":"bus","color":"#0059a9","colorDark":"#00294f","angle":188.6,"snapDist":6,"label":1}},{"type":"Feature","geometry":{"type":"Point","coordinates":[16.97801,51.19284]},"properties":{"name":"Zajączkowska","lines":"105, 905, 244","arr":["105","905","244"],"terminus":0,"mode":"bus","color":"#0059a9","colorDark":"#00294f","angle":275,"snapDist":7,"label":1}},{"type":"Feature","geometry":{"type":"Point","coordinates":[16.991505,51.176804]},"properties":{"name":"Perzowa","lines":"105, 905, 244","arr":["105","905","244"],"terminus":0,"mode":"bus","color":"#0059a9","colorDark":"#00294f","angle":225.6,"snapDist":9,"label":1}},{"type":"Feature","geometry":{"type":"Point","coordinates":[16.994338,51.173849]},"properties":{"name":"Lipa Piotrowska","lines":"105, 108, 111, 153, 905, 244","arr":["105","108","111","153","905","244"],"terminus":0,"mode":"bus","color":"#0059a9","colorDark":"#00294f","angle":249.8,"snapDist":8,"label":1}},{"type":"Feature","geometry":{"type":"Point","coordinates":[16.997198,51.168938]},"properties":{"name":"Kominiarska","lines":"105, 111, 153, 905, 244","arr":["105","111","153","905","244"],"terminus":0,"mode":"bus","color":"#0059a9","colorDark":"#00294f","angle":251.1,"snapDist":4,"label":1}},{"type":"Feature","geometry":{"type":"Point","coordinates":[16.998652,51.165958]},"properties":{"name":"Pełczyńska (Stacja kolejowa)","lines":"105, 111, 153, 905, 244","arr":["105","111","153","905","244"],"terminus":0,"mode":"bus","color":"#0059a9","colorDark":"#00294f","angle":254.6,"snapDist":4,"label":1}},{"type":"Feature","geometry":{"type":"Point","coordinates":[17.002443,51.162579]},"properties":{"name":"Ostowa (Muzeum Militarne)","lines":"105, 111, 153, 905, 244","arr":["105","111","153","905","244"],"terminus":0,"mode":"bus","color":"#0059a9","colorDark":"#00294f","angle":220.8,"snapDist":3,"label":1}},{"type":"Feature","geometry":{"type":"Point","coordinates":[17.009075,51.15847]},"properties":{"name":"Ćwiczebna","lines":"105, 111, 153, 905, 244","arr":["105","111","153","905","244"],"terminus":0,"mode":"bus","color":"#0059a9","colorDark":"#00294f","angle":229.9,"snapDist":10,"label":1}},{"type":"Feature","geometry":{"type":"Point","coordinates":[17.010831,51.157139]},"properties":{"name":"Obornicka (Obwodnica)","lines":"105, 111, 306, 607, 905, 206, 244","arr":["105","111","306","607","905","206","244"],"terminus":0,"mode":"bus","color":"#0059a9","colorDark":"#00294f","angle":226.6,"snapDist":14,"label":1}},{"type":"Feature","geometry":{"type":"Point","coordinates":[17.017966,51.150673]},"properties":{"name":"Irysowa","lines":"105, 111, 306, 607, 905, 206, 244","arr":["105","111","306","607","905","206","244"],"terminus":0,"mode":"bus","color":"#0059a9","colorDark":"#00294f","angle":239.6,"snapDist":6,"label":1}},{"type":"Feature","geometry":{"type":"Point","coordinates":[17.020772,51.147817]},"properties":{"name":"Paprotna","lines":"105, 111, 142, 602, 905, 244","arr":["105","111","142","602","905","244"],"terminus":0,"mode":"bus","color":"#0059a9","colorDark":"#00294f","angle":246.2,"snapDist":18,"label":0}},{"type":"Feature","geometry":{"type":"Point","coordinates":[17.023777,51.1444]},"properties":{"name":"Obornicka (Wołowska)","lines":"105, 111, 142, 602, 905, 244","arr":["105","111","142","602","905","244"],"terminus":0,"mode":"bus","color":"#0059a9","colorDark":"#00294f","angle":240.5,"snapDist":3,"label":1}},{"type":"Feature","geometry":{"type":"Point","coordinates":[17.02652,51.141415]},"properties":{"name":"Bezpieczna","lines":"105, 111, 118, 119, 319, 905, K, 244, 257","arr":["105","111","118","119","319","905","K","244","257"],"terminus":0,"mode":"bus","color":"#0059a9","colorDark":"#00294f","angle":238.8,"snapDist":12,"label":0}},{"type":"Feature","geometry":{"type":"Point","coordinates":[17.028902,51.138633]},"properties":{"name":"Bałtycka (szkoła)","lines":"105, 111, 118, 119, 319, 905, 244, 257","arr":["105","111","118","119","319","905","244","257"],"terminus":0,"mode":"bus","color":"#0059a9","colorDark":"#00294f","angle":240.1,"snapDist":8,"label":1}},{"type":"Feature","geometry":{"type":"Point","coordinates":[17.030739,51.136691]},"properties":{"name":"Bałtycka","lines":"105, 111, 118, 119, 129, 905, K, 244","arr":["105","111","118","119","129","905","K","244"],"terminus":0,"mode":"bus","color":"#0059a9","colorDark":"#00294f","angle":232.2,"snapDist":11,"label":0}},{"type":"Feature","geometry":{"type":"Point","coordinates":[17.037358,51.135928]},"properties":{"name":"Broniewskiego","lines":"105, 118, 119, 130, 132, 905","arr":["105","118","119","130","132","905"],"terminus":0,"mode":"bus","color":"#0059a9","colorDark":"#00294f","angle":168.6,"snapDist":9,"label":1}},{"type":"Feature","geometry":{"type":"Point","coordinates":[17.044673,51.136828]},"properties":{"name":"Pola","lines":"105, 118, 119, 130, 132, 905","arr":["105","118","119","130","132","905"],"terminus":0,"mode":"bus","color":"#0059a9","colorDark":"#00294f","angle":168.8,"snapDist":9,"label":1}},{"type":"Feature","geometry":{"type":"Point","coordinates":[17.048881,51.137339]},"properties":{"name":"Syrokomli","lines":"105, 118, 119, 130, 132, 905","arr":["105","118","119","130","132","905"],"terminus":0,"mode":"bus","color":"#0059a9","colorDark":"#00294f","angle":169.1,"snapDist":4,"label":1}},{"type":"Feature","geometry":{"type":"Point","coordinates":[17.053653,51.137921]},"properties":{"name":"Kasprowicza","lines":"105, 116, 118, 119, 130, 132, 905, 246","arr":["105","116","118","119","130","132","905","246"],"terminus":0,"mode":"bus","color":"#0059a9","colorDark":"#00294f","angle":168.8,"snapDist":6,"label":1}},{"type":"Feature","geometry":{"type":"Point","coordinates":[17.059909,51.138454]},"properties":{"name":"Pl. Daniłowskiego","lines":"105, 118, 130, 132, 905, A","arr":["105","118","130","132","905","A"],"terminus":0,"mode":"bus","color":"#0059a9","colorDark":"#00294f","angle":277.1,"snapDist":0,"label":1}},{"type":"Feature","geometry":{"type":"Point","coordinates":[17.057675,51.135746]},"properties":{"name":"Berenta","lines":"105, 118, 130, 132, 905, A","arr":["105","118","130","132","905","A"],"terminus":0,"mode":"bus","color":"#0059a9","colorDark":"#00294f","angle":301.9,"snapDist":7,"label":1}},{"type":"Feature","geometry":{"type":"Point","coordinates":[17.065061,51.132278]},"properties":{"name":"KROMERA","lines":"105, 128, 130, 132, 904, 905, 914, 924, 928, 930, N, 242, 251","arr":["105","128","130","132","904","905","914","924","928","930","N","242","251"],"terminus":1,"mode":"bus","color":"#0059a9","colorDark":"#00294f","angle":134.3,"snapDist":9,"label":1}},{"type":"Feature","geometry":{"type":"Point","coordinates":[17.065194,51.131851]},"properties":{"name":"KROMERA","lines":"105, 905","arr":["105","905"],"terminus":1,"mode":"bus","color":"#0059a9","colorDark":"#00294f","angle":3.7,"snapDist":39,"label":0}},{"type":"Feature","geometry":{"type":"Point","coordinates":[17.062904,51.132301]},"properties":{"name":"KROMERA","lines":"105, 116, 118, 130, 132, 315, 905, A, 246","arr":["105","116","118","130","132","315","905","A","246"],"terminus":0,"mode":"bus","color":"#0059a9","colorDark":"#00294f","angle":41.1,"snapDist":11,"label":0}},{"type":"Feature","geometry":{"type":"Point","coordinates":[17.057488,51.135547]},"properties":{"name":"Berenta","lines":"105, 118, 130, 132, 905, A","arr":["105","118","130","132","905","A"],"terminus":0,"mode":"bus","color":"#0059a9","colorDark":"#00294f","angle":120.2,"snapDist":8,"label":0}},{"type":"Feature","geometry":{"type":"Point","coordinates":[17.058895,51.138586]},"properties":{"name":"Pl. Daniłowskiego","lines":"105, 116, 118, 119, 130, 132, 905, 246","arr":["105","116","118","119","130","132","905","246"],"terminus":0,"mode":"bus","color":"#0059a9","colorDark":"#00294f","angle":348.6,"snapDist":4,"label":0}},{"type":"Feature","geometry":{"type":"Point","coordinates":[17.053743,51.137932]},"properties":{"name":"Kasprowicza","lines":"105, 116, 118, 119, 130, 132, 905, 246","arr":["105","116","118","119","130","132","905","246"],"terminus":0,"mode":"bus","color":"#0059a9","colorDark":"#00294f","angle":348.8,"snapDist":9,"label":0}},{"type":"Feature","geometry":{"type":"Point","coordinates":[17.047939,51.137225]},"properties":{"name":"Syrokomli","lines":"105, 118, 119, 130, 132, 315, 905","arr":["105","118","119","130","132","315","905"],"terminus":0,"mode":"bus","color":"#0059a9","colorDark":"#00294f","angle":349.2,"snapDist":5,"label":0}},{"type":"Feature","geometry":{"type":"Point","coordinates":[17.043194,51.13665]},"properties":{"name":"Pola","lines":"105, 118, 119, 130, 132, 315, 905","arr":["105","118","119","130","132","315","905"],"terminus":0,"mode":"bus","color":"#0059a9","colorDark":"#00294f","angle":349.6,"snapDist":8,"label":0}},{"type":"Feature","geometry":{"type":"Point","coordinates":[17.035333,51.135817]},"properties":{"name":"Broniewskiego","lines":"105, 111, 118, 119, 129, 315, 905, K, 244","arr":["105","111","118","119","129","315","905","K","244"],"terminus":0,"mode":"bus","color":"#0059a9","colorDark":"#00294f","angle":357.7,"snapDist":10,"label":0}},{"type":"Feature","geometry":{"type":"Point","coordinates":[17.017293,51.151398]},"properties":{"name":"Irysowa","lines":"105, 111, 905, 244","arr":["105","111","905","244"],"terminus":0,"mode":"bus","color":"#0059a9","colorDark":"#00294f","angle":59.8,"snapDist":7,"label":0}},{"type":"Feature","geometry":{"type":"Point","coordinates":[17.00992,51.157902]},"properties":{"name":"Obornicka (Obwodnica)","lines":"105, 111, 153, 905, 244","arr":["105","111","153","905","244"],"terminus":0,"mode":"bus","color":"#0059a9","colorDark":"#00294f","angle":44.1,"snapDist":7,"label":0}},{"type":"Feature","geometry":{"type":"Point","coordinates":[17.003307,51.162148]},"properties":{"name":"Ostowa (Muzeum Militarne)","lines":"105, 111, 153, 905, 244","arr":["105","111","153","905","244"],"terminus":0,"mode":"bus","color":"#0059a9","colorDark":"#00294f","angle":38.2,"snapDist":7,"label":0}},{"type":"Feature","geometry":{"type":"Point","coordinates":[16.998883,51.165438]},"properties":{"name":"Pełczyńska (Stacja kolejowa)","lines":"105, 111, 153, 905, 244","arr":["105","111","153","905","244"],"terminus":0,"mode":"bus","color":"#0059a9","colorDark":"#00294f","angle":74.6,"snapDist":8,"label":0}},{"type":"Feature","geometry":{"type":"Point","coordinates":[16.99708,51.169154]},"properties":{"name":"Kominiarska","lines":"105, 111, 153, 905, 244","arr":["105","111","153","905","244"],"terminus":0,"mode":"bus","color":"#0059a9","colorDark":"#00294f","angle":70.8,"snapDist":9,"label":0}},{"type":"Feature","geometry":{"type":"Point","coordinates":[16.995001,51.17273]},"properties":{"name":"Lipa Piotrowska","lines":"105, 108, 111, 153, 905, 244","arr":["105","108","111","153","905","244"],"terminus":0,"mode":"bus","color":"#0059a9","colorDark":"#00294f","angle":69,"snapDist":6,"label":0}},{"type":"Feature","geometry":{"type":"Point","coordinates":[16.990857,51.177216]},"properties":{"name":"Perzowa","lines":"105, 905, 244","arr":["105","905","244"],"terminus":0,"mode":"bus","color":"#0059a9","colorDark":"#00294f","angle":45.1,"snapDist":3,"label":0}},{"type":"Feature","geometry":{"type":"Point","coordinates":[16.978067,51.193308]},"properties":{"name":"Zajączkowska","lines":"105, 905, 244","arr":["105","905","244"],"terminus":0,"mode":"bus","color":"#0059a9","colorDark":"#00294f","angle":94.4,"snapDist":5,"label":0}},{"type":"Feature","geometry":{"type":"Point","coordinates":[16.976834,51.196548]},"properties":{"name":"Świniary (Pęgowska)","lines":"105, 905, 244","arr":["105","905","244"],"terminus":0,"mode":"bus","color":"#0059a9","colorDark":"#00294f","angle":8.6,"snapDist":4,"label":0}},{"type":"Feature","geometry":{"type":"Point","coordinates":[16.8824,51.109371]},"properties":{"name":"PORT LOTNICZY","lines":"106, 206","arr":["106","206"],"terminus":1,"mode":"bus","color":"#0059a9","colorDark":"#00294f","angle":206,"snapDist":2,"label":1}},{"type":"Feature","geometry":{"type":"Point","coordinates":[16.890775,51.111003]},"properties":{"name":"Rdestowa","lines":"106, 206","arr":["106","206"],"terminus":0,"mode":"bus","color":"#0059a9","colorDark":"#00294f","angle":183.5,"snapDist":7,"label":1}},{"type":"Feature","geometry":{"type":"Point","coordinates":[16.898579,51.110848]},"properties":{"name":"Graniczna (Strachowicka)","lines":"106, 206","arr":["106","206"],"terminus":0,"mode":"bus","color":"#0059a9","colorDark":"#00294f","angle":182.2,"snapDist":5,"label":1}},{"type":"Feature","geometry":{"type":"Point","coordinates":[16.899464,51.107892]},"properties":{"name":"Zarembowicza","lines":"106","arr":["106"],"terminus":0,"mode":"bus","color":"#0059a9","colorDark":"#00294f","angle":319.5,"snapDist":4,"label":1}},{"type":"Feature","geometry":{"type":"Point","coordinates":[16.899084,51.10507]},"properties":{"name":"Strachowice General Aviation","lines":"106","arr":["106"],"terminus":0,"mode":"bus","color":"#0059a9","colorDark":"#00294f","angle":192,"snapDist":7,"label":0}},{"type":"Feature","geometry":{"type":"Point","coordinates":[16.904253,51.109273]},"properties":{"name":"Skarżyńskiego","lines":"106, 306, 206","arr":["106","306","206"],"terminus":0,"mode":"bus","color":"#0059a9","colorDark":"#00294f","angle":220.3,"snapDist":9,"label":1}},{"type":"Feature","geometry":{"type":"Point","coordinates":[16.910091,51.108433]},"properties":{"name":"Graniczna","lines":"106, 306, 206","arr":["106","306","206"],"terminus":0,"mode":"bus","color":"#0059a9","colorDark":"#00294f","angle":187.6,"snapDist":8,"label":1}},{"type":"Feature","geometry":{"type":"Point","coordinates":[16.918747,51.108951]},"properties":{"name":"Przybyły","lines":"106, 306, 206","arr":["106","306","206"],"terminus":0,"mode":"bus","color":"#0059a9","colorDark":"#00294f","angle":171.3,"snapDist":9,"label":1}},{"type":"Feature","geometry":{"type":"Point","coordinates":[16.930247,51.10962]},"properties":{"name":"Zagłoby","lines":"106, 306, 206","arr":["106","306","206"],"terminus":0,"mode":"bus","color":"#0059a9","colorDark":"#00294f","angle":179.5,"snapDist":9,"label":1}},{"type":"Feature","geometry":{"type":"Point","coordinates":[16.943306,51.108811]},"properties":{"name":"Płaska","lines":"106, 306, 206","arr":["106","306","206"],"terminus":0,"mode":"bus","color":"#0059a9","colorDark":"#00294f","angle":194.3,"snapDist":9,"label":1}},{"type":"Feature","geometry":{"type":"Point","coordinates":[16.949582,51.107283]},"properties":{"name":"Mińska (Rondo Rotm. Pileckiego)","lines":"106, 306, 206","arr":["106","306","206"],"terminus":0,"mode":"bus","color":"#0059a9","colorDark":"#00294f","angle":223.4,"snapDist":10,"label":1}},{"type":"Feature","geometry":{"type":"Point","coordinates":[16.955982,51.110451]},"properties":{"name":"Rogowska (P+R)","lines":"106, 107, 119, 122, 124, 132, 134, 152, 306, 319, 927, 206, 241, 249","arr":["106","107","119","122","124","132","134","152","306","319","927","206","241","249"],"terminus":0,"mode":"bus","color":"#0059a9","colorDark":"#00294f","angle":142.9,"snapDist":4,"label":1}},{"type":"Feature","geometry":{"type":"Point","coordinates":[16.960908,51.112428]},"properties":{"name":"Strzegomska (krzyżówka)","lines":"106, 119, 124, 126, 132, 134, 142, 148, 149, 306, 319, 206, 246, 249","arr":["106","119","124","126","132","134","142","148","149","306","319","206","246","249"],"terminus":0,"mode":"bus","color":"#0059a9","colorDark":"#00294f","angle":155.8,"snapDist":4,"label":0}},{"type":"Feature","geometry":{"type":"Point","coordinates":[16.964922,51.113875]},"properties":{"name":"Nowodworska","lines":"106, 119, 124, 126, 132, 134, 142, 148, 149, 306, 319, 206, 246, 249","arr":["106","119","124","126","132","134","142","148","149","306","319","206","246","249"],"terminus":0,"mode":"bus","color":"#0059a9","colorDark":"#00294f","angle":146,"snapDist":4,"label":1}},{"type":"Feature","geometry":{"type":"Point","coordinates":[16.974014,51.11451]},"properties":{"name":"Strzegomska 148","lines":"106, 132, 142, 148, 149, 249","arr":["106","132","142","148","149","249"],"terminus":0,"mode":"bus","color":"#0059a9","colorDark":"#00294f","angle":185.8,"snapDist":22,"label":1}},{"type":"Feature","geometry":{"type":"Point","coordinates":[16.978331,51.114236]},"properties":{"name":"Babimojska","lines":"106, 132, 148, 149, 249","arr":["106","132","148","149","249"],"terminus":0,"mode":"bus","color":"#0059a9","colorDark":"#00294f","angle":176.1,"snapDist":22,"label":1}},{"type":"Feature","geometry":{"type":"Point","coordinates":[16.984709,51.113993]},"properties":{"name":"Park Biznesu","lines":"106, 132, 148, 149, 249","arr":["106","132","148","149","249"],"terminus":0,"mode":"bus","color":"#0059a9","colorDark":"#00294f","angle":195.8,"snapDist":6,"label":1}},{"type":"Feature","geometry":{"type":"Point","coordinates":[16.995018,51.112953]},"properties":{"name":"Wrocławski Park Przemysłowy","lines":"106, 132, 148, 149, 249","arr":["106","132","148","149","249"],"terminus":0,"mode":"bus","color":"#0059a9","colorDark":"#00294f","angle":195.6,"snapDist":2,"label":1}},{"type":"Feature","geometry":{"type":"Point","coordinates":[17.00165,51.111713]},"properties":{"name":"Śrubowa","lines":"106, 148, 149, 249","arr":["106","148","149","249"],"terminus":0,"mode":"bus","color":"#0059a9","colorDark":"#00294f","angle":17.7,"snapDist":7,"label":1}},{"type":"Feature","geometry":{"type":"Point","coordinates":[17.006886,51.110847]},"properties":{"name":"Smolecka","lines":"106, 148, 149, 249","arr":["106","148","149","249"],"terminus":0,"mode":"bus","color":"#0059a9","colorDark":"#00294f","angle":195.9,"snapDist":14,"label":1}},{"type":"Feature","geometry":{"type":"Point","coordinates":[17.018264,51.108813]},"properties":{"name":"Dworzec Świebodzki","lines":"106, 148, 149, 249","arr":["106","148","149","249"],"terminus":0,"mode":"bus","color":"#0059a9","colorDark":"#00294f","angle":196.1,"snapDist":5,"label":1}},{"type":"Feature","geometry":{"type":"Point","coordinates":[17.022324,51.107559]},"properties":{"name":"Pl. Orląt Lwowskich","lines":"106, 148, 149, 249","arr":["106","148","149","249"],"terminus":0,"mode":"bus","color":"#0059a9","colorDark":"#00294f","angle":212.2,"snapDist":7,"label":1}},{"type":"Feature","geometry":{"type":"Point","coordinates":[17.030051,51.104339]},"properties":{"name":"Renoma","lines":"106, 148, 149, 602, 243, 247, 248, 249, 253, 257","arr":["106","148","149","602","243","247","248","249","253","257"],"terminus":0,"mode":"bus","color":"#0059a9","colorDark":"#00294f","angle":214.2,"snapDist":7,"label":1}},{"type":"Feature","geometry":{"type":"Point","coordinates":[17.039308,51.100268]},"properties":{"name":"DWORZEC GŁÓWNY (Dworcowa)","lines":"106","arr":["106"],"terminus":1,"mode":"bus","color":"#0059a9","colorDark":"#00294f","angle":278.7,"snapDist":8,"label":1}},{"type":"Feature","geometry":{"type":"Point","coordinates":[17.038449,51.103712]},"properties":{"name":"Bastion Sakwowy","lines":"106, 114, 120, 149, A","arr":["106","114","120","149","A"],"terminus":0,"mode":"bus","color":"#0059a9","colorDark":"#00294f","angle":19.4,"snapDist":9,"label":1}},{"type":"Feature","geometry":{"type":"Point","coordinates":[17.032316,51.104061]},"properties":{"name":"Renoma","lines":"106, 149, A, D, N","arr":["106","149","A","D","N"],"terminus":0,"mode":"bus","color":"#0059a9","colorDark":"#00294f","angle":1.1,"snapDist":7,"label":0}},{"type":"Feature","geometry":{"type":"Point","coordinates":[17.022102,51.107751]},"properties":{"name":"Pl. Orląt Lwowskich","lines":"106, 148, 149, 206, 249","arr":["106","148","149","206","249"],"terminus":0,"mode":"bus","color":"#0059a9","colorDark":"#00294f","angle":32.2,"snapDist":4,"label":0}},{"type":"Feature","geometry":{"type":"Point","coordinates":[17.017977,51.108865]},"properties":{"name":"Dworzec Świebodzki","lines":"106, 148, 149, 206, 249","arr":["106","148","149","206","249"],"terminus":0,"mode":"bus","color":"#0059a9","colorDark":"#00294f","angle":16.1,"snapDist":5,"label":0}},{"type":"Feature","geometry":{"type":"Point","coordinates":[17.006133,51.110981]},"properties":{"name":"Smolecka","lines":"106, 148, 149, 206, 249","arr":["106","148","149","206","249"],"terminus":0,"mode":"bus","color":"#0059a9","colorDark":"#00294f","angle":15.9,"snapDist":1,"label":0}},{"type":"Feature","geometry":{"type":"Point","coordinates":[16.999999,51.112046]},"properties":{"name":"Śrubowa","lines":"106, 132, 142, 148, 149, 206, 249","arr":["106","132","142","148","149","206","249"],"terminus":0,"mode":"bus","color":"#0059a9","colorDark":"#00294f","angle":17.7,"snapDist":7,"label":0}},{"type":"Feature","geometry":{"type":"Point","coordinates":[16.994863,51.11298]},"properties":{"name":"Wrocławski Park Przemysłowy","lines":"106, 132, 148, 149, 206, 249","arr":["106","132","148","149","206","249"],"terminus":0,"mode":"bus","color":"#0059a9","colorDark":"#00294f","angle":14.2,"snapDist":9,"label":0}},{"type":"Feature","geometry":{"type":"Point","coordinates":[16.984624,51.114061]},"properties":{"name":"Park Biznesu","lines":"106, 132, 148, 149, 206, 249","arr":["106","132","148","149","206","249"],"terminus":0,"mode":"bus","color":"#0059a9","colorDark":"#00294f","angle":-74.9,"snapDist":19,"label":0}},{"type":"Feature","geometry":{"type":"Point","coordinates":[16.977588,51.114204]},"properties":{"name":"Babimojska","lines":"106, 132, 148, 149, 206, 249","arr":["106","132","148","149","206","249"],"terminus":0,"mode":"bus","color":"#0059a9","colorDark":"#00294f","angle":176.1,"snapDist":15,"label":0}},{"type":"Feature","geometry":{"type":"Point","coordinates":[16.973435,51.114523]},"properties":{"name":"Strzegomska 148","lines":"106, 132, 142, 148, 149, 206, 249","arr":["106","132","142","148","149","206","249"],"terminus":0,"mode":"bus","color":"#0059a9","colorDark":"#00294f","angle":-180,"snapDist":12,"label":0}},{"type":"Feature","geometry":{"type":"Point","coordinates":[16.964535,51.113823]},"properties":{"name":"Nowodworska","lines":"106, 119, 124, 126, 132, 134, 142, 148, 149, 306, 319, 206, 246, 249","arr":["106","119","124","126","132","134","142","148","149","306","319","206","246","249"],"terminus":0,"mode":"bus","color":"#0059a9","colorDark":"#00294f","angle":324.1,"snapDist":4,"label":0}},{"type":"Feature","geometry":{"type":"Point","coordinates":[16.960593,51.112469]},"properties":{"name":"Strzegomska (krzyżówka)","lines":"106, 119, 124, 126, 132, 134, 142, 148, 149, 306, 319, 206, 246, 249","arr":["106","119","124","126","132","134","142","148","149","306","319","206","246","249"],"terminus":0,"mode":"bus","color":"#0059a9","colorDark":"#00294f","angle":155,"snapDist":8,"label":0}},{"type":"Feature","geometry":{"type":"Point","coordinates":[16.955657,51.110446]},"properties":{"name":"Rogowska (P+R)","lines":"106, 107, 119, 122, 124, 132, 134, 152, 306, 319, 927, 206, 241, 249","arr":["106","107","119","122","124","132","134","152","306","319","927","206","241","249"],"terminus":0,"mode":"bus","color":"#0059a9","colorDark":"#00294f","angle":144.5,"snapDist":8,"label":0}},{"type":"Feature","geometry":{"type":"Point","coordinates":[16.9495,51.107483]},"properties":{"name":"Mińska (Rondo Rotm. Pileckiego)","lines":"106, 306, 206","arr":["106","306","206"],"terminus":0,"mode":"bus","color":"#0059a9","colorDark":"#00294f","angle":44,"snapDist":8,"label":0}},{"type":"Feature","geometry":{"type":"Point","coordinates":[16.941552,51.109143]},"properties":{"name":"Płaska","lines":"106, 306, 206","arr":["106","306","206"],"terminus":0,"mode":"bus","color":"#0059a9","colorDark":"#00294f","angle":9.9,"snapDist":8,"label":0}},{"type":"Feature","geometry":{"type":"Point","coordinates":[16.928001,51.109723]},"properties":{"name":"Zagłoby","lines":"106, 306, 206","arr":["106","306","206"],"terminus":0,"mode":"bus","color":"#0059a9","colorDark":"#00294f","angle":359.8,"snapDist":9,"label":0}},{"type":"Feature","geometry":{"type":"Point","coordinates":[16.917151,51.108907]},"properties":{"name":"Przybyły","lines":"106, 306, 206","arr":["106","306","206"],"terminus":0,"mode":"bus","color":"#0059a9","colorDark":"#00294f","angle":351.2,"snapDist":9,"label":0}},{"type":"Feature","geometry":{"type":"Point","coordinates":[16.909179,51.108639]},"properties":{"name":"Graniczna","lines":"106, 306, 206","arr":["106","306","206"],"terminus":0,"mode":"bus","color":"#0059a9","colorDark":"#00294f","angle":11.4,"snapDist":9,"label":0}},{"type":"Feature","geometry":{"type":"Point","coordinates":[16.905298,51.109109]},"properties":{"name":"Skarżyńskiego","lines":"106, 306, 206","arr":["106","306","206"],"terminus":0,"mode":"bus","color":"#0059a9","colorDark":"#00294f","angle":11.4,"snapDist":15,"label":0}},{"type":"Feature","geometry":{"type":"Point","coordinates":[16.899407,51.107861]},"properties":{"name":"Zarembowicza","lines":"106, 306","arr":["106","306"],"terminus":0,"mode":"bus","color":"#0059a9","colorDark":"#00294f","angle":319.5,"snapDist":6,"label":0}},{"type":"Feature","geometry":{"type":"Point","coordinates":[16.899084,51.10507]},"properties":{"name":"Strachowice General Aviation","lines":"106, 306","arr":["106","306"],"terminus":1,"mode":"bus","color":"#0059a9","colorDark":"#00294f","angle":192,"snapDist":7,"label":1}},{"type":"Feature","geometry":{"type":"Point","coordinates":[16.898225,51.110961]},"properties":{"name":"Graniczna (Strachowicka)","lines":"106, 206","arr":["106","206"],"terminus":0,"mode":"bus","color":"#0059a9","colorDark":"#00294f","angle":1.7,"snapDist":6,"label":0}},{"type":"Feature","geometry":{"type":"Point","coordinates":[16.888053,51.111224]},"properties":{"name":"Rdestowa","lines":"106, 206","arr":["106","206"],"terminus":0,"mode":"bus","color":"#0059a9","colorDark":"#00294f","angle":3.4,"snapDist":6,"label":0}},{"type":"Feature","geometry":{"type":"Point","coordinates":[16.879868,51.110142]},"properties":{"name":"PORT LOTNICZY","lines":"106, 129, 206","arr":["106","129","206"],"terminus":1,"mode":"bus","color":"#0059a9","colorDark":"#00294f","angle":26,"snapDist":7,"label":0}},{"type":"Feature","geometry":{"type":"Point","coordinates":[17.006344,51.074868]},"properties":{"name":"KRZYKI","lines":"107","arr":["107"],"terminus":1,"mode":"bus","color":"#0059a9","colorDark":"#00294f","angle":259.7,"snapDist":8,"label":1}},{"type":"Feature","geometry":{"type":"Point","coordinates":[17.003985,51.069699]},"properties":{"name":"Przyjaźni","lines":"107, 247","arr":["107","247"],"terminus":0,"mode":"bus","color":"#0059a9","colorDark":"#00294f","angle":22.2,"snapDist":4,"label":1}},{"type":"Feature","geometry":{"type":"Point","coordinates":[16.998809,51.070614]},"properties":{"name":"Zimowa","lines":"107, 247","arr":["107","247"],"terminus":0,"mode":"bus","color":"#0059a9","colorDark":"#00294f","angle":313.8,"snapDist":5,"label":1}},{"type":"Feature","geometry":{"type":"Point","coordinates":[16.996712,51.069191]},"properties":{"name":"Os. Przyjaźni","lines":"107, 133, 933, D, 247","arr":["107","133","933","D","247"],"terminus":0,"mode":"bus","color":"#0059a9","colorDark":"#00294f","angle":315.1,"snapDist":5,"label":1}},{"type":"Feature","geometry":{"type":"Point","coordinates":[16.989386,51.066219]},"properties":{"name":"Skarbowców","lines":"107, 133, 933, D, 247","arr":["107","133","933","D","247"],"terminus":0,"mode":"bus","color":"#0059a9","colorDark":"#00294f","angle":318.1,"snapDist":5,"label":1}},{"type":"Feature","geometry":{"type":"Point","coordinates":[16.98679,51.06529]},"properties":{"name":"KLECINA","lines":"107, 133, 933, D, 247","arr":["107","133","933","D","247"],"terminus":0,"mode":"bus","color":"#0059a9","colorDark":"#00294f","angle":334.5,"snapDist":6,"label":1}},{"type":"Feature","geometry":{"type":"Point","coordinates":[16.983455,51.062894]},"properties":{"name":"Kościelna","lines":"107, 319","arr":["107","319"],"terminus":0,"mode":"bus","color":"#0059a9","colorDark":"#00294f","angle":222.9,"snapDist":5,"label":1}},{"type":"Feature","geometry":{"type":"Point","coordinates":[16.987932,51.058173]},"properties":{"name":"KLECINA (Stacja kolejowa)","lines":"107, 319","arr":["107","319"],"terminus":1,"mode":"bus","color":"#0059a9","colorDark":"#00294f","angle":45,"snapDist":2,"label":1}},{"type":"Feature","geometry":{"type":"Point","coordinates":[16.98134,51.063622]},"properties":{"name":"Kościelna","lines":"107, 133, 319, 933, D, 247","arr":["107","133","319","933","D","247"],"terminus":0,"mode":"bus","color":"#0059a9","colorDark":"#00294f","angle":19.3,"snapDist":9,"label":0}},{"type":"Feature","geometry":{"type":"Point","coordinates":[16.976046,51.06486]},"properties":{"name":"Wałbrzyska","lines":"107, 319, 607, D, 247","arr":["107","319","607","D","247"],"terminus":0,"mode":"bus","color":"#0059a9","colorDark":"#00294f","angle":55.9,"snapDist":7,"label":1}},{"type":"Feature","geometry":{"type":"Point","coordinates":[16.97407,51.066654]},"properties":{"name":"Marchewkowa","lines":"107, 319, D, 247","arr":["107","319","D","247"],"terminus":0,"mode":"bus","color":"#0059a9","colorDark":"#00294f","angle":55.2,"snapDist":9,"label":1}},{"type":"Feature","geometry":{"type":"Point","coordinates":[16.968184,51.070171]},"properties":{"name":"Morelowskiego","lines":"107, 319","arr":["107","319"],"terminus":0,"mode":"bus","color":"#0059a9","colorDark":"#00294f","angle":38.5,"snapDist":8,"label":1}},{"type":"Feature","geometry":{"type":"Point","coordinates":[16.962899,51.074228]},"properties":{"name":"Adamieckiego","lines":"107, 319","arr":["107","319"],"terminus":0,"mode":"bus","color":"#0059a9","colorDark":"#00294f","angle":62.5,"snapDist":8,"label":1}},{"type":"Feature","geometry":{"type":"Point","coordinates":[16.963725,51.077738]},"properties":{"name":"Wiejska","lines":"107, 119, 125, 132, 153, 319, 607, 907, 947, A, 251","arr":["107","119","125","132","153","319","607","907","947","A","251"],"terminus":0,"mode":"bus","color":"#0059a9","colorDark":"#00294f","angle":130.4,"snapDist":17,"label":1}},{"type":"Feature","geometry":{"type":"Point","coordinates":[16.968584,51.081827]},"properties":{"name":"Solskiego","lines":"107, 119, 125, 132, 153, 319, 907, 947, A, 251","arr":["107","119","125","132","153","319","907","947","A","251"],"terminus":0,"mode":"bus","color":"#0059a9","colorDark":"#00294f","angle":124.4,"snapDist":7,"label":1}},{"type":"Feature","geometry":{"type":"Point","coordinates":[16.971886,51.084124]},"properties":{"name":"OPORÓW","lines":"107, 119, 125, 153, 319, 251","arr":["107","119","125","153","319","251"],"terminus":0,"mode":"bus","color":"#0059a9","colorDark":"#00294f","angle":84.5,"snapDist":10,"label":0}},{"type":"Feature","geometry":{"type":"Point","coordinates":[16.976609,51.089631]},"properties":{"name":"GRABISZYŃSKA (Cmentarz)","lines":"107, 119, 125, 153, 319, A, 251, 257","arr":["107","119","125","153","319","A","251","257"],"terminus":0,"mode":"bus","color":"#0059a9","colorDark":"#00294f","angle":105.5,"snapDist":4,"label":1}},{"type":"Feature","geometry":{"type":"Point","coordinates":[16.978183,51.093099]},"properties":{"name":"Fiołkowa","lines":"107, 119, 125, 153, 319, 967, 251, 257","arr":["107","119","125","153","319","967","251","257"],"terminus":1,"mode":"bus","color":"#0059a9","colorDark":"#00294f","angle":107.3,"snapDist":7,"label":1}},{"type":"Feature","geometry":{"type":"Point","coordinates":[16.977791,51.094538]},"properties":{"name":"FAT","lines":"107, 119, 152, 319, 967, 241","arr":["107","119","152","319","967","241"],"terminus":0,"mode":"bus","color":"#0059a9","colorDark":"#00294f","angle":13.3,"snapDist":4,"label":0}},{"type":"Feature","geometry":{"type":"Point","coordinates":[16.972861,51.095242]},"properties":{"name":"Ostrowskiego","lines":"107, 119, 152, 319, 967, 241","arr":["107","119","152","319","967","241"],"terminus":0,"mode":"bus","color":"#0059a9","colorDark":"#00294f","angle":12.2,"snapDist":6,"label":1}},{"type":"Feature","geometry":{"type":"Point","coordinates":[16.962138,51.095921]},"properties":{"name":"Końcowa","lines":"107, 119, 152, 319, 967, 241","arr":["107","119","152","319","967","241"],"terminus":0,"mode":"bus","color":"#0059a9","colorDark":"#00294f","angle":7.7,"snapDist":7,"label":1}},{"type":"Feature","geometry":{"type":"Point","coordinates":[16.954883,51.096661]},"properties":{"name":"Krzemieniecka","lines":"107, 119, 152, 319, 967, 241","arr":["107","119","152","319","967","241"],"terminus":0,"mode":"bus","color":"#0059a9","colorDark":"#00294f","angle":8.2,"snapDist":8,"label":1}},{"type":"Feature","geometry":{"type":"Point","coordinates":[16.949378,51.097217]},"properties":{"name":"Trawowa","lines":"107, 119, 152, 319, 967, 241","arr":["107","119","152","319","967","241"],"terminus":0,"mode":"bus","color":"#0059a9","colorDark":"#00294f","angle":9.1,"snapDist":6,"label":1}},{"type":"Feature","geometry":{"type":"Point","coordinates":[16.946862,51.09692]},"properties":{"name":"Stanisławowska (W.K. Formaty)","lines":"107, 119, 132, 152, 319, 967, 241","arr":["107","119","132","152","319","967","241"],"terminus":0,"mode":"bus","color":"#0059a9","colorDark":"#00294f","angle":40,"snapDist":4,"label":1}},{"type":"Feature","geometry":{"type":"Point","coordinates":[16.941515,51.098875]},"properties":{"name":"Muchobór Wielki","lines":"107, 119, 132, 152, 319, 967, 241","arr":["107","119","132","152","319","967","241"],"terminus":0,"mode":"bus","color":"#0059a9","colorDark":"#00294f","angle":25.1,"snapDist":6,"label":1}},{"type":"Feature","geometry":{"type":"Point","coordinates":[16.943991,51.101791]},"properties":{"name":"MUCHOBÓR WIELKI (Roślinna)","lines":"107, 119, 122, 132, 152, 319, 927, 241","arr":["107","119","122","132","152","319","927","241"],"terminus":0,"mode":"bus","color":"#0059a9","colorDark":"#00294f","angle":136.9,"snapDist":4,"label":1}},{"type":"Feature","geometry":{"type":"Point","coordinates":[16.946145,51.103532]},"properties":{"name":"Tyrmanda","lines":"107, 119, 122, 132, 152, 319, 927, 241","arr":["107","119","122","132","152","319","927","241"],"terminus":0,"mode":"bus","color":"#0059a9","colorDark":"#00294f","angle":126.9,"snapDist":9,"label":1}},{"type":"Feature","geometry":{"type":"Point","coordinates":[16.950085,51.106119]},"properties":{"name":"Mińska (Rondo Rotm. Pileckiego)","lines":"107, 119, 122, 132, 152, 319, 927, 241","arr":["107","119","122","132","152","319","927","241"],"terminus":0,"mode":"bus","color":"#0059a9","colorDark":"#00294f","angle":116.9,"snapDist":9,"label":0}},{"type":"Feature","geometry":{"type":"Point","coordinates":[16.95983,51.112552]},"properties":{"name":"Strzegomska (krzyżówka)","lines":"107, 122, 152, 909, 927, 241","arr":["107","122","152","909","927","241"],"terminus":1,"mode":"bus","color":"#0059a9","colorDark":"#00294f","angle":60.7,"snapDist":8,"label":1}},{"type":"Feature","geometry":{"type":"Point","coordinates":[16.958439,51.115798]},"properties":{"name":"Chociebuska (C. K. Nowy Pafawag)","lines":"107, 122, 126, 142, 148, 149, 152, 909, 927, 241, 246","arr":["107","122","126","142","148","149","152","909","927","241","246"],"terminus":0,"mode":"bus","color":"#0059a9","colorDark":"#00294f","angle":100,"snapDist":9,"label":1}},{"type":"Feature","geometry":{"type":"Point","coordinates":[16.954838,51.118551]},"properties":{"name":"Rogowska (Ośrodek sportu)","lines":"107, 128, 142, 148, 149, 909, 927, 241","arr":["107","128","142","148","149","909","927","241"],"terminus":0,"mode":"bus","color":"#0059a9","colorDark":"#00294f","angle":15.1,"snapDist":8,"label":1}},{"type":"Feature","geometry":{"type":"Point","coordinates":[16.952627,51.119889]},"properties":{"name":"Wrocław Nowy Dwór (P+R)","lines":"107, 142, 148, 149, 909, 249","arr":["107","142","148","149","909","249"],"terminus":0,"mode":"bus","color":"#0059a9","colorDark":"#00294f","angle":15.7,"snapDist":3,"label":0}},{"type":"Feature","geometry":{"type":"Point","coordinates":[16.944946,51.121162]},"properties":{"name":"Kołobrzeska","lines":"107, 129, 142, 148, 909, 249","arr":["107","129","142","148","909","249"],"terminus":0,"mode":"bus","color":"#0059a9","colorDark":"#00294f","angle":14.9,"snapDist":4,"label":1}},{"type":"Feature","geometry":{"type":"Point","coordinates":[16.930772,51.122517]},"properties":{"name":"Szczecińska","lines":"107, 129, 142, 148, 909, 249","arr":["107","129","142","148","909","249"],"terminus":0,"mode":"bus","color":"#0059a9","colorDark":"#00294f","angle":6.6,"snapDist":4,"label":1}},{"type":"Feature","geometry":{"type":"Point","coordinates":[16.922993,51.12357]},"properties":{"name":"Żerniki","lines":"107, 129, 142, 148, 909, 249","arr":["107","129","142","148","909","249"],"terminus":0,"mode":"bus","color":"#0059a9","colorDark":"#00294f","angle":8.2,"snapDist":5,"label":1}},{"type":"Feature","geometry":{"type":"Point","coordinates":[16.919063,51.123477]},"properties":{"name":"Strachowicka","lines":"107, 129, 142, 148, 909, 249","arr":["107","129","142","148","909","249"],"terminus":0,"mode":"bus","color":"#0059a9","colorDark":"#00294f","angle":6.7,"snapDist":4,"label":1}},{"type":"Feature","geometry":{"type":"Point","coordinates":[16.911693,51.125734]},"properties":{"name":"Żernicka","lines":"107, 129, 142, 148, 909, 249","arr":["107","129","142","148","909","249"],"terminus":0,"mode":"bus","color":"#0059a9","colorDark":"#00294f","angle":14.8,"snapDist":4,"label":1}},{"type":"Feature","geometry":{"type":"Point","coordinates":[16.909871,51.126033]},"properties":{"name":"Jerzmanowska nr 9","lines":"107, 129, 142, 148, 909, 249","arr":["107","129","142","148","909","249"],"terminus":0,"mode":"bus","color":"#0059a9","colorDark":"#00294f","angle":14.7,"snapDist":6,"label":1}},{"type":"Feature","geometry":{"type":"Point","coordinates":[16.901791,51.127375]},"properties":{"name":"Jerzmanowska nr 17","lines":"107, 129, 142, 148, 909, 249","arr":["107","129","142","148","909","249"],"terminus":0,"mode":"bus","color":"#0059a9","colorDark":"#00294f","angle":15.4,"snapDist":5,"label":1}},{"type":"Feature","geometry":{"type":"Point","coordinates":[16.899863,51.134305]},"properties":{"name":"Częstochowska","lines":"107, 148","arr":["107","148"],"terminus":0,"mode":"bus","color":"#0059a9","colorDark":"#00294f","angle":114.9,"snapDist":43,"label":1}},{"type":"Feature","geometry":{"type":"Point","coordinates":[16.9021,51.136962]},"properties":{"name":"Halicka","lines":"107, 253","arr":["107","253"],"terminus":0,"mode":"bus","color":"#0059a9","colorDark":"#00294f","angle":54.9,"snapDist":5,"label":1}},{"type":"Feature","geometry":{"type":"Point","coordinates":[16.906518,51.174687]},"properties":{"name":"PRACZE ODRZAŃSKIE","lines":"107","arr":["107"],"terminus":1,"mode":"bus","color":"#0059a9","colorDark":"#00294f","angle":257,"snapDist":7,"label":0}},{"type":"Feature","geometry":{"type":"Point","coordinates":[16.905182,51.141612]},"properties":{"name":"Kosmonautów (Szpital)","lines":"107, 253","arr":["107","253"],"terminus":0,"mode":"bus","color":"#0059a9","colorDark":"#00294f","angle":295,"snapDist":1,"label":0}},{"type":"Feature","geometry":{"type":"Point","coordinates":[16.901484,51.136721]},"properties":{"name":"Halicka","lines":"107, 148","arr":["107","148"],"terminus":0,"mode":"bus","color":"#0059a9","colorDark":"#00294f","angle":248.4,"snapDist":20,"label":0}},{"type":"Feature","geometry":{"type":"Point","coordinates":[16.899638,51.133999]},"properties":{"name":"Częstochowska","lines":"107, 148","arr":["107","148"],"terminus":0,"mode":"bus","color":"#0059a9","colorDark":"#00294f","angle":114.9,"snapDist":26,"label":0}},{"type":"Feature","geometry":{"type":"Point","coordinates":[16.900615,51.127566]},"properties":{"name":"Jerzmanowska nr 17","lines":"107, 129, 142, 148, 909, 249","arr":["107","129","142","148","909","249"],"terminus":0,"mode":"bus","color":"#0059a9","colorDark":"#00294f","angle":195.2,"snapDist":5,"label":0}},{"type":"Feature","geometry":{"type":"Point","coordinates":[16.909018,51.126176]},"properties":{"name":"Jerzmanowska nr 9","lines":"107, 129, 142, 148, 909, 249","arr":["107","129","142","148","909","249"],"terminus":0,"mode":"bus","color":"#0059a9","colorDark":"#00294f","angle":195.4,"snapDist":6,"label":0}},{"type":"Feature","geometry":{"type":"Point","coordinates":[16.912386,51.125619]},"properties":{"name":"Żernicka","lines":"107, 129, 142, 148, 909, 249","arr":["107","129","142","148","909","249"],"terminus":0,"mode":"bus","color":"#0059a9","colorDark":"#00294f","angle":194.7,"snapDist":5,"label":0}},{"type":"Feature","geometry":{"type":"Point","coordinates":[16.916907,51.123726]},"properties":{"name":"Strachowicka","lines":"107, 129, 142, 148, 909, 249","arr":["107","129","142","148","909","249"],"terminus":0,"mode":"bus","color":"#0059a9","colorDark":"#00294f","angle":201.9,"snapDist":6,"label":0}},{"type":"Feature","geometry":{"type":"Point","coordinates":[16.924893,51.123124]},"properties":{"name":"Żerniki","lines":"107, 129, 142, 148, 909, 249","arr":["107","129","142","148","909","249"],"terminus":0,"mode":"bus","color":"#0059a9","colorDark":"#00294f","angle":203.6,"snapDist":2,"label":0}},{"type":"Feature","geometry":{"type":"Point","coordinates":[16.931005,51.122499]},"properties":{"name":"Szczecińska","lines":"107, 129, 142, 148, 909, 249","arr":["107","129","142","148","909","249"],"terminus":0,"mode":"bus","color":"#0059a9","colorDark":"#00294f","angle":186.8,"snapDist":5,"label":0}},{"type":"Feature","geometry":{"type":"Point","coordinates":[16.945434,51.12108]},"properties":{"name":"Kołobrzeska","lines":"107, 129, 142, 148, 909, 249","arr":["107","129","142","148","909","249"],"terminus":0,"mode":"bus","color":"#0059a9","colorDark":"#00294f","angle":194.9,"snapDist":6,"label":0}},{"type":"Feature","geometry":{"type":"Point","coordinates":[16.952365,51.119936]},"properties":{"name":"Wrocław Nowy Dwór (P+R)","lines":"107, 142, 148, 149, 909, 249","arr":["107","142","148","149","909","249"],"terminus":0,"mode":"bus","color":"#0059a9","colorDark":"#00294f","angle":195.9,"snapDist":6,"label":0}},{"type":"Feature","geometry":{"type":"Point","coordinates":[16.953819,51.118723]},"properties":{"name":"Rogowska (Ośrodek sportu)","lines":"107, 128, 142, 148, 149, 909, 927, 241","arr":["107","128","142","148","149","909","927","241"],"terminus":0,"mode":"bus","color":"#0059a9","colorDark":"#00294f","angle":195.1,"snapDist":8,"label":0}},{"type":"Feature","geometry":{"type":"Point","coordinates":[16.958175,51.114665]},"properties":{"name":"Chociebuska (C. K. Nowy Pafawag)","lines":"107, 122, 126, 142, 148, 149, 152, 927, 241, 246","arr":["107","122","126","142","148","149","152","927","241","246"],"terminus":0,"mode":"bus","color":"#0059a9","colorDark":"#00294f","angle":276,"snapDist":8,"label":0}},{"type":"Feature","geometry":{"type":"Point","coordinates":[16.959831,51.112551]},"properties":{"name":"Strzegomska (krzyżówka)","lines":"107, 122, 152, 927, 241","arr":["107","122","152","927","241"],"terminus":0,"mode":"bus","color":"#0059a9","colorDark":"#00294f","angle":240.7,"snapDist":13,"label":0}},{"type":"Feature","geometry":{"type":"Point","coordinates":[16.94902,51.105266]},"properties":{"name":"Mińska (Rondo Rotm. Pileckiego)","lines":"107, 119, 122, 132, 152, 319, 927, 241","arr":["107","119","122","132","152","319","927","241"],"terminus":0,"mode":"bus","color":"#0059a9","colorDark":"#00294f","angle":306.9,"snapDist":8,"label":1}},{"type":"Feature","geometry":{"type":"Point","coordinates":[16.945322,51.102774]},"properties":{"name":"Tyrmanda","lines":"107, 119, 122, 132, 152, 319, 927, 241","arr":["107","119","122","132","152","319","927","241"],"terminus":0,"mode":"bus","color":"#0059a9","colorDark":"#00294f","angle":305.1,"snapDist":9,"label":0}},{"type":"Feature","geometry":{"type":"Point","coordinates":[16.94241,51.100816]},"properties":{"name":"Zagony","lines":"107, 119, 122, 132, 152, 319, 927, 241","arr":["107","119","122","132","152","319","927","241"],"terminus":0,"mode":"bus","color":"#0059a9","colorDark":"#00294f","angle":301.1,"snapDist":14,"label":1}},{"type":"Feature","geometry":{"type":"Point","coordinates":[16.941301,51.098933]},"properties":{"name":"Muchobór Wielki","lines":"107, 119, 132, 152, 319, 967, 241","arr":["107","119","132","152","319","967","241"],"terminus":0,"mode":"bus","color":"#0059a9","colorDark":"#00294f","angle":193.7,"snapDist":8,"label":0}},{"type":"Feature","geometry":{"type":"Point","coordinates":[16.946918,51.09689]},"properties":{"name":"Stanisławowska (W.K. Formaty)","lines":"107, 119, 132, 152, 319, 967, 241","arr":["107","119","132","152","319","967","241"],"terminus":0,"mode":"bus","color":"#0059a9","colorDark":"#00294f","angle":220,"snapDist":8,"label":0}},{"type":"Feature","geometry":{"type":"Point","coordinates":[16.950523,51.097102]},"properties":{"name":"Trawowa","lines":"107, 119, 152, 319, 967, 241","arr":["107","119","152","319","967","241"],"terminus":0,"mode":"bus","color":"#0059a9","colorDark":"#00294f","angle":189.3,"snapDist":5,"label":0}},{"type":"Feature","geometry":{"type":"Point","coordinates":[16.956969,51.096448]},"properties":{"name":"Krzemieniecka","lines":"107, 119, 152, 319, 967, 241","arr":["107","119","152","319","967","241"],"terminus":0,"mode":"bus","color":"#0059a9","colorDark":"#00294f","angle":189.5,"snapDist":8,"label":0}},{"type":"Feature","geometry":{"type":"Point","coordinates":[16.962469,51.095891]},"properties":{"name":"Końcowa","lines":"107, 119, 152, 319, 967, 241","arr":["107","119","152","319","967","241"],"terminus":0,"mode":"bus","color":"#0059a9","colorDark":"#00294f","angle":188.8,"snapDist":8,"label":0}},{"type":"Feature","geometry":{"type":"Point","coordinates":[16.973902,51.095103]},"properties":{"name":"Ostrowskiego","lines":"107, 119, 319, 967","arr":["107","119","319","967"],"terminus":0,"mode":"bus","color":"#0059a9","colorDark":"#00294f","angle":192.8,"snapDist":7,"label":0}},{"type":"Feature","geometry":{"type":"Point","coordinates":[16.978447,51.09409]},"properties":{"name":"FAT","lines":"107, 119, 125, 153, 319, 607, 967, A, 251, 257","arr":["107","119","125","153","319","607","967","A","251","257"],"terminus":1,"mode":"bus","color":"#0059a9","colorDark":"#00294f","angle":302.8,"snapDist":8,"label":1}},{"type":"Feature","geometry":{"type":"Point","coordinates":[16.976724,51.08989]},"properties":{"name":"GRABISZYŃSKA (Cmentarz)","lines":"107, 119, 125, 153, 319, A, 251, 257","arr":["107","119","125","153","319","A","251","257"],"terminus":0,"mode":"bus","color":"#0059a9","colorDark":"#00294f","angle":285.4,"snapDist":6,"label":0}},{"type":"Feature","geometry":{"type":"Point","coordinates":[16.975755,51.088081]},"properties":{"name":"Grabiszyńska (Cmentarz II)","lines":"107, 119, 125, 153, 319, 251, 257","arr":["107","119","125","153","319","251","257"],"terminus":0,"mode":"bus","color":"#0059a9","colorDark":"#00294f","angle":298.9,"snapDist":8,"label":1}},{"type":"Feature","geometry":{"type":"Point","coordinates":[16.970972,51.083901]},"properties":{"name":"OPORÓW","lines":"107, 119, 125, 132, 153, 319, 907, 947, 251, 257","arr":["107","119","125","132","153","319","907","947","251","257"],"terminus":0,"mode":"bus","color":"#0059a9","colorDark":"#00294f","angle":307.8,"snapDist":5,"label":0}},{"type":"Feature","geometry":{"type":"Point","coordinates":[16.967796,51.081159]},"properties":{"name":"Solskiego","lines":"107, 119, 125, 132, 153, 319, 907, 947, A, 251, 257","arr":["107","119","125","132","153","319","907","947","A","251","257"],"terminus":0,"mode":"bus","color":"#0059a9","colorDark":"#00294f","angle":306,"snapDist":8,"label":0}},{"type":"Feature","geometry":{"type":"Point","coordinates":[16.96422,51.078113]},"properties":{"name":"Wiejska","lines":"107, 125, 132, 319, 607, 907, 947, 257","arr":["107","125","132","319","607","907","947","257"],"terminus":0,"mode":"bus","color":"#0059a9","colorDark":"#00294f","angle":311.3,"snapDist":10,"label":0}},{"type":"Feature","geometry":{"type":"Point","coordinates":[16.963761,51.073325]},"properties":{"name":"Adamieckiego","lines":"107, 319, 257","arr":["107","319","257"],"terminus":0,"mode":"bus","color":"#0059a9","colorDark":"#00294f","angle":238.7,"snapDist":9,"label":0}},{"type":"Feature","geometry":{"type":"Point","coordinates":[16.969032,51.069743]},"properties":{"name":"Morelowskiego","lines":"107, 319, 257","arr":["107","319","257"],"terminus":0,"mode":"bus","color":"#0059a9","colorDark":"#00294f","angle":218.7,"snapDist":9,"label":0}},{"type":"Feature","geometry":{"type":"Point","coordinates":[16.969517,51.068059]},"properties":{"name":"GIEŁDOWA (Centrum Hurtu)","lines":"107, D, 247, 257","arr":["107","D","247","257"],"terminus":1,"mode":"bus","color":"#0059a9","colorDark":"#00294f","angle":4.5,"snapDist":6,"label":1}},{"type":"Feature","geometry":{"type":"Point","coordinates":[16.974252,51.066489]},"properties":{"name":"Marchewkowa","lines":"107, 319, D, 247","arr":["107","319","D","247"],"terminus":0,"mode":"bus","color":"#0059a9","colorDark":"#00294f","angle":236.2,"snapDist":10,"label":0}},{"type":"Feature","geometry":{"type":"Point","coordinates":[16.979555,51.064005]},"properties":{"name":"Wałbrzyska","lines":"107, 133, 319, 933, D, 247","arr":["107","133","319","933","D","247"],"terminus":0,"mode":"bus","color":"#0059a9","colorDark":"#00294f","angle":198.9,"snapDist":6,"label":1}},{"type":"Feature","geometry":{"type":"Point","coordinates":[16.983831,51.06393]},"properties":{"name":"Kościelna","lines":"107, 133, 933, D, 247","arr":["107","133","933","D","247"],"terminus":0,"mode":"bus","color":"#0059a9","colorDark":"#00294f","angle":138.7,"snapDist":7,"label":0}},{"type":"Feature","geometry":{"type":"Point","coordinates":[16.987403,51.065448]},"properties":{"name":"KLECINA","lines":"107, 133, 933, D, 247","arr":["107","133","933","D","247"],"terminus":0,"mode":"bus","color":"#0059a9","colorDark":"#00294f","angle":161.4,"snapDist":5,"label":0}},{"type":"Feature","geometry":{"type":"Point","coordinates":[16.991732,51.067196]},"properties":{"name":"Skarbowców","lines":"107, 133, 933, D","arr":["107","133","933","D"],"terminus":0,"mode":"bus","color":"#0059a9","colorDark":"#00294f","angle":152.2,"snapDist":5,"label":0}},{"type":"Feature","geometry":{"type":"Point","coordinates":[16.997315,51.069601]},"properties":{"name":"Os. Przyjaźni","lines":"107, 133, 933, D","arr":["107","133","933","D"],"terminus":0,"mode":"bus","color":"#0059a9","colorDark":"#00294f","angle":131.7,"snapDist":5,"label":0}},{"type":"Feature","geometry":{"type":"Point","coordinates":[16.999938,51.071371]},"properties":{"name":"Zimowa","lines":"107, 133, 933, D","arr":["107","133","933","D"],"terminus":0,"mode":"bus","color":"#0059a9","colorDark":"#00294f","angle":133.2,"snapDist":7,"label":0}},{"type":"Feature","geometry":{"type":"Point","coordinates":[17.006044,51.179388]},"properties":{"name":"KMINKOWA","lines":"108, 111, 153","arr":["108","111","153"],"terminus":1,"mode":"bus","color":"#0059a9","colorDark":"#00294f","angle":256.7,"snapDist":12,"label":1}},{"type":"Feature","geometry":{"type":"Point","coordinates":[17.003447,51.178568]},"properties":{"name":"Kaparowa","lines":"108, 111, 153","arr":["108","111","153"],"terminus":0,"mode":"bus","color":"#0059a9","colorDark":"#00294f","angle":352,"snapDist":1,"label":1}},{"type":"Feature","geometry":{"type":"Point","coordinates":[16.999582,51.178329]},"properties":{"name":"Waniliowa","lines":"108, 111, 153","arr":["108","111","153"],"terminus":0,"mode":"bus","color":"#0059a9","colorDark":"#00294f","angle":359,"snapDist":5,"label":1}},{"type":"Feature","geometry":{"type":"Point","coordinates":[16.998308,51.175967]},"properties":{"name":"Cynamonowa","lines":"108, 111, 153","arr":["108","111","153"],"terminus":0,"mode":"bus","color":"#0059a9","colorDark":"#00294f","angle":357.4,"snapDist":7,"label":1}},{"type":"Feature","geometry":{"type":"Point","coordinates":[16.993701,51.175755]},"properties":{"name":"Tymiankowa","lines":"108, 111, 153","arr":["108","111","153"],"terminus":0,"mode":"bus","color":"#0059a9","colorDark":"#00294f","angle":329.3,"snapDist":4,"label":1}},{"type":"Feature","geometry":{"type":"Point","coordinates":[17.000448,51.16978]},"properties":{"name":"Lawendowa","lines":"108","arr":["108"],"terminus":0,"mode":"bus","color":"#0059a9","colorDark":"#00294f","angle":190.6,"snapDist":5,"label":1}},{"type":"Feature","geometry":{"type":"Point","coordinates":[17.004648,51.171473]},"properties":{"name":"Rzemieślnicza","lines":"108","arr":["108"],"terminus":0,"mode":"bus","color":"#0059a9","colorDark":"#00294f","angle":127.7,"snapDist":5,"label":1}},{"type":"Feature","geometry":{"type":"Point","coordinates":[17.011314,51.175109]},"properties":{"name":"Kominiarska (plac sportowy)","lines":"108","arr":["108"],"terminus":0,"mode":"bus","color":"#0059a9","colorDark":"#00294f","angle":143.2,"snapDist":5,"label":1}},{"type":"Feature","geometry":{"type":"Point","coordinates":[17.015731,51.177659]},"properties":{"name":"PRACZE WIDAWSKIE","lines":"108","arr":["108"],"terminus":0,"mode":"bus","color":"#0059a9","colorDark":"#00294f","angle":281.7,"snapDist":10,"label":1}},{"type":"Feature","geometry":{"type":"Point","coordinates":[17.018219,51.176627]},"properties":{"name":"Grawerska","lines":"108","arr":["108"],"terminus":0,"mode":"bus","color":"#0059a9","colorDark":"#00294f","angle":205,"snapDist":3,"label":1}},{"type":"Feature","geometry":{"type":"Point","coordinates":[17.023885,51.169882]},"properties":{"name":"Konopackiej","lines":"108, 908","arr":["108","908"],"terminus":0,"mode":"bus","color":"#0059a9","colorDark":"#00294f","angle":250.7,"snapDist":8,"label":1}},{"type":"Feature","geometry":{"type":"Point","coordinates":[17.027794,51.164746]},"properties":{"name":"Rondo Obrońców Grodna","lines":"108, 908","arr":["108","908"],"terminus":0,"mode":"bus","color":"#0059a9","colorDark":"#00294f","angle":279.2,"snapDist":8,"label":1}},{"type":"Feature","geometry":{"type":"Point","coordinates":[17.027496,51.160438]},"properties":{"name":"Lekarska","lines":"108, 908","arr":["108","908"],"terminus":0,"mode":"bus","color":"#0059a9","colorDark":"#00294f","angle":265.2,"snapDist":9,"label":1}},{"type":"Feature","geometry":{"type":"Point","coordinates":[17.028259,51.154335]},"properties":{"name":"Żmigrodzka (Obwodnica)","lines":"108, 129, 908, 248","arr":["108","129","908","248"],"terminus":0,"mode":"bus","color":"#0059a9","colorDark":"#00294f","angle":270.9,"snapDist":11,"label":1}},{"type":"Feature","geometry":{"type":"Point","coordinates":[17.029044,51.150935]},"properties":{"name":"POŚWIĘTNE","lines":"108, 129, 908, 248","arr":["108","129","908","248"],"terminus":0,"mode":"bus","color":"#0059a9","colorDark":"#00294f","angle":259.4,"snapDist":30,"label":1}},{"type":"Feature","geometry":{"type":"Point","coordinates":[17.030411,51.14737]},"properties":{"name":"Wołowska","lines":"108, 129, 908, 248","arr":["108","129","908","248"],"terminus":0,"mode":"bus","color":"#0059a9","colorDark":"#00294f","angle":259.1,"snapDist":39,"label":1}},{"type":"Feature","geometry":{"type":"Point","coordinates":[17.031369,51.144272]},"properties":{"name":"Kępińska","lines":"108, 129, 908, 248","arr":["108","129","908","248"],"terminus":0,"mode":"bus","color":"#0059a9","colorDark":"#00294f","angle":259.1,"snapDist":39,"label":1}},{"type":"Feature","geometry":{"type":"Point","coordinates":[17.032858,51.139594]},"properties":{"name":"Kamieńskiego","lines":"108, 129, 130, 144, 908, 930, K, 247, 248","arr":["108","129","130","144","908","930","K","247","248"],"terminus":0,"mode":"bus","color":"#0059a9","colorDark":"#00294f","angle":249.7,"snapDist":11,"label":1}},{"type":"Feature","geometry":{"type":"Point","coordinates":[17.036677,51.135099]},"properties":{"name":"Broniewskiego","lines":"108, 111, 132, 144, 908, 930, 244, 247, 248","arr":["108","111","132","144","908","930","244","247","248"],"terminus":0,"mode":"bus","color":"#0059a9","colorDark":"#00294f","angle":270,"snapDist":13,"label":0}},{"type":"Feature","geometry":{"type":"Point","coordinates":[17.032811,51.128834]},"properties":{"name":"Zegadłowicza","lines":"108, 111, 132, 144, 908, 930, 244, 247, 248","arr":["108","111","132","144","908","930","244","247","248"],"terminus":0,"mode":"bus","color":"#0059a9","colorDark":"#00294f","angle":274.9,"snapDist":0,"label":1}},{"type":"Feature","geometry":{"type":"Point","coordinates":[17.027789,51.126726]},"properties":{"name":"Kleczkowska","lines":"108, 132, 142, 144, 602, 908, K, 247, 248, 257","arr":["108","132","142","144","602","908","K","247","248","257"],"terminus":0,"mode":"bus","color":"#0059a9","colorDark":"#00294f","angle":263.4,"snapDist":11,"label":0}},{"type":"Feature","geometry":{"type":"Point","coordinates":[17.033903,51.12468]},"properties":{"name":"DWORZEC NADODRZE","lines":"108, 908","arr":["108","908"],"terminus":1,"mode":"bus","color":"#0059a9","colorDark":"#00294f","angle":323.8,"snapDist":8,"label":1}},{"type":"Feature","geometry":{"type":"Point","coordinates":[17.028552,51.126981]},"properties":{"name":"Kleczkowska","lines":"108, 132, 144, 908, 247, 248","arr":["108","132","144","908","247","248"],"terminus":0,"mode":"bus","color":"#0059a9","colorDark":"#00294f","angle":183.9,"snapDist":3,"label":0}},{"type":"Feature","geometry":{"type":"Point","coordinates":[17.036653,51.12855]},"properties":{"name":"Trzebnicka","lines":"108, 132, 144, 908, 247, 248","arr":["108","132","144","908","247","248"],"terminus":0,"mode":"bus","color":"#0059a9","colorDark":"#00294f","angle":98.7,"snapDist":9,"label":1}},{"type":"Feature","geometry":{"type":"Point","coordinates":[17.036528,51.136326]},"properties":{"name":"Broniewskiego","lines":"108, 129, 130, 144, 908, 930, K, 247, 248","arr":["108","129","130","144","908","930","K","247","248"],"terminus":0,"mode":"bus","color":"#0059a9","colorDark":"#00294f","angle":80,"snapDist":11,"label":0}},{"type":"Feature","geometry":{"type":"Point","coordinates":[17.033047,51.139315]},"properties":{"name":"Kamieńskiego","lines":"108, 129, 130, 144, 908, 930, K, 247, 248","arr":["108","129","130","144","908","930","K","247","248"],"terminus":0,"mode":"bus","color":"#0059a9","colorDark":"#00294f","angle":63.5,"snapDist":8,"label":0}},{"type":"Feature","geometry":{"type":"Point","coordinates":[17.031329,51.144399]},"properties":{"name":"Kępińska","lines":"108, 129, 908, 248","arr":["108","129","908","248"],"terminus":0,"mode":"bus","color":"#0059a9","colorDark":"#00294f","angle":80.5,"snapDist":7,"label":0}},{"type":"Feature","geometry":{"type":"Point","coordinates":[17.030105,51.148408]},"properties":{"name":"Wołowska","lines":"108, 129, 908, 248","arr":["108","129","908","248"],"terminus":0,"mode":"bus","color":"#0059a9","colorDark":"#00294f","angle":79.1,"snapDist":9,"label":0}},{"type":"Feature","geometry":{"type":"Point","coordinates":[17.029219,51.151306]},"properties":{"name":"POŚWIĘTNE","lines":"108, 129, 908, 248","arr":["108","129","908","248"],"terminus":0,"mode":"bus","color":"#0059a9","colorDark":"#00294f","angle":79.3,"snapDist":9,"label":0}},{"type":"Feature","geometry":{"type":"Point","coordinates":[17.02856,51.15414]},"properties":{"name":"Żmigrodzka (Obwodnica)","lines":"108, 129, 908, 248","arr":["108","129","908","248"],"terminus":0,"mode":"bus","color":"#0059a9","colorDark":"#00294f","angle":92.1,"snapDist":8,"label":0}},{"type":"Feature","geometry":{"type":"Point","coordinates":[17.027585,51.161266]},"properties":{"name":"Lekarska","lines":"108, 908","arr":["108","908"],"terminus":0,"mode":"bus","color":"#0059a9","colorDark":"#00294f","angle":87.4,"snapDist":9,"label":0}},{"type":"Feature","geometry":{"type":"Point","coordinates":[17.027976,51.164852]},"properties":{"name":"Rondo Obrońców Grodna","lines":"108, 908","arr":["108","908"],"terminus":0,"mode":"bus","color":"#0059a9","colorDark":"#00294f","angle":99.1,"snapDist":9,"label":0}},{"type":"Feature","geometry":{"type":"Point","coordinates":[17.027263,51.166478]},"properties":{"name":"Rondo Obrońców Grodna","lines":"108, 908","arr":["108","908"],"terminus":0,"mode":"bus","color":"#0059a9","colorDark":"#00294f","angle":54.1,"snapDist":9,"label":0}},{"type":"Feature","geometry":{"type":"Point","coordinates":[17.024056,51.169603]},"properties":{"name":"Konopackiej","lines":"108, 908","arr":["108","908"],"terminus":0,"mode":"bus","color":"#0059a9","colorDark":"#00294f","angle":65.1,"snapDist":9,"label":0}},{"type":"Feature","geometry":{"type":"Point","coordinates":[17.021732,51.175264]},"properties":{"name":"Widawa","lines":"108","arr":["108"],"terminus":0,"mode":"bus","color":"#0059a9","colorDark":"#00294f","angle":29.7,"snapDist":4,"label":1}},{"type":"Feature","geometry":{"type":"Point","coordinates":[17.011656,51.175269]},"properties":{"name":"Kominiarska (plac sportowy)","lines":"108","arr":["108"],"terminus":0,"mode":"bus","color":"#0059a9","colorDark":"#00294f","angle":323.2,"snapDist":6,"label":0}},{"type":"Feature","geometry":{"type":"Point","coordinates":[17.003844,51.170846]},"properties":{"name":"Rzemieślnicza","lines":"108","arr":["108"],"terminus":0,"mode":"bus","color":"#0059a9","colorDark":"#00294f","angle":309.3,"snapDist":6,"label":0}},{"type":"Feature","geometry":{"type":"Point","coordinates":[17.000259,51.169802]},"properties":{"name":"Lawendowa","lines":"108","arr":["108"],"terminus":0,"mode":"bus","color":"#0059a9","colorDark":"#00294f","angle":10.5,"snapDist":5,"label":0}},{"type":"Feature","geometry":{"type":"Point","coordinates":[16.993705,51.175757]},"properties":{"name":"Tymiankowa","lines":"108, 111, 153","arr":["108","111","153"],"terminus":0,"mode":"bus","color":"#0059a9","colorDark":"#00294f","angle":149.3,"snapDist":8,"label":0}},{"type":"Feature","geometry":{"type":"Point","coordinates":[16.998308,51.175967]},"properties":{"name":"Cynamonowa","lines":"108, 111, 153","arr":["108","111","153"],"terminus":0,"mode":"bus","color":"#0059a9","colorDark":"#00294f","angle":177.4,"snapDist":8,"label":0}},{"type":"Feature","geometry":{"type":"Point","coordinates":[16.999587,51.178329]},"properties":{"name":"Waniliowa","lines":"108, 111, 153","arr":["108","111","153"],"terminus":0,"mode":"bus","color":"#0059a9","colorDark":"#00294f","angle":179,"snapDist":5,"label":0}},{"type":"Feature","geometry":{"type":"Point","coordinates":[17.003799,51.178597]},"properties":{"name":"Kaparowa","lines":"108, 111, 153","arr":["108","111","153"],"terminus":0,"mode":"bus","color":"#0059a9","colorDark":"#00294f","angle":172.6,"snapDist":2,"label":0}},{"type":"Feature","geometry":{"type":"Point","coordinates":[17.07232,51.04231]},"properties":{"name":"IWINY - pętla","lines":"110","arr":["110"],"terminus":1,"mode":"bus","color":"#0059a9","colorDark":"#00294f","angle":30.2,"snapDist":3,"label":1}},{"type":"Feature","geometry":{"type":"Point","coordinates":[17.060843,51.045095]},"properties":{"name":"IWINY - rondo","lines":"110, 310, 255","arr":["110","310","255"],"terminus":1,"mode":"bus","color":"#0059a9","colorDark":"#00294f","angle":82.4,"snapDist":2,"label":1}},{"type":"Feature","geometry":{"type":"Point","coordinates":[17.059167,51.05014]},"properties":{"name":"Vivaldiego","lines":"110, 145, 310, 255","arr":["110","145","310","255"],"terminus":1,"mode":"bus","color":"#0059a9","colorDark":"#00294f","angle":-138,"snapDist":7,"label":1}},{"type":"Feature","geometry":{"type":"Point","coordinates":[17.057027,51.053452]},"properties":{"name":"JAGODNO (P+R)","lines":"110, 145, 310, 255","arr":["110","145","310","255"],"terminus":0,"mode":"bus","color":"#0059a9","colorDark":"#00294f","angle":164.6,"snapDist":8,"label":0}},{"type":"Feature","geometry":{"type":"Point","coordinates":[17.056498,51.057642]},"properties":{"name":"Kopycińskiego","lines":"110, 145, 148, 310, N, 255","arr":["110","145","148","310","N","255"],"terminus":0,"mode":"bus","color":"#0059a9","colorDark":"#00294f","angle":75.1,"snapDist":4,"label":1}},{"type":"Feature","geometry":{"type":"Point","coordinates":[17.05486,51.062204]},"properties":{"name":"Lutosławskiego","lines":"110, 145, 148, 310, N, 255","arr":["110","145","148","310","N","255"],"terminus":0,"mode":"bus","color":"#0059a9","colorDark":"#00294f","angle":91.7,"snapDist":5,"label":1}},{"type":"Feature","geometry":{"type":"Point","coordinates":[17.054349,51.067077]},"properties":{"name":"Konduktorska","lines":"110, 145, 148, 310, N, 255","arr":["110","145","148","310","N","255"],"terminus":0,"mode":"bus","color":"#0059a9","colorDark":"#00294f","angle":78.9,"snapDist":6,"label":1}},{"type":"Feature","geometry":{"type":"Point","coordinates":[17.053554,51.069313]},"properties":{"name":"Buforowa (Rondo)","lines":"110, 145, 148, 310, N, 255","arr":["110","145","148","310","N","255"],"terminus":0,"mode":"bus","color":"#0059a9","colorDark":"#00294f","angle":71.1,"snapDist":7,"label":1}},{"type":"Feature","geometry":{"type":"Point","coordinates":[17.05283,51.072405]},"properties":{"name":"Bardzka (Cmentarz)","lines":"110, 145, 148, 310, N, 255","arr":["110","145","148","310","N","255"],"terminus":0,"mode":"bus","color":"#0059a9","colorDark":"#00294f","angle":89,"snapDist":6,"label":1}},{"type":"Feature","geometry":{"type":"Point","coordinates":[17.051644,51.077235]},"properties":{"name":"Morwowa","lines":"110, 146, 148, 310, N","arr":["110","146","148","310","N"],"terminus":0,"mode":"bus","color":"#0059a9","colorDark":"#00294f","angle":73.9,"snapDist":7,"label":0}},{"type":"Feature","geometry":{"type":"Point","coordinates":[17.050657,51.079527]},"properties":{"name":"Krynicka","lines":"110, 146, 148, 310, N","arr":["110","146","148","310","N"],"terminus":0,"mode":"bus","color":"#0059a9","colorDark":"#00294f","angle":76.8,"snapDist":6,"label":1}},{"type":"Feature","geometry":{"type":"Point","coordinates":[17.049201,51.083462]},"properties":{"name":"Bardzka","lines":"110, 124, 125, 134, 148, N, 245","arr":["110","124","125","134","148","N","245"],"terminus":0,"mode":"bus","color":"#0059a9","colorDark":"#00294f","angle":76.5,"snapDist":6,"label":1}},{"type":"Feature","geometry":{"type":"Point","coordinates":[17.046762,51.086288]},"properties":{"name":"Kamienna","lines":"110, 125, 148, N, 245","arr":["110","125","148","N","245"],"terminus":0,"mode":"bus","color":"#0059a9","colorDark":"#00294f","angle":70.4,"snapDist":5,"label":1}},{"type":"Feature","geometry":{"type":"Point","coordinates":[17.044711,51.090024]},"properties":{"name":"Prudnicka","lines":"110, 125, 148, N, 245","arr":["110","125","148","N","245"],"terminus":0,"mode":"bus","color":"#0059a9","colorDark":"#00294f","angle":70.4,"snapDist":8,"label":1}},{"type":"Feature","geometry":{"type":"Point","coordinates":[17.039899,51.091885]},"properties":{"name":"Gajowa","lines":"110, 245","arr":["110","245"],"terminus":0,"mode":"bus","color":"#0059a9","colorDark":"#00294f","angle":26.6,"snapDist":6,"label":1}},{"type":"Feature","geometry":{"type":"Point","coordinates":[17.034514,51.093845]},"properties":{"name":"Joannitów","lines":"110","arr":["110"],"terminus":0,"mode":"bus","color":"#0059a9","colorDark":"#00294f","angle":20.8,"snapDist":4,"label":1}},{"type":"Feature","geometry":{"type":"Point","coordinates":[17.032834,51.096614]},"properties":{"name":"DWORZEC AUTOBUSOWY","lines":"110, 112, 113, 145, 146, 602, 612, K, 241, 242, 243, 244, 245, 246, 247, 248, 249, 251, 253, 255, 257, 259","arr":["110","112","113","145","146","602","612","K","241","242","243","244","245","246","247","248","249","251","253","255","257","259"],"terminus":0,"mode":"bus","color":"#0059a9","colorDark":"#00294f","angle":90.9,"snapDist":5,"label":1}},{"type":"Feature","geometry":{"type":"Point","coordinates":[17.034125,51.099294]},"properties":{"name":"DWORZEC GŁÓWNY","lines":"110, 145, 146, 602, N, 206, 247, 248, 249, 257","arr":["110","145","146","602","N","206","247","248","249","257"],"terminus":0,"mode":"bus","color":"#0059a9","colorDark":"#00294f","angle":190.9,"snapDist":8,"label":1}},{"type":"Feature","geometry":{"type":"Point","coordinates":[17.037219,51.103694]},"properties":{"name":"Bastion Sakwowy","lines":"110, 112, 113, 241, 242, 243, 244, 245, 246, 251, 253, 255, 259","arr":["110","112","113","241","242","243","244","245","246","251","253","255","259"],"terminus":0,"mode":"bus","color":"#0059a9","colorDark":"#00294f","angle":103.3,"snapDist":5,"label":0}},{"type":"Feature","geometry":{"type":"Point","coordinates":[17.041888,51.109011]},"properties":{"name":"GALERIA DOMINIKAŃSKA","lines":"110","arr":["110"],"terminus":1,"mode":"bus","color":"#0059a9","colorDark":"#00294f","angle":195.1,"snapDist":4,"label":1}},{"type":"Feature","geometry":{"type":"Point","coordinates":[17.038316,51.106701]},"properties":{"name":"GALERIA DOMINIKAŃSKA","lines":"110, 112, 113, D, K, N, 241, 242, 243, 244, 245, 246, 251, 253, 255, 259","arr":["110","112","113","D","K","N","241","242","243","244","245","246","251","253","255","259"],"terminus":0,"mode":"bus","color":"#0059a9","colorDark":"#00294f","angle":283.9,"snapDist":3,"label":1}},{"type":"Feature","geometry":{"type":"Point","coordinates":[17.037344,51.104289]},"properties":{"name":"Bastion Sakwowy","lines":"110, 112, 113, 241, 242, 243, 244, 245, 246, 251, 253, 255, 259","arr":["110","112","113","241","242","243","244","245","246","251","253","255","259"],"terminus":0,"mode":"bus","color":"#0059a9","colorDark":"#00294f","angle":283.2,"snapDist":4,"label":0}},{"type":"Feature","geometry":{"type":"Point","coordinates":[17.037233,51.099591]},"properties":{"name":"DWORZEC GŁÓWNY","lines":"110, 112, 113, 145, 146, K, 240, 241, 242, 243, 244, 245, 246, 247, 248, 249, 251, 253, 255, 257, 259","arr":["110","112","113","145","146","K","240","241","242","243","244","245","246","247","248","249","251","253","255","257","259"],"terminus":0,"mode":"bus","color":"#0059a9","colorDark":"#00294f","angle":19.1,"snapDist":7,"label":0}},{"type":"Feature","geometry":{"type":"Point","coordinates":[17.030495,51.098293]},"properties":{"name":"EPI","lines":"110, 112, 113, 122, 145, 146, 148, 240, 241, 242, 243, 244, 245, 246, 247, 248, 249, 250, 251, 253, 255, 257, 259","arr":["110","112","113","122","145","146","148","240","241","242","243","244","245","246","247","248","249","250","251","253","255","257","259"],"terminus":0,"mode":"bus","color":"#0059a9","colorDark":"#00294f","angle":187.2,"snapDist":12,"label":1}},{"type":"Feature","geometry":{"type":"Point","coordinates":[17.032223,51.097281]},"properties":{"name":"DWORZEC AUTOBUSOWY","lines":"110, 112, 113, 145, 146, 612, K, 240, 241, 242, 243, 244, 245, 246, 247, 248, 249, 251, 253, 255, 257, 259","arr":["110","112","113","145","146","612","K","240","241","242","243","244","245","246","247","248","249","251","253","255","257","259"],"terminus":0,"mode":"bus","color":"#0059a9","colorDark":"#00294f","angle":289.1,"snapDist":4,"label":0}},{"type":"Feature","geometry":{"type":"Point","coordinates":[17.032267,51.094362]},"properties":{"name":"Dyrekcyjna","lines":"110, 112, 113, 145, 146, 612, 241, 242, 243, 244, 245, 246, 247, 248, 249, 251, 253, 255, 257, 259","arr":["110","112","113","145","146","612","241","242","243","244","245","246","247","248","249","251","253","255","257","259"],"terminus":0,"mode":"bus","color":"#0059a9","colorDark":"#00294f","angle":201.6,"snapDist":7,"label":1}},{"type":"Feature","geometry":{"type":"Point","coordinates":[17.036163,51.093453]},"properties":{"name":"Joannitów","lines":"110, 245","arr":["110","245"],"terminus":0,"mode":"bus","color":"#0059a9","colorDark":"#00294f","angle":200.4,"snapDist":9,"label":0}},{"type":"Feature","geometry":{"type":"Point","coordinates":[17.040035,51.091842]},"properties":{"name":"Gajowa","lines":"110, 245","arr":["110","245"],"terminus":0,"mode":"bus","color":"#0059a9","colorDark":"#00294f","angle":206.6,"snapDist":8,"label":0}},{"type":"Feature","geometry":{"type":"Point","coordinates":[17.045152,51.089226]},"properties":{"name":"Prudnicka","lines":"110, 125, 148, N, 240, 245","arr":["110","125","148","N","240","245"],"terminus":0,"mode":"bus","color":"#0059a9","colorDark":"#00294f","angle":249.6,"snapDist":8,"label":0}},{"type":"Feature","geometry":{"type":"Point","coordinates":[17.048454,51.084941]},"properties":{"name":"Kamienna","lines":"110, 124, 125, 134, 148, N, 240, 245","arr":["110","124","125","134","148","N","240","245"],"terminus":0,"mode":"bus","color":"#0059a9","colorDark":"#00294f","angle":229.5,"snapDist":5,"label":0}},{"type":"Feature","geometry":{"type":"Point","coordinates":[17.049293,51.082546]},"properties":{"name":"Bardzka","lines":"110, 148, N","arr":["110","148","N"],"terminus":0,"mode":"bus","color":"#0059a9","colorDark":"#00294f","angle":256.8,"snapDist":6,"label":0}},{"type":"Feature","geometry":{"type":"Point","coordinates":[17.050386,51.07967]},"properties":{"name":"Krynicka","lines":"110, 148, N","arr":["110","148","N"],"terminus":0,"mode":"bus","color":"#0059a9","colorDark":"#00294f","angle":75.6,"snapDist":8,"label":0}},{"type":"Feature","geometry":{"type":"Point","coordinates":[17.052137,51.076068]},"properties":{"name":"Morwowa","lines":"110, 145, 148, 310, N, 255","arr":["110","145","148","310","N","255"],"terminus":0,"mode":"bus","color":"#0059a9","colorDark":"#00294f","angle":256.2,"snapDist":2,"label":0}},{"type":"Feature","geometry":{"type":"Point","coordinates":[17.052831,51.07237]},"properties":{"name":"Bardzka (Cmentarz)","lines":"110, 145, 148, 310, N, 255","arr":["110","145","148","310","N","255"],"terminus":0,"mode":"bus","color":"#0059a9","colorDark":"#00294f","angle":269,"snapDist":5,"label":0}},{"type":"Feature","geometry":{"type":"Point","coordinates":[17.053545,51.06933]},"properties":{"name":"Buforowa (Rondo)","lines":"110, 145, 148, 310, N, 255","arr":["110","145","148","310","N","255"],"terminus":0,"mode":"bus","color":"#0059a9","colorDark":"#00294f","angle":251.1,"snapDist":4,"label":0}},{"type":"Feature","geometry":{"type":"Point","coordinates":[17.054358,51.067048]},"properties":{"name":"Konduktorska","lines":"110, 145, 148, 310, N, 255","arr":["110","145","148","310","N","255"],"terminus":0,"mode":"bus","color":"#0059a9","colorDark":"#00294f","angle":258.9,"snapDist":5,"label":0}},{"type":"Feature","geometry":{"type":"Point","coordinates":[17.05486,51.062179]},"properties":{"name":"Lutosławskiego","lines":"110, 145, 148, 310, N, 255","arr":["110","145","148","310","N","255"],"terminus":0,"mode":"bus","color":"#0059a9","colorDark":"#00294f","angle":269.9,"snapDist":4,"label":0}},{"type":"Feature","geometry":{"type":"Point","coordinates":[17.056499,51.05764]},"properties":{"name":"Kopycińskiego","lines":"110, 145, 148, 310, N, 255","arr":["110","145","148","310","N","255"],"terminus":0,"mode":"bus","color":"#0059a9","colorDark":"#00294f","angle":255.1,"snapDist":4,"label":0}},{"type":"Feature","geometry":{"type":"Point","coordinates":[17.057026,51.053718]},"properties":{"name":"JAGODNO (P+R)","lines":"110, 145, 148, 310, N, 255","arr":["110","145","148","310","N","255"],"terminus":1,"mode":"bus","color":"#0059a9","colorDark":"#00294f","angle":2.5,"snapDist":4,"label":1}},{"type":"Feature","geometry":{"type":"Point","coordinates":[17.057987,51.052844]},"properties":{"name":"JAGODNO (P+R)","lines":"110, 145, 255","arr":["110","145","255"],"terminus":0,"mode":"bus","color":"#0059a9","colorDark":"#00294f","angle":262.1,"snapDist":9,"label":0}},{"type":"Feature","geometry":{"type":"Point","coordinates":[17.059323,51.049319]},"properties":{"name":"Vivaldiego","lines":"110, 145, 255","arr":["110","145","255"],"terminus":1,"mode":"bus","color":"#0059a9","colorDark":"#00294f","angle":255.8,"snapDist":3,"label":0}},{"type":"Feature","geometry":{"type":"Point","coordinates":[17.060979,51.044484]},"properties":{"name":"IWINY - rondo","lines":"110, 255","arr":["110","255"],"terminus":1,"mode":"bus","color":"#0059a9","colorDark":"#00294f","angle":262.5,"snapDist":6,"label":0}},{"type":"Feature","geometry":{"type":"Point","coordinates":[17.075179,51.040442]},"properties":{"name":"Iwiny - Kolejowa","lines":"110","arr":["110"],"terminus":0,"mode":"bus","color":"#0059a9","colorDark":"#00294f","angle":114.9,"snapDist":3,"label":1}},{"type":"Feature","geometry":{"type":"Point","coordinates":[17.074698,51.040983]},"properties":{"name":"Iwiny - Kościuszki 21","lines":"110","arr":["110"],"terminus":0,"mode":"bus","color":"#0059a9","colorDark":"#00294f","angle":41.5,"snapDist":3,"label":1}},{"type":"Feature","geometry":{"type":"Point","coordinates":[17.132518,51.158979]},"properties":{"name":"OSIEDLE SOBIESKIEGO","lines":"111, 150, 241","arr":["111","150","241"],"terminus":1,"mode":"bus","color":"#0059a9","colorDark":"#00294f","angle":-48.8,"snapDist":8,"label":1}},{"type":"Feature","geometry":{"type":"Point","coordinates":[17.129124,51.155598]},"properties":{"name":"Królewska","lines":"111, 130, 150, D, 241","arr":["111","130","150","D","241"],"terminus":0,"mode":"bus","color":"#0059a9","colorDark":"#00294f","angle":257.7,"snapDist":8,"label":1}},{"type":"Feature","geometry":{"type":"Point","coordinates":[17.119245,51.154925]},"properties":{"name":"Wallenroda","lines":"111, 128, 130, 151, 928, 931, D, 241","arr":["111","128","130","151","928","931","D","241"],"terminus":0,"mode":"bus","color":"#0059a9","colorDark":"#00294f","angle":300,"snapDist":9,"label":1}},{"type":"Feature","geometry":{"type":"Point","coordinates":[17.115722,51.151601]},"properties":{"name":"Zakrzowska","lines":"111, 128, 130, 151, 928, 931, D, 241","arr":["111","128","130","151","928","931","D","241"],"terminus":0,"mode":"bus","color":"#0059a9","colorDark":"#00294f","angle":315.2,"snapDist":8,"label":1}},{"type":"Feature","geometry":{"type":"Point","coordinates":[17.114391,51.147104]},"properties":{"name":"Psie Pole (Rondo Lotników Polskich)","lines":"111, 121, 128, 130, 131, 147, 151, 904, 911, 914, 924, 928, 944, 961, 964, D, N, 241, 251","arr":["111","121","128","130","131","147","151","904","911","914","924","928","944","961","964","D","N","241","251"],"terminus":0,"mode":"bus","color":"#0059a9","colorDark":"#00294f","angle":334.3,"snapDist":4,"label":1}},{"type":"Feature","geometry":{"type":"Point","coordinates":[17.111473,51.145784]},"properties":{"name":"Psie Pole","lines":"111, 121, 128, 130, 131, 151, 904, 911, 914, 924, 928, 961, 964, D, N, 241, 251","arr":["111","121","128","130","131","151","904","911","914","924","928","961","964","D","N","241","251"],"terminus":0,"mode":"bus","color":"#0059a9","colorDark":"#00294f","angle":333.7,"snapDist":6,"label":1}},{"type":"Feature","geometry":{"type":"Point","coordinates":[17.107966,51.145397]},"properties":{"name":"Zielna","lines":"111, 121, 128, 130, 131, 151, 904, 911, 914, 924, 928, 961, 964, D, N, 241, 251","arr":["111","121","128","130","131","151","904","911","914","924","928","961","964","D","N","241","251"],"terminus":0,"mode":"bus","color":"#0059a9","colorDark":"#00294f","angle":328.7,"snapDist":7,"label":1}},{"type":"Feature","geometry":{"type":"Point","coordinates":[17.092737,51.142073]},"properties":{"name":"C.H. Korona","lines":"111, 121, 128, 130, 131, 151, 904, 911, 914, 924, 928, 961, 964, 241, 251","arr":["111","121","128","130","131","151","904","911","914","924","928","961","964","241","251"],"terminus":0,"mode":"bus","color":"#0059a9","colorDark":"#00294f","angle":340.8,"snapDist":6,"label":1}},{"type":"Feature","geometry":{"type":"Point","coordinates":[17.08765,51.141104]},"properties":{"name":"C.H. Korona","lines":"111, 118, 121, 128, 130, 131, 151, 904, 911, 914, 924, 928, 961, 964, 241, 242, 251","arr":["111","118","121","128","130","131","151","904","911","914","924","928","961","964","241","242","251"],"terminus":0,"mode":"bus","color":"#0059a9","colorDark":"#00294f","angle":341.6,"snapDist":0,"label":1}},{"type":"Feature","geometry":{"type":"Point","coordinates":[17.081698,51.138529]},"properties":{"name":"Brücknera","lines":"111, 118, 121, 131, 151, 911, 961, D, 241","arr":["111","118","121","131","151","911","961","D","241"],"terminus":0,"mode":"bus","color":"#0059a9","colorDark":"#00294f","angle":287.8,"snapDist":20,"label":1}},{"type":"Feature","geometry":{"type":"Point","coordinates":[17.078479,51.130573]},"properties":{"name":"Kwidzyńska","lines":"111, 116, 121, 131, 151, 911, 961, D, 241","arr":["111","116","121","131","151","911","961","D","241"],"terminus":0,"mode":"bus","color":"#0059a9","colorDark":"#00294f","angle":280.2,"snapDist":10,"label":1}},{"type":"Feature","geometry":{"type":"Point","coordinates":[17.07813,51.124343]},"properties":{"name":"Zacisze","lines":"111, 116, 121, 131, 151, 911, 961, D, 241","arr":["111","116","121","131","151","911","961","D","241"],"terminus":0,"mode":"bus","color":"#0059a9","colorDark":"#00294f","angle":272.5,"snapDist":22,"label":1}},{"type":"Feature","geometry":{"type":"Point","coordinates":[17.077617,51.120526]},"properties":{"name":"Śniadeckich","lines":"111, 116, 121, 131, 151, 911, 961, D, 241","arr":["111","116","121","131","151","911","961","D","241"],"terminus":0,"mode":"bus","color":"#0059a9","colorDark":"#00294f","angle":283,"snapDist":22,"label":1}},{"type":"Feature","geometry":{"type":"Point","coordinates":[17.073525,51.11508]},"properties":{"name":"Kochanowskiego","lines":"111, 116, 121, 131, 151, 911, 961, D, 241, 259","arr":["111","116","121","131","151","911","961","D","241","259"],"terminus":0,"mode":"bus","color":"#0059a9","colorDark":"#00294f","angle":310.3,"snapDist":7,"label":1}},{"type":"Feature","geometry":{"type":"Point","coordinates":[17.067531,51.113589]},"properties":{"name":"Bujwida","lines":"111, 121, 131, 151, D, 241","arr":["111","121","131","151","D","241"],"terminus":0,"mode":"bus","color":"#0059a9","colorDark":"#00294f","angle":335.8,"snapDist":5,"label":1}},{"type":"Feature","geometry":{"type":"Point","coordinates":[17.060119,51.111573]},"properties":{"name":"PL. GRUNWALDZKI","lines":"111, 115, 121, 131, 151, 315, D, 241, 253, 255","arr":["111","115","121","131","151","315","D","241","253","255"],"terminus":0,"mode":"bus","color":"#0059a9","colorDark":"#00294f","angle":336.5,"snapDist":6,"label":0}},{"type":"Feature","geometry":{"type":"Point","coordinates":[17.057445,51.112174]},"properties":{"name":"Reja","lines":"111, 115, 121, 131, 151, 315, 253, 255","arr":["111","115","121","131","151","315","253","255"],"terminus":1,"mode":"bus","color":"#0059a9","colorDark":"#00294f","angle":27.5,"snapDist":9,"label":1}},{"type":"Feature","geometry":{"type":"Point","coordinates":[17.05038,51.114283]},"properties":{"name":"Katedra","lines":"111, 315, 914, 924, A, N, 246","arr":["111","315","914","924","A","N","246"],"terminus":0,"mode":"bus","color":"#0059a9","colorDark":"#00294f","angle":107.6,"snapDist":31,"label":1}},{"type":"Feature","geometry":{"type":"Point","coordinates":[17.050323,51.116693]},"properties":{"name":"Ogród Botaniczny","lines":"111, 128, 259","arr":["111","128","259"],"terminus":0,"mode":"bus","color":"#0059a9","colorDark":"#00294f","angle":6.4,"snapDist":23,"label":1}},{"type":"Feature","geometry":{"type":"Point","coordinates":[17.044209,51.11724]},"properties":{"name":"Świętokrzyska","lines":"111, 128, 259","arr":["111","128","259"],"terminus":0,"mode":"bus","color":"#0059a9","colorDark":"#00294f","angle":353.1,"snapDist":7,"label":1}},{"type":"Feature","geometry":{"type":"Point","coordinates":[17.042048,51.117505]},"properties":{"name":"Pl. Bema","lines":"111, 242, 244, 251","arr":["111","242","244","251"],"terminus":0,"mode":"bus","color":"#0059a9","colorDark":"#00294f","angle":93.1,"snapDist":5,"label":1}},{"type":"Feature","geometry":{"type":"Point","coordinates":[17.041978,51.118903]},"properties":{"name":"Na Szańcach","lines":"111, 242, 244, 251","arr":["111","242","244","251"],"terminus":0,"mode":"bus","color":"#0059a9","colorDark":"#00294f","angle":90.4,"snapDist":4,"label":1}},{"type":"Feature","geometry":{"type":"Point","coordinates":[17.043341,51.121205]},"properties":{"name":"Jedności Narodowej","lines":"111, 242, 244, 251","arr":["111","242","244","251"],"terminus":0,"mode":"bus","color":"#0059a9","colorDark":"#00294f","angle":114.3,"snapDist":2,"label":1}},{"type":"Feature","geometry":{"type":"Point","coordinates":[17.045062,51.12438]},"properties":{"name":"Nowowiejska","lines":"111, 240, 242, 244, 251","arr":["111","240","242","244","251"],"terminus":0,"mode":"bus","color":"#0059a9","colorDark":"#00294f","angle":113.1,"snapDist":5,"label":1}},{"type":"Feature","geometry":{"type":"Point","coordinates":[17.047677,51.127447]},"properties":{"name":"Daszyńskiego","lines":"111, 930, 244","arr":["111","930","244"],"terminus":0,"mode":"bus","color":"#0059a9","colorDark":"#00294f","angle":74.6,"snapDist":8,"label":1}},{"type":"Feature","geometry":{"type":"Point","coordinates":[17.045061,51.130398]},"properties":{"name":"Słonimskiego","lines":"111, 930, 244","arr":["111","930","244"],"terminus":0,"mode":"bus","color":"#0059a9","colorDark":"#00294f","angle":65.2,"snapDist":10,"label":1}},{"type":"Feature","geometry":{"type":"Point","coordinates":[17.038626,51.129946]},"properties":{"name":"Zakładowa","lines":"111, 930, 244","arr":["111","930","244"],"terminus":0,"mode":"bus","color":"#0059a9","colorDark":"#00294f","angle":8.1,"snapDist":6,"label":1}},{"type":"Feature","geometry":{"type":"Point","coordinates":[17.036706,51.126558]},"properties":{"name":"Trzebnicka","lines":"111, 930, 244","arr":["111","930","244"],"terminus":0,"mode":"bus","color":"#0059a9","colorDark":"#00294f","angle":192.1,"snapDist":1,"label":1}},{"type":"Feature","geometry":{"type":"Point","coordinates":[17.045081,51.128735]},"properties":{"name":"Miłosza","lines":"111, 930, 244","arr":["111","930","244"],"terminus":0,"mode":"bus","color":"#0059a9","colorDark":"#00294f","angle":64.4,"snapDist":0,"label":1}},{"type":"Feature","geometry":{"type":"Point","coordinates":[17.047651,51.127507]},"properties":{"name":"Daszyńskiego","lines":"111, 930, 244","arr":["111","930","244"],"terminus":0,"mode":"bus","color":"#0059a9","colorDark":"#00294f","angle":254.6,"snapDist":1,"label":0}},{"type":"Feature","geometry":{"type":"Point","coordinates":[17.044955,51.124222]},"properties":{"name":"Nowowiejska","lines":"111, 242, 244, 250, 251","arr":["111","242","244","250","251"],"terminus":0,"mode":"bus","color":"#0059a9","colorDark":"#00294f","angle":293.1,"snapDist":5,"label":0}},{"type":"Feature","geometry":{"type":"Point","coordinates":[17.043547,51.121527]},"properties":{"name":"Jedności Narodowej","lines":"111, 242, 244, 251","arr":["111","242","244","251"],"terminus":0,"mode":"bus","color":"#0059a9","colorDark":"#00294f","angle":291.2,"snapDist":7,"label":0}},{"type":"Feature","geometry":{"type":"Point","coordinates":[17.042138,51.119369]},"properties":{"name":"Na Szańcach","lines":"111, 242, 244, 251","arr":["111","242","244","251"],"terminus":0,"mode":"bus","color":"#0059a9","colorDark":"#00294f","angle":292.4,"snapDist":9,"label":0}},{"type":"Feature","geometry":{"type":"Point","coordinates":[17.043362,51.117046]},"properties":{"name":"Pl. Bema","lines":"111, 128, 259","arr":["111","128","259"],"terminus":0,"mode":"bus","color":"#0059a9","colorDark":"#00294f","angle":176.1,"snapDist":7,"label":0}},{"type":"Feature","geometry":{"type":"Point","coordinates":[17.051145,51.116113]},"properties":{"name":"Ogród Botaniczny","lines":"111, 914, 924, A, N, 246","arr":["111","914","924","A","N","246"],"terminus":0,"mode":"bus","color":"#0059a9","colorDark":"#00294f","angle":276.8,"snapDist":5,"label":0}},{"type":"Feature","geometry":{"type":"Point","coordinates":[17.051395,51.113747]},"properties":{"name":"Katedra","lines":"111, 253, 255","arr":["111","253","255"],"terminus":0,"mode":"bus","color":"#0059a9","colorDark":"#00294f","angle":199.7,"snapDist":15,"label":0}},{"type":"Feature","geometry":{"type":"Point","coordinates":[17.055637,51.112831]},"properties":{"name":"Reja","lines":"111, 253, 255","arr":["111","253","255"],"terminus":0,"mode":"bus","color":"#0059a9","colorDark":"#00294f","angle":212.3,"snapDist":4,"label":0}},{"type":"Feature","geometry":{"type":"Point","coordinates":[17.060404,51.111653]},"properties":{"name":"PL. GRUNWALDZKI","lines":"111, 121, 131, 151, D, 241","arr":["111","121","131","151","D","241"],"terminus":1,"mode":"bus","color":"#0059a9","colorDark":"#00294f","angle":156.2,"snapDist":5,"label":1}},{"type":"Feature","geometry":{"type":"Point","coordinates":[17.066876,51.113404]},"properties":{"name":"Bujwida","lines":"111, 121, 131, 151, D, 241","arr":["111","121","131","151","D","241"],"terminus":0,"mode":"bus","color":"#0059a9","colorDark":"#00294f","angle":155.1,"snapDist":5,"label":0}},{"type":"Feature","geometry":{"type":"Point","coordinates":[17.07355,51.115098]},"properties":{"name":"Kochanowskiego","lines":"111, 116, 121, 131, 151, 911, 961, D, 241, 259","arr":["111","116","121","131","151","911","961","D","241","259"],"terminus":0,"mode":"bus","color":"#0059a9","colorDark":"#00294f","angle":130.3,"snapDist":6,"label":0}},{"type":"Feature","geometry":{"type":"Point","coordinates":[17.077356,51.1198]},"properties":{"name":"Śniadeckich","lines":"111, 116, 121, 131, 151, 345, 911, 961, D, 241, 259","arr":["111","116","121","131","151","345","911","961","D","241","259"],"terminus":0,"mode":"bus","color":"#0059a9","colorDark":"#00294f","angle":103.7,"snapDist":8,"label":0}},{"type":"Feature","geometry":{"type":"Point","coordinates":[17.078117,51.124197]},"properties":{"name":"Zacisze","lines":"111, 116, 121, 131, 151, 911, 961, D, 241","arr":["111","116","121","131","151","911","961","D","241"],"terminus":0,"mode":"bus","color":"#0059a9","colorDark":"#00294f","angle":93.3,"snapDist":9,"label":0}},{"type":"Feature","geometry":{"type":"Point","coordinates":[17.079326,51.132281]},"properties":{"name":"Kwidzyńska","lines":"111, 118, 121, 131, 151, 911, 961, D, 241","arr":["111","118","121","131","151","911","961","D","241"],"terminus":0,"mode":"bus","color":"#0059a9","colorDark":"#00294f","angle":103.6,"snapDist":10,"label":0}},{"type":"Feature","geometry":{"type":"Point","coordinates":[17.081673,51.138472]},"properties":{"name":"Brücknera","lines":"111, 118, 121, 131, 151, 911, 961, D, 241","arr":["111","118","121","131","151","911","961","D","241"],"terminus":0,"mode":"bus","color":"#0059a9","colorDark":"#00294f","angle":105.1,"snapDist":8,"label":0}},{"type":"Feature","geometry":{"type":"Point","coordinates":[17.093121,51.142063]},"properties":{"name":"C.H. Korona","lines":"111, 121, 128, 130, 131, 151, 904, 911, 914, 924, 928, 961, 964, 241, 251","arr":["111","121","128","130","131","151","904","911","914","924","928","961","964","241","251"],"terminus":0,"mode":"bus","color":"#0059a9","colorDark":"#00294f","angle":160.1,"snapDist":33,"label":0}},{"type":"Feature","geometry":{"type":"Point","coordinates":[17.107227,51.145165]},"properties":{"name":"Zielna","lines":"111, 121, 128, 130, 131, 151, 904, 911, 914, 924, 928, 961, 964, D, N, 241, 251","arr":["111","121","128","130","131","151","904","911","914","924","928","961","964","D","N","241","251"],"terminus":0,"mode":"bus","color":"#0059a9","colorDark":"#00294f","angle":158.1,"snapDist":6,"label":0}},{"type":"Feature","geometry":{"type":"Point","coordinates":[17.110949,51.145608]},"properties":{"name":"Psie Pole","lines":"111, 121, 128, 130, 131, 151, 904, 911, 914, 924, 928, 961, 964, D, N, 241, 251","arr":["111","121","128","130","131","151","904","911","914","924","928","961","964","D","N","241","251"],"terminus":0,"mode":"bus","color":"#0059a9","colorDark":"#00294f","angle":151.3,"snapDist":7,"label":0}},{"type":"Feature","geometry":{"type":"Point","coordinates":[17.11481,51.14778]},"properties":{"name":"Psie Pole (Rondo Lotników Polskich)","lines":"111, 128, 130, 147, 151, 928, 931, D, 241","arr":["111","128","130","147","151","928","931","D","241"],"terminus":0,"mode":"bus","color":"#0059a9","colorDark":"#00294f","angle":71.7,"snapDist":9,"label":0}},{"type":"Feature","geometry":{"type":"Point","coordinates":[17.116491,51.152075]},"properties":{"name":"Zakrzowska","lines":"111, 128, 130, 151, 928, 931, D, 241","arr":["111","128","130","151","928","931","D","241"],"terminus":0,"mode":"bus","color":"#0059a9","colorDark":"#00294f","angle":134.4,"snapDist":7,"label":0}},{"type":"Feature","geometry":{"type":"Point","coordinates":[17.118915,51.154551]},"properties":{"name":"Kopańskiego","lines":"111, 128, 130, 151, 928, 931, D, 241","arr":["111","128","130","151","928","931","D","241"],"terminus":0,"mode":"bus","color":"#0059a9","colorDark":"#00294f","angle":118.3,"snapDist":4,"label":1}},{"type":"Feature","geometry":{"type":"Point","coordinates":[17.120375,51.156194]},"properties":{"name":"Wallenroda","lines":"111, 128, 130, 151, 928, 931, D, 241","arr":["111","128","130","151","928","931","D","241"],"terminus":0,"mode":"bus","color":"#0059a9","colorDark":"#00294f","angle":120.5,"snapDist":7,"label":0}},{"type":"Feature","geometry":{"type":"Point","coordinates":[17.129145,51.155538]},"properties":{"name":"Królewska","lines":"111, 130, 150, D, 241","arr":["111","130","150","D","241"],"terminus":0,"mode":"bus","color":"#0059a9","colorDark":"#00294f","angle":77.7,"snapDist":7,"label":0}},{"type":"Feature","geometry":{"type":"Point","coordinates":[17.006321,51.074947]},"properties":{"name":"KRZYKI","lines":"112, 126, 612, 913, 933, 249","arr":["112","126","612","913","933","249"],"terminus":1,"mode":"bus","color":"#0059a9","colorDark":"#00294f","angle":79.7,"snapDist":5,"label":0}},{"type":"Feature","geometry":{"type":"Point","coordinates":[17.010945,51.07247]},"properties":{"name":"PARK POŁUDNIOWY","lines":"112, 126, 612, 913, 249","arr":["112","126","612","913","249"],"terminus":0,"mode":"bus","color":"#0059a9","colorDark":"#00294f","angle":214,"snapDist":4,"label":1}},{"type":"Feature","geometry":{"type":"Point","coordinates":[17.012113,51.06973]},"properties":{"name":"Wyścigowa","lines":"112, 126, 127, 144, 913, 259","arr":["112","126","127","144","913","259"],"terminus":0,"mode":"bus","color":"#0059a9","colorDark":"#00294f","angle":239.4,"snapDist":5,"label":1}},{"type":"Feature","geometry":{"type":"Point","coordinates":[17.010654,51.066951]},"properties":{"name":"Malinowa","lines":"112, 127, 144, 913, 259","arr":["112","127","144","913","259"],"terminus":0,"mode":"bus","color":"#0059a9","colorDark":"#00294f","angle":293.6,"snapDist":4,"label":1}},{"type":"Feature","geometry":{"type":"Point","coordinates":[17.009536,51.06438]},"properties":{"name":"Ożynowa","lines":"112, 127, 144, 913, 259","arr":["112","127","144","913","259"],"terminus":0,"mode":"bus","color":"#0059a9","colorDark":"#00294f","angle":289.1,"snapDist":6,"label":1}},{"type":"Feature","geometry":{"type":"Point","coordinates":[17.006982,51.05919]},"properties":{"name":"Rondo Św. Ojca Pio","lines":"112, 913","arr":["112","913"],"terminus":0,"mode":"bus","color":"#0059a9","colorDark":"#00294f","angle":272.4,"snapDist":8,"label":1}},{"type":"Feature","geometry":{"type":"Point","coordinates":[17.001908,51.051011]},"properties":{"name":"Wysoka - osiedle","lines":"112, 913","arr":["112","913"],"terminus":0,"mode":"bus","color":"#0059a9","colorDark":"#00294f","angle":300.7,"snapDist":1,"label":1}},{"type":"Feature","geometry":{"type":"Point","coordinates":[17.000059,51.04875]},"properties":{"name":"Wysoka - Radosna","lines":"112, 612, 913","arr":["112","612","913"],"terminus":0,"mode":"bus","color":"#0059a9","colorDark":"#00294f","angle":201.1,"snapDist":5,"label":1}},{"type":"Feature","geometry":{"type":"Point","coordinates":[17.006513,51.047385]},"properties":{"name":"Wysoka - Chabrowa","lines":"112, 612, 913","arr":["112","612","913"],"terminus":0,"mode":"bus","color":"#0059a9","colorDark":"#00294f","angle":198.2,"snapDist":5,"label":1}},{"type":"Feature","geometry":{"type":"Point","coordinates":[17.012996,51.046139]},"properties":{"name":"Wysoka","lines":"112, 612, 913","arr":["112","612","913"],"terminus":0,"mode":"bus","color":"#0059a9","colorDark":"#00294f","angle":193.7,"snapDist":7,"label":1}},{"type":"Feature","geometry":{"type":"Point","coordinates":[17.015939,51.047702]},"properties":{"name":"ROD Storczyk","lines":"112, 612","arr":["112","612"],"terminus":0,"mode":"bus","color":"#0059a9","colorDark":"#00294f","angle":120.7,"snapDist":8,"label":1}},{"type":"Feature","geometry":{"type":"Point","coordinates":[17.019359,51.052373]},"properties":{"name":"Kutrzeby","lines":"112, 612","arr":["112","612"],"terminus":0,"mode":"bus","color":"#0059a9","colorDark":"#00294f","angle":117.4,"snapDist":5,"label":1}},{"type":"Feature","geometry":{"type":"Point","coordinates":[17.023311,51.058114]},"properties":{"name":"Ołtaszyn","lines":"112, 612","arr":["112","612"],"terminus":0,"mode":"bus","color":"#0059a9","colorDark":"#00294f","angle":108,"snapDist":9,"label":1}},{"type":"Feature","geometry":{"type":"Point","coordinates":[17.026843,51.060858]},"properties":{"name":"Świt","lines":"112, 612","arr":["112","612"],"terminus":0,"mode":"bus","color":"#0059a9","colorDark":"#00294f","angle":149.7,"snapDist":8,"label":1}},{"type":"Feature","geometry":{"type":"Point","coordinates":[17.032138,51.063153]},"properties":{"name":"Parafialna","lines":"112, 113, 612, 903, 249","arr":["112","113","612","903","249"],"terminus":0,"mode":"bus","color":"#0059a9","colorDark":"#00294f","angle":86.3,"snapDist":8,"label":1}},{"type":"Feature","geometry":{"type":"Point","coordinates":[17.032282,51.065824]},"properties":{"name":"Wojszyce","lines":"112, 113, 612, 903, 249","arr":["112","113","612","903","249"],"terminus":0,"mode":"bus","color":"#0059a9","colorDark":"#00294f","angle":83.8,"snapDist":8,"label":1}},{"type":"Feature","geometry":{"type":"Point","coordinates":[17.032464,51.07153]},"properties":{"name":"Przystankowa","lines":"112, 113, 612, 903, 249","arr":["112","113","612","903","249"],"terminus":0,"mode":"bus","color":"#0059a9","colorDark":"#00294f","angle":93.9,"snapDist":8,"label":1}},{"type":"Feature","geometry":{"type":"Point","coordinates":[17.03279,51.07529]},"properties":{"name":"Borowska (Szpital)","lines":"112, 113, 612, 903, 249","arr":["112","113","612","903","249"],"terminus":0,"mode":"bus","color":"#0059a9","colorDark":"#00294f","angle":101.2,"snapDist":19,"label":1}},{"type":"Feature","geometry":{"type":"Point","coordinates":[17.03395,51.078434]},"properties":{"name":"Działkowa","lines":"112, 113, 136, 143, 145, 612, K, 249, 255","arr":["112","113","136","143","145","612","K","249","255"],"terminus":0,"mode":"bus","color":"#0059a9","colorDark":"#00294f","angle":102.2,"snapDist":20,"label":1}},{"type":"Feature","geometry":{"type":"Point","coordinates":[17.035192,51.083904]},"properties":{"name":"ROD Bajki","lines":"112, 113, 133, 143, 145, 146, 612, 249, 255","arr":["112","113","133","143","145","146","612","249","255"],"terminus":0,"mode":"bus","color":"#0059a9","colorDark":"#00294f","angle":98,"snapDist":7,"label":1}},{"type":"Feature","geometry":{"type":"Point","coordinates":[17.035321,51.085706]},"properties":{"name":"Śliczna","lines":"112, 113, 133, 143, 145, 146, 612, K, 249, 255","arr":["112","113","133","143","145","146","612","K","249","255"],"terminus":0,"mode":"bus","color":"#0059a9","colorDark":"#00294f","angle":90.6,"snapDist":4,"label":1}},{"type":"Feature","geometry":{"type":"Point","coordinates":[17.034046,51.089284]},"properties":{"name":"Borowska (Aquapark)","lines":"112, 113, 145, 146, 612, K, 249","arr":["112","113","145","146","612","K","249"],"terminus":0,"mode":"bus","color":"#0059a9","colorDark":"#00294f","angle":78.8,"snapDist":7,"label":1}},{"type":"Feature","geometry":{"type":"Point","coordinates":[17.03436,51.099263]},"properties":{"name":"DWORZEC GŁÓWNY","lines":"112, 113, K, 241, 242, 243, 244, 245, 246, 251, 253, 255, 259","arr":["112","113","K","241","242","243","244","245","246","251","253","255","259"],"terminus":0,"mode":"bus","color":"#0059a9","colorDark":"#00294f","angle":191.9,"snapDist":9,"label":0}},{"type":"Feature","geometry":{"type":"Point","coordinates":[17.041508,51.109072]},"properties":{"name":"GALERIA DOMINIKAŃSKA","lines":"112, 113","arr":["112","113"],"terminus":1,"mode":"bus","color":"#0059a9","colorDark":"#00294f","angle":195,"snapDist":15,"label":0}},{"type":"Feature","geometry":{"type":"Point","coordinates":[17.034035,51.089324]},"properties":{"name":"Borowska (Aquapark)","lines":"112, 113, 145, 146, 612, K, 245, 249, 251, 253, 255, 259","arr":["112","113","145","146","612","K","245","249","251","253","255","259"],"terminus":0,"mode":"bus","color":"#0059a9","colorDark":"#00294f","angle":260.9,"snapDist":10,"label":0}},{"type":"Feature","geometry":{"type":"Point","coordinates":[17.035048,51.085085]},"properties":{"name":"Śliczna","lines":"112, 113, 133, 143, 145, 146, 612, K, 249, 255","arr":["112","113","133","143","145","146","612","K","249","255"],"terminus":0,"mode":"bus","color":"#0059a9","colorDark":"#00294f","angle":271.6,"snapDist":5,"label":0}},{"type":"Feature","geometry":{"type":"Point","coordinates":[17.034513,51.08252]},"properties":{"name":"ROD Bajki","lines":"112, 113, 136, 143, 145, 612, 249, 255","arr":["112","113","136","143","145","612","249","255"],"terminus":0,"mode":"bus","color":"#0059a9","colorDark":"#00294f","angle":275,"snapDist":10,"label":0}},{"type":"Feature","geometry":{"type":"Point","coordinates":[17.033732,51.077766]},"properties":{"name":"Działkowa","lines":"112, 113, 136, 143, 145, 612, K, 249, 255","arr":["112","113","136","143","145","612","K","249","255"],"terminus":0,"mode":"bus","color":"#0059a9","colorDark":"#00294f","angle":101.5,"snapDist":7,"label":0}},{"type":"Feature","geometry":{"type":"Point","coordinates":[17.032667,51.074721]},"properties":{"name":"Borowska (Szpital)","lines":"112, 113, 612, 903, 249","arr":["112","113","612","903","249"],"terminus":0,"mode":"bus","color":"#0059a9","colorDark":"#00294f","angle":273.4,"snapDist":8,"label":0}},{"type":"Feature","geometry":{"type":"Point","coordinates":[17.032298,51.070004]},"properties":{"name":"Przystankowa","lines":"112, 113, 612, 903, 249","arr":["112","113","612","903","249"],"terminus":0,"mode":"bus","color":"#0059a9","colorDark":"#00294f","angle":274.8,"snapDist":8,"label":0}},{"type":"Feature","geometry":{"type":"Point","coordinates":[17.032351,51.065403]},"properties":{"name":"Wojszyce","lines":"112, 113, 612, 903, 249","arr":["112","113","612","903","249"],"terminus":0,"mode":"bus","color":"#0059a9","colorDark":"#00294f","angle":266,"snapDist":9,"label":0}},{"type":"Feature","geometry":{"type":"Point","coordinates":[17.03127,51.062196]},"properties":{"name":"Parafialna","lines":"112, 612","arr":["112","612"],"terminus":0,"mode":"bus","color":"#0059a9","colorDark":"#00294f","angle":333.3,"snapDist":8,"label":0}},{"type":"Feature","geometry":{"type":"Point","coordinates":[17.025658,51.060409]},"properties":{"name":"Świt","lines":"112, 612","arr":["112","612"],"terminus":0,"mode":"bus","color":"#0059a9","colorDark":"#00294f","angle":328.9,"snapDist":9,"label":0}},{"type":"Feature","geometry":{"type":"Point","coordinates":[17.022355,51.056782]},"properties":{"name":"Ołtaszyn","lines":"112, 612","arr":["112","612"],"terminus":0,"mode":"bus","color":"#0059a9","colorDark":"#00294f","angle":290.9,"snapDist":6,"label":0}},{"type":"Feature","geometry":{"type":"Point","coordinates":[17.018932,51.051808]},"properties":{"name":"Kutrzeby","lines":"112, 612","arr":["112","612"],"terminus":0,"mode":"bus","color":"#0059a9","colorDark":"#00294f","angle":291.6,"snapDist":8,"label":0}},{"type":"Feature","geometry":{"type":"Point","coordinates":[17.015969,51.047733]},"properties":{"name":"ROD Storczyk","lines":"112, 612","arr":["112","612"],"terminus":0,"mode":"bus","color":"#0059a9","colorDark":"#00294f","angle":300.7,"snapDist":4,"label":0}},{"type":"Feature","geometry":{"type":"Point","coordinates":[17.01249,51.046212]},"properties":{"name":"Wysoka","lines":"112, 612, 913","arr":["112","612","913"],"terminus":0,"mode":"bus","color":"#0059a9","colorDark":"#00294f","angle":13.3,"snapDist":5,"label":0}},{"type":"Feature","geometry":{"type":"Point","coordinates":[17.005511,51.047606]},"properties":{"name":"Wysoka - Chabrowa","lines":"112, 612, 913","arr":["112","612","913"],"terminus":0,"mode":"bus","color":"#0059a9","colorDark":"#00294f","angle":19.5,"snapDist":5,"label":0}},{"type":"Feature","geometry":{"type":"Point","coordinates":[17.000202,51.04872]},"properties":{"name":"Wysoka - Radosna","lines":"112, 612, 913","arr":["112","612","913"],"terminus":0,"mode":"bus","color":"#0059a9","colorDark":"#00294f","angle":18.5,"snapDist":4,"label":0}},{"type":"Feature","geometry":{"type":"Point","coordinates":[17.002696,51.051897]},"properties":{"name":"Wysoka - osiedle","lines":"112, 913","arr":["112","913"],"terminus":0,"mode":"bus","color":"#0059a9","colorDark":"#00294f","angle":116.2,"snapDist":5,"label":0}},{"type":"Feature","geometry":{"type":"Point","coordinates":[17.006915,51.058854]},"properties":{"name":"Rondo Św. Ojca Pio","lines":"112, 913","arr":["112","913"],"terminus":0,"mode":"bus","color":"#0059a9","colorDark":"#00294f","angle":108.6,"snapDist":9,"label":0}},{"type":"Feature","geometry":{"type":"Point","coordinates":[17.00747,51.060102]},"properties":{"name":"Rondo Św. Ojca Pio","lines":"112, 127, 144, 913, 259","arr":["112","127","144","913","259"],"terminus":0,"mode":"bus","color":"#0059a9","colorDark":"#00294f","angle":102.4,"snapDist":3,"label":0}},{"type":"Feature","geometry":{"type":"Point","coordinates":[17.009851,51.064962]},"properties":{"name":"Ożynowa","lines":"112, 127, 144, 913, 259","arr":["112","127","144","913","259"],"terminus":0,"mode":"bus","color":"#0059a9","colorDark":"#00294f","angle":108.4,"snapDist":4,"label":0}},{"type":"Feature","geometry":{"type":"Point","coordinates":[17.010501,51.066733]},"properties":{"name":"Malinowa","lines":"112, 127, 144, 913, 259","arr":["112","127","144","913","259"],"terminus":0,"mode":"bus","color":"#0059a9","colorDark":"#00294f","angle":113.7,"snapDist":4,"label":0}},{"type":"Feature","geometry":{"type":"Point","coordinates":[17.011313,51.070586]},"properties":{"name":"Wyścigowa","lines":"112, 126, 127, 144, 913, 259","arr":["112","126","127","144","913","259"],"terminus":0,"mode":"bus","color":"#0059a9","colorDark":"#00294f","angle":61.9,"snapDist":4,"label":0}},{"type":"Feature","geometry":{"type":"Point","coordinates":[17.0107,51.072582]},"properties":{"name":"PARK POŁUDNIOWY","lines":"112, 113, 126, 612, 913, 249","arr":["112","113","126","612","913","249"],"terminus":0,"mode":"bus","color":"#0059a9","colorDark":"#00294f","angle":36.1,"snapDist":5,"label":0}},{"type":"Feature","geometry":{"type":"Point","coordinates":[17.006781,51.074426]},"properties":{"name":"KRZYKI","lines":"112, 113, 247","arr":["112","113","247"],"terminus":1,"mode":"bus","color":"#0059a9","colorDark":"#00294f","angle":231.4,"snapDist":7,"label":0}},{"type":"Feature","geometry":{"type":"Point","coordinates":[17.003918,51.067842]},"properties":{"name":"Przyjaźni","lines":"113","arr":["113"],"terminus":0,"mode":"bus","color":"#0059a9","colorDark":"#00294f","angle":285.3,"snapDist":10,"label":0}},{"type":"Feature","geometry":{"type":"Point","coordinates":[16.998551,51.060923]},"properties":{"name":"Partynice (tor wyścigów konnych)","lines":"113, 249","arr":["113","249"],"terminus":0,"mode":"bus","color":"#0059a9","colorDark":"#00294f","angle":201.8,"snapDist":8,"label":1}},{"type":"Feature","geometry":{"type":"Point","coordinates":[17.001247,51.060271]},"properties":{"name":"Husarska","lines":"113, 249","arr":["113","249"],"terminus":0,"mode":"bus","color":"#0059a9","colorDark":"#00294f","angle":199.9,"snapDist":8,"label":1}},{"type":"Feature","geometry":{"type":"Point","coordinates":[17.006254,51.059583]},"properties":{"name":"Rondo Św. Ojca Pio","lines":"113, 249","arr":["113","249"],"terminus":0,"mode":"bus","color":"#0059a9","colorDark":"#00294f","angle":192.9,"snapDist":10,"label":0}},{"type":"Feature","geometry":{"type":"Point","coordinates":[17.015657,51.058251]},"properties":{"name":"Strachowskiego","lines":"113, 249","arr":["113","249"],"terminus":0,"mode":"bus","color":"#0059a9","colorDark":"#00294f","angle":194.7,"snapDist":2,"label":1}},{"type":"Feature","geometry":{"type":"Point","coordinates":[17.024981,51.056551]},"properties":{"name":"Ołtaszyn","lines":"113, 249","arr":["113","249"],"terminus":0,"mode":"bus","color":"#0059a9","colorDark":"#00294f","angle":194.2,"snapDist":6,"label":0}},{"type":"Feature","geometry":{"type":"Point","coordinates":[17.026692,51.054901]},"properties":{"name":"Kurpiów","lines":"113, 249","arr":["113","249"],"terminus":0,"mode":"bus","color":"#0059a9","colorDark":"#00294f","angle":249.1,"snapDist":6,"label":1}},{"type":"Feature","geometry":{"type":"Point","coordinates":[17.030093,51.050823]},"properties":{"name":"Grota-Roweckiego","lines":"113, 249","arr":["113","249"],"terminus":0,"mode":"bus","color":"#0059a9","colorDark":"#00294f","angle":232.6,"snapDist":6,"label":1}},{"type":"Feature","geometry":{"type":"Point","coordinates":[17.032163,51.054293]},"properties":{"name":"Gałczyńskiego","lines":"113, 903, 249","arr":["113","903","249"],"terminus":0,"mode":"bus","color":"#0059a9","colorDark":"#00294f","angle":98.4,"snapDist":6,"label":1}},{"type":"Feature","geometry":{"type":"Point","coordinates":[17.032541,51.058298]},"properties":{"name":"Oboźna","lines":"113, 903, 249","arr":["113","903","249"],"terminus":0,"mode":"bus","color":"#0059a9","colorDark":"#00294f","angle":89.6,"snapDist":4,"label":1}},{"type":"Feature","geometry":{"type":"Point","coordinates":[17.032371,51.061819]},"properties":{"name":"Parafialna","lines":"113, 903, 249","arr":["113","903","249"],"terminus":0,"mode":"bus","color":"#0059a9","colorDark":"#00294f","angle":264.7,"snapDist":7,"label":0}},{"type":"Feature","geometry":{"type":"Point","coordinates":[17.032532,51.058766]},"properties":{"name":"Oboźna","lines":"113, 903, 249","arr":["113","903","249"],"terminus":0,"mode":"bus","color":"#0059a9","colorDark":"#00294f","angle":269.2,"snapDist":2,"label":0}},{"type":"Feature","geometry":{"type":"Point","coordinates":[17.032294,51.05505]},"properties":{"name":"Gałczyńskiego","lines":"113, 903, 249","arr":["113","903","249"],"terminus":0,"mode":"bus","color":"#0059a9","colorDark":"#00294f","angle":275.1,"snapDist":6,"label":0}},{"type":"Feature","geometry":{"type":"Point","coordinates":[17.030349,51.050616]},"properties":{"name":"Grota-Roweckiego","lines":"113, 249","arr":["113","249"],"terminus":0,"mode":"bus","color":"#0059a9","colorDark":"#00294f","angle":52.3,"snapDist":5,"label":0}},{"type":"Feature","geometry":{"type":"Point","coordinates":[17.026832,51.054663]},"properties":{"name":"Kurpiów","lines":"113, 249","arr":["113","249"],"terminus":0,"mode":"bus","color":"#0059a9","colorDark":"#00294f","angle":69.8,"snapDist":4,"label":0}},{"type":"Feature","geometry":{"type":"Point","coordinates":[17.023772,51.056743]},"properties":{"name":"Ołtaszyn","lines":"113, 249","arr":["113","249"],"terminus":0,"mode":"bus","color":"#0059a9","colorDark":"#00294f","angle":14.5,"snapDist":5,"label":0}},{"type":"Feature","geometry":{"type":"Point","coordinates":[17.020839,51.057472]},"properties":{"name":"Ołtaszyn","lines":"113, 249","arr":["113","249"],"terminus":0,"mode":"bus","color":"#0059a9","colorDark":"#00294f","angle":19.5,"snapDist":0,"label":0}},{"type":"Feature","geometry":{"type":"Point","coordinates":[17.013742,51.058525]},"properties":{"name":"Strachowskiego","lines":"113, 249","arr":["113","249"],"terminus":0,"mode":"bus","color":"#0059a9","colorDark":"#00294f","angle":21.5,"snapDist":9,"label":0}},{"type":"Feature","geometry":{"type":"Point","coordinates":[17.005651,51.059663]},"properties":{"name":"Rondo Św. Ojca Pio","lines":"113, 249","arr":["113","249"],"terminus":0,"mode":"bus","color":"#0059a9","colorDark":"#00294f","angle":11.2,"snapDist":3,"label":0}},{"type":"Feature","geometry":{"type":"Point","coordinates":[17.002088,51.060105]},"properties":{"name":"Husarska","lines":"113, 249","arr":["113","249"],"terminus":0,"mode":"bus","color":"#0059a9","colorDark":"#00294f","angle":14.8,"snapDist":3,"label":0}},{"type":"Feature","geometry":{"type":"Point","coordinates":[16.99757,51.061619]},"properties":{"name":"Partynice (tor wyścigów konnych)","lines":"113, 602, 612, 249","arr":["113","602","612","249"],"terminus":0,"mode":"bus","color":"#0059a9","colorDark":"#00294f","angle":145.9,"snapDist":9,"label":0}},{"type":"Feature","geometry":{"type":"Point","coordinates":[17.004443,51.068842]},"properties":{"name":"Przyjaźni","lines":"113, 247","arr":["113","247"],"terminus":0,"mode":"bus","color":"#0059a9","colorDark":"#00294f","angle":111.3,"snapDist":23,"label":0}},{"type":"Feature","geometry":{"type":"Point","coordinates":[17.006652,51.074532]},"properties":{"name":"KRZYKI","lines":"113, 612, 913, 933","arr":["113","612","913","933"],"terminus":1,"mode":"bus","color":"#0059a9","colorDark":"#00294f","angle":53.4,"snapDist":5,"label":0}},{"type":"Feature","geometry":{"type":"Point","coordinates":[17.041168,51.109074]},"properties":{"name":"GALERIA DOMINIKAŃSKA","lines":"114, 120, 920","arr":["114","120","920"],"terminus":1,"mode":"bus","color":"#0059a9","colorDark":"#00294f","angle":175.8,"snapDist":8,"label":0}},{"type":"Feature","geometry":{"type":"Point","coordinates":[17.04109,51.104081]},"properties":{"name":"skwer Krasińskiego","lines":"114, 120, 145, 146, 149, A","arr":["114","120","145","146","149","A"],"terminus":0,"mode":"bus","color":"#0059a9","colorDark":"#00294f","angle":277.1,"snapDist":6,"label":1}},{"type":"Feature","geometry":{"type":"Point","coordinates":[17.040421,51.101137]},"properties":{"name":"DWORZEC GŁÓWNY (Dworcowa)","lines":"114, 120","arr":["114","120"],"terminus":0,"mode":"bus","color":"#0059a9","colorDark":"#00294f","angle":199.8,"snapDist":9,"label":0}},{"type":"Feature","geometry":{"type":"Point","coordinates":[17.044454,51.100093]},"properties":{"name":"Kościuszki","lines":"114, 120","arr":["114","120"],"terminus":0,"mode":"bus","color":"#0059a9","colorDark":"#00294f","angle":204.4,"snapDist":6,"label":1}},{"type":"Feature","geometry":{"type":"Point","coordinates":[17.050163,51.09908]},"properties":{"name":"Świstackiego","lines":"114, 120","arr":["114","120"],"terminus":0,"mode":"bus","color":"#0059a9","colorDark":"#00294f","angle":193.6,"snapDist":9,"label":1}},{"type":"Feature","geometry":{"type":"Point","coordinates":[17.055543,51.097116]},"properties":{"name":"Na Niskich Łąkach","lines":"114","arr":["114"],"terminus":0,"mode":"bus","color":"#0059a9","colorDark":"#00294f","angle":224.7,"snapDist":9,"label":1}},{"type":"Feature","geometry":{"type":"Point","coordinates":[17.061112,51.092669]},"properties":{"name":"Krakowska","lines":"114, 243","arr":["114","243"],"terminus":0,"mode":"bus","color":"#0059a9","colorDark":"#00294f","angle":227.7,"snapDist":16,"label":1}},{"type":"Feature","geometry":{"type":"Point","coordinates":[17.066027,51.089129]},"properties":{"name":"Krakowska (Centrum Handlowe)","lines":"114, 243","arr":["114","243"],"terminus":0,"mode":"bus","color":"#0059a9","colorDark":"#00294f","angle":227.6,"snapDist":4,"label":1}},{"type":"Feature","geometry":{"type":"Point","coordinates":[17.070411,51.078218]},"properties":{"name":"Gazowa","lines":"114, 125, 245","arr":["114","125","245"],"terminus":0,"mode":"bus","color":"#0059a9","colorDark":"#00294f","angle":179.8,"snapDist":7,"label":1}},{"type":"Feature","geometry":{"type":"Point","coordinates":[17.076172,51.075472]},"properties":{"name":"Wiaduktowa","lines":"114, 125, 245","arr":["114","125","245"],"terminus":0,"mode":"bus","color":"#0059a9","colorDark":"#00294f","angle":249.5,"snapDist":6,"label":1}},{"type":"Feature","geometry":{"type":"Point","coordinates":[17.080178,51.069621]},"properties":{"name":"Topolowa","lines":"114, 125, 245","arr":["114","125","245"],"terminus":0,"mode":"bus","color":"#0059a9","colorDark":"#00294f","angle":238.2,"snapDist":5,"label":1}},{"type":"Feature","geometry":{"type":"Point","coordinates":[17.082585,51.063702]},"properties":{"name":"Brochów (Stacja kolejowa)","lines":"114, 125, 245","arr":["114","125","245"],"terminus":0,"mode":"bus","color":"#0059a9","colorDark":"#00294f","angle":309,"snapDist":8,"label":1}},{"type":"Feature","geometry":{"type":"Point","coordinates":[17.081803,51.06093]},"properties":{"name":"Chińska","lines":"114, 125, 133, 245","arr":["114","125","133","245"],"terminus":0,"mode":"bus","color":"#0059a9","colorDark":"#00294f","angle":212.7,"snapDist":6,"label":1}},{"type":"Feature","geometry":{"type":"Point","coordinates":[17.086532,51.05903]},"properties":{"name":"BROCHÓW","lines":"114, 125, 133, 245","arr":["114","125","133","245"],"terminus":1,"mode":"bus","color":"#0059a9","colorDark":"#00294f","angle":-149,"snapDist":8,"label":1}},{"type":"Feature","geometry":{"type":"Point","coordinates":[17.092649,51.053733]},"properties":{"name":"Ziemniaczana","lines":"114, 245","arr":["114","245"],"terminus":0,"mode":"bus","color":"#0059a9","colorDark":"#00294f","angle":234,"snapDist":3,"label":1}},{"type":"Feature","geometry":{"type":"Point","coordinates":[17.092385,51.051142]},"properties":{"name":"Arabska","lines":"114, 245","arr":["114","245"],"terminus":0,"mode":"bus","color":"#0059a9","colorDark":"#00294f","angle":292.9,"snapDist":5,"label":1}},{"type":"Feature","geometry":{"type":"Point","coordinates":[17.091095,51.047735]},"properties":{"name":"BIEŃKOWICE","lines":"114, 245","arr":["114","245"],"terminus":1,"mode":"bus","color":"#0059a9","colorDark":"#00294f","angle":265,"snapDist":6,"label":1}},{"type":"Feature","geometry":{"type":"Point","coordinates":[17.092375,51.051127]},"properties":{"name":"Arabska","lines":"114, 245","arr":["114","245"],"terminus":0,"mode":"bus","color":"#0059a9","colorDark":"#00294f","angle":112.9,"snapDist":4,"label":0}},{"type":"Feature","geometry":{"type":"Point","coordinates":[17.09229,51.054044]},"properties":{"name":"Ziemniaczana","lines":"114, 245","arr":["114","245"],"terminus":0,"mode":"bus","color":"#0059a9","colorDark":"#00294f","angle":54.2,"snapDist":1,"label":0}},{"type":"Feature","geometry":{"type":"Point","coordinates":[17.087251,51.0589]},"properties":{"name":"BROCHÓW","lines":"114, 245","arr":["114","245"],"terminus":0,"mode":"bus","color":"#0059a9","colorDark":"#00294f","angle":59.1,"snapDist":3,"label":0}},{"type":"Feature","geometry":{"type":"Point","coordinates":[17.083186,51.060386]},"properties":{"name":"Chińska","lines":"114, 125, 245","arr":["114","125","245"],"terminus":0,"mode":"bus","color":"#0059a9","colorDark":"#00294f","angle":33,"snapDist":6,"label":0}},{"type":"Feature","geometry":{"type":"Point","coordinates":[17.08369,51.063588]},"properties":{"name":"Brochów (Stacja kolejowa)","lines":"114, 125, 245","arr":["114","125","245"],"terminus":0,"mode":"bus","color":"#0059a9","colorDark":"#00294f","angle":63.5,"snapDist":4,"label":0}},{"type":"Feature","geometry":{"type":"Point","coordinates":[17.080355,51.069441]},"properties":{"name":"Topolowa","lines":"114, 125, 245","arr":["114","125","245"],"terminus":0,"mode":"bus","color":"#0059a9","colorDark":"#00294f","angle":58.7,"snapDist":5,"label":0}},{"type":"Feature","geometry":{"type":"Point","coordinates":[17.076336,51.075197]},"properties":{"name":"Wiaduktowa","lines":"114, 125, 245","arr":["114","125","245"],"terminus":0,"mode":"bus","color":"#0059a9","colorDark":"#00294f","angle":69.5,"snapDist":5,"label":0}},{"type":"Feature","geometry":{"type":"Point","coordinates":[17.068855,51.078225]},"properties":{"name":"Gazowa","lines":"114, 125, 245","arr":["114","125","245"],"terminus":0,"mode":"bus","color":"#0059a9","colorDark":"#00294f","angle":357.8,"snapDist":6,"label":0}},{"type":"Feature","geometry":{"type":"Point","coordinates":[17.068211,51.087777]},"properties":{"name":"Armii Krajowej","lines":"114, 343, 243","arr":["114","343","243"],"terminus":0,"mode":"bus","color":"#0059a9","colorDark":"#00294f","angle":46.5,"snapDist":9,"label":0}},{"type":"Feature","geometry":{"type":"Point","coordinates":[17.064778,51.090002]},"properties":{"name":"Krakowska (Centrum Handlowe)","lines":"114, 243","arr":["114","243"],"terminus":0,"mode":"bus","color":"#0059a9","colorDark":"#00294f","angle":46.9,"snapDist":5,"label":0}},{"type":"Feature","geometry":{"type":"Point","coordinates":[17.061032,51.092724]},"properties":{"name":"Krakowska","lines":"114, 243","arr":["114","243"],"terminus":0,"mode":"bus","color":"#0059a9","colorDark":"#00294f","angle":47.7,"snapDist":8,"label":0}},{"type":"Feature","geometry":{"type":"Point","coordinates":[17.056537,51.096244]},"properties":{"name":"Na Niskich Łąkach","lines":"114, 243","arr":["114","243"],"terminus":0,"mode":"bus","color":"#0059a9","colorDark":"#00294f","angle":63.6,"snapDist":3,"label":0}},{"type":"Feature","geometry":{"type":"Point","coordinates":[17.055382,51.097211]},"properties":{"name":"Na Niskich Łąkach","lines":"114, 120","arr":["114","120"],"terminus":0,"mode":"bus","color":"#0059a9","colorDark":"#00294f","angle":43.8,"snapDist":11,"label":0}},{"type":"Feature","geometry":{"type":"Point","coordinates":[17.050827,51.099508]},"properties":{"name":"Świstackiego","lines":"114, 120","arr":["114","120"],"terminus":0,"mode":"bus","color":"#0059a9","colorDark":"#00294f","angle":41.7,"snapDist":7,"label":0}},{"type":"Feature","geometry":{"type":"Point","coordinates":[17.047383,51.101483]},"properties":{"name":"Komuny Paryskiej","lines":"114, 120","arr":["114","120"],"terminus":0,"mode":"bus","color":"#0059a9","colorDark":"#00294f","angle":38.6,"snapDist":6,"label":1}},{"type":"Feature","geometry":{"type":"Point","coordinates":[17.044611,51.102535]},"properties":{"name":"Komuny Paryskiej (szkoła)","lines":"114, 120","arr":["114","120"],"terminus":0,"mode":"bus","color":"#0059a9","colorDark":"#00294f","angle":27.2,"snapDist":5,"label":1}},{"type":"Feature","geometry":{"type":"Point","coordinates":[17.165932,51.095908]},"properties":{"name":"WOJNÓW (Pętla)","lines":"115, 118, 259","arr":["115","118","259"],"terminus":1,"mode":"bus","color":"#0059a9","colorDark":"#00294f","angle":286.6,"snapDist":3,"label":1}},{"type":"Feature","geometry":{"type":"Point","coordinates":[17.163972,51.097079]},"properties":{"name":"Wojnów","lines":"115, 118, 945, 955, 259","arr":["115","118","945","955","259"],"terminus":0,"mode":"bus","color":"#0059a9","colorDark":"#00294f","angle":47.1,"snapDist":7,"label":1}},{"type":"Feature","geometry":{"type":"Point","coordinates":[17.157633,51.101365]},"properties":{"name":"Strumykowa","lines":"115, 118, 945, 955, 259","arr":["115","118","945","955","259"],"terminus":0,"mode":"bus","color":"#0059a9","colorDark":"#00294f","angle":47.9,"snapDist":7,"label":1}},{"type":"Feature","geometry":{"type":"Point","coordinates":[17.154666,51.103299]},"properties":{"name":"Smocza","lines":"115, 118, 945, 955, 259","arr":["115","118","945","955","259"],"terminus":0,"mode":"bus","color":"#0059a9","colorDark":"#00294f","angle":39.8,"snapDist":8,"label":1}},{"type":"Feature","geometry":{"type":"Point","coordinates":[17.145694,51.105196]},"properties":{"name":"Kmieca","lines":"115, 118, 945, 955, 259","arr":["115","118","945","955","259"],"terminus":0,"mode":"bus","color":"#0059a9","colorDark":"#00294f","angle":38.9,"snapDist":5,"label":1}},{"type":"Feature","geometry":{"type":"Point","coordinates":[17.143158,51.106684]},"properties":{"name":"Zagrodnicza","lines":"115, 118, 945, 955, 259","arr":["115","118","945","955","259"],"terminus":0,"mode":"bus","color":"#0059a9","colorDark":"#00294f","angle":46.1,"snapDist":7,"label":1}},{"type":"Feature","geometry":{"type":"Point","coordinates":[17.1379,51.109752]},"properties":{"name":"Niedziałkowskiego","lines":"115, 118, 945, 955, 259","arr":["115","118","945","955","259"],"terminus":0,"mode":"bus","color":"#0059a9","colorDark":"#00294f","angle":41,"snapDist":9,"label":1}},{"type":"Feature","geometry":{"type":"Point","coordinates":[17.136716,51.111156]},"properties":{"name":"Mikołowska","lines":"115, 118, 945, 955, 259","arr":["115","118","945","955","259"],"terminus":0,"mode":"bus","color":"#0059a9","colorDark":"#00294f","angle":72.5,"snapDist":5,"label":1}},{"type":"Feature","geometry":{"type":"Point","coordinates":[17.129711,51.115094]},"properties":{"name":"Swojczyce (Miłoszycka)","lines":"115, 118, 941, 945, 955, 259","arr":["115","118","941","945","955","259"],"terminus":0,"mode":"bus","color":"#0059a9","colorDark":"#00294f","angle":50.1,"snapDist":2,"label":1}},{"type":"Feature","geometry":{"type":"Point","coordinates":[17.126196,51.116889]},"properties":{"name":"Miłoszycka","lines":"115, 118, 315, 941, 945, 955, 259","arr":["115","118","315","941","945","955","259"],"terminus":0,"mode":"bus","color":"#0059a9","colorDark":"#00294f","angle":31.8,"snapDist":7,"label":1}},{"type":"Feature","geometry":{"type":"Point","coordinates":[17.123893,51.118308]},"properties":{"name":"Gospodarska","lines":"115, 118, 315, 941, 945, 955, 259","arr":["115","118","315","941","945","955","259"],"terminus":0,"mode":"bus","color":"#0059a9","colorDark":"#00294f","angle":37.8,"snapDist":4,"label":1}},{"type":"Feature","geometry":{"type":"Point","coordinates":[17.120943,51.121109]},"properties":{"name":"Ceglana","lines":"115, 118, 315, 941, 945, 955, 259","arr":["115","118","315","941","945","955","259"],"terminus":0,"mode":"bus","color":"#0059a9","colorDark":"#00294f","angle":62.4,"snapDist":8,"label":1}},{"type":"Feature","geometry":{"type":"Point","coordinates":[17.112021,51.115551]},"properties":{"name":"Monopolowa","lines":"115, 118, 315, 941, 945, 955, 259","arr":["115","118","315","941","945","955","259"],"terminus":0,"mode":"bus","color":"#0059a9","colorDark":"#00294f","angle":24.1,"snapDist":6,"label":1}},{"type":"Feature","geometry":{"type":"Point","coordinates":[17.103776,51.113719]},"properties":{"name":"SĘPOLNO","lines":"115, 118, 143, 343, 941, 945, 955, 253, 259","arr":["115","118","143","343","941","945","955","253","259"],"terminus":0,"mode":"bus","color":"#0059a9","colorDark":"#00294f","angle":10.1,"snapDist":6,"label":1}},{"type":"Feature","geometry":{"type":"Point","coordinates":[17.096483,51.113762]},"properties":{"name":"Godebskiego (AWF Wrocław)","lines":"115, 118, 143, 343, 941, 945, 955, 253, 259","arr":["115","118","143","343","941","945","955","253","259"],"terminus":0,"mode":"bus","color":"#0059a9","colorDark":"#00294f","angle":357.1,"snapDist":3,"label":1}},{"type":"Feature","geometry":{"type":"Point","coordinates":[17.091077,51.113465]},"properties":{"name":"8 Maja","lines":"115, 118, 343, 941, 945, 955, 253, 259","arr":["115","118","343","941","945","955","253","259"],"terminus":1,"mode":"bus","color":"#0059a9","colorDark":"#00294f","angle":9.3,"snapDist":9,"label":1}},{"type":"Feature","geometry":{"type":"Point","coordinates":[17.082197,51.111364]},"properties":{"name":"Park Szczytnicki","lines":"115, 945, 955","arr":["115","945","955"],"terminus":0,"mode":"bus","color":"#0059a9","colorDark":"#00294f","angle":336,"snapDist":5,"label":1}},{"type":"Feature","geometry":{"type":"Point","coordinates":[17.07478,51.109229]},"properties":{"name":"Mickiewicza","lines":"115, 945, 955","arr":["115","945","955"],"terminus":0,"mode":"bus","color":"#0059a9","colorDark":"#00294f","angle":336,"snapDist":5,"label":1}},{"type":"Feature","geometry":{"type":"Point","coordinates":[17.065081,51.109676]},"properties":{"name":"Kliniki - Politechnika Wrocławska","lines":"115, 145, 146, 315, 945, 955, 253, 255","arr":["115","145","146","315","945","955","253","255"],"terminus":0,"mode":"bus","color":"#0059a9","colorDark":"#00294f","angle":27.7,"snapDist":5,"label":1}},{"type":"Feature","geometry":{"type":"Point","coordinates":[17.060488,51.111513]},"properties":{"name":"PL. GRUNWALDZKI","lines":"115, 145, 146, 315, 253, 255","arr":["115","145","146","315","253","255"],"terminus":1,"mode":"bus","color":"#0059a9","colorDark":"#00294f","angle":156.9,"snapDist":7,"label":0}},{"type":"Feature","geometry":{"type":"Point","coordinates":[17.066435,51.10923]},"properties":{"name":"Kliniki - Politechnika Wrocławska","lines":"115, 145, 146, 315, 945, 955, 253, 255","arr":["115","145","146","315","945","955","253","255"],"terminus":0,"mode":"bus","color":"#0059a9","colorDark":"#00294f","angle":208.1,"snapDist":3,"label":0}},{"type":"Feature","geometry":{"type":"Point","coordinates":[17.072529,51.108573]},"properties":{"name":"Mickiewicza","lines":"115, 345, 945, 955","arr":["115","345","945","955"],"terminus":0,"mode":"bus","color":"#0059a9","colorDark":"#00294f","angle":155.7,"snapDist":7,"label":0}},{"type":"Feature","geometry":{"type":"Point","coordinates":[17.082994,51.111591]},"properties":{"name":"Park Szczytnicki","lines":"115, 945, 955","arr":["115","945","955"],"terminus":0,"mode":"bus","color":"#0059a9","colorDark":"#00294f","angle":155,"snapDist":5,"label":0}},{"type":"Feature","geometry":{"type":"Point","coordinates":[17.092284,51.113634]},"properties":{"name":"8 Maja","lines":"115, 143, 343, 345, 715, 941, 945, 955, 253, 259","arr":["115","143","343","345","715","941","945","955","253","259"],"terminus":1,"mode":"bus","color":"#0059a9","colorDark":"#00294f","angle":176.7,"snapDist":9,"label":0}},{"type":"Feature","geometry":{"type":"Point","coordinates":[17.098457,51.113823]},"properties":{"name":"Godebskiego (AWF Wrocław)","lines":"115, 143, 343, 345, 715, 941, 945, 955, 253, 259","arr":["115","143","343","345","715","941","945","955","253","259"],"terminus":0,"mode":"bus","color":"#0059a9","colorDark":"#00294f","angle":177,"snapDist":6,"label":0}},{"type":"Feature","geometry":{"type":"Point","coordinates":[17.103372,51.113769]},"properties":{"name":"SĘPOLNO","lines":"115, 143, 343, 345, 715, 941, 945, 955, 253, 259","arr":["115","143","343","345","715","941","945","955","253","259"],"terminus":0,"mode":"bus","color":"#0059a9","colorDark":"#00294f","angle":191,"snapDist":14,"label":0}},{"type":"Feature","geometry":{"type":"Point","coordinates":[17.112496,51.115404]},"properties":{"name":"Monopolowa","lines":"115, 315, 941, 945, 955, 259","arr":["115","315","941","945","955","259"],"terminus":0,"mode":"bus","color":"#0059a9","colorDark":"#00294f","angle":205.7,"snapDist":1,"label":0}},{"type":"Feature","geometry":{"type":"Point","coordinates":[17.116243,51.114276]},"properties":{"name":"Kolumba","lines":"115, 315, 941, 945, 955, 259","arr":["115","315","941","945","955","259"],"terminus":0,"mode":"bus","color":"#0059a9","colorDark":"#00294f","angle":205.4,"snapDist":9,"label":1}},{"type":"Feature","geometry":{"type":"Point","coordinates":[17.122273,51.113515]},"properties":{"name":"Magellana","lines":"115, 315, 941, 945, 955, 259","arr":["115","315","941","945","955","259"],"terminus":0,"mode":"bus","color":"#0059a9","colorDark":"#00294f","angle":178.2,"snapDist":6,"label":1}},{"type":"Feature","geometry":{"type":"Point","coordinates":[17.128831,51.114658]},"properties":{"name":"SWOJCZYCE","lines":"115, 315, 941, 945, 955, 259","arr":["115","315","941","945","955","259"],"terminus":0,"mode":"bus","color":"#0059a9","colorDark":"#00294f","angle":186.8,"snapDist":9,"label":0}},{"type":"Feature","geometry":{"type":"Point","coordinates":[17.136886,51.110814]},"properties":{"name":"Mikołowska","lines":"115, 945, 955, 259","arr":["115","945","955","259"],"terminus":0,"mode":"bus","color":"#0059a9","colorDark":"#00294f","angle":252.6,"snapDist":6,"label":0}},{"type":"Feature","geometry":{"type":"Point","coordinates":[17.139694,51.108803]},"properties":{"name":"Niedziałkowskiego","lines":"115, 945, 955, 259","arr":["115","945","955","259"],"terminus":0,"mode":"bus","color":"#0059a9","colorDark":"#00294f","angle":220.2,"snapDist":7,"label":0}},{"type":"Feature","geometry":{"type":"Point","coordinates":[17.142332,51.107231]},"properties":{"name":"Zagrodnicza","lines":"115, 945, 955, 259","arr":["115","945","955","259"],"terminus":0,"mode":"bus","color":"#0059a9","colorDark":"#00294f","angle":226.1,"snapDist":9,"label":0}},{"type":"Feature","geometry":{"type":"Point","coordinates":[17.146714,51.104677]},"properties":{"name":"Kmieca","lines":"115, 945, 955, 259","arr":["115","945","955","259"],"terminus":0,"mode":"bus","color":"#0059a9","colorDark":"#00294f","angle":218.5,"snapDist":5,"label":0}},{"type":"Feature","geometry":{"type":"Point","coordinates":[17.155501,51.1028]},"properties":{"name":"Smocza","lines":"115, 945, 955, 259","arr":["115","945","955","259"],"terminus":0,"mode":"bus","color":"#0059a9","colorDark":"#00294f","angle":226.1,"snapDist":9,"label":0}},{"type":"Feature","geometry":{"type":"Point","coordinates":[17.158873,51.100524]},"properties":{"name":"Strumykowa","lines":"115, 945, 955, 259","arr":["115","945","955","259"],"terminus":0,"mode":"bus","color":"#0059a9","colorDark":"#00294f","angle":227.4,"snapDist":8,"label":0}},{"type":"Feature","geometry":{"type":"Point","coordinates":[17.163528,51.097382]},"properties":{"name":"Wojnów","lines":"115, 945, 955, 259","arr":["115","945","955","259"],"terminus":0,"mode":"bus","color":"#0059a9","colorDark":"#00294f","angle":226.7,"snapDist":9,"label":0}},{"type":"Feature","geometry":{"type":"Point","coordinates":[17.064507,51.15523]},"properties":{"name":"SOŁTYSOWICE","lines":"116, 119, A, 246","arr":["116","119","A","246"],"terminus":1,"mode":"bus","color":"#0059a9","colorDark":"#00294f","angle":221.8,"snapDist":9,"label":1}},{"type":"Feature","geometry":{"type":"Point","coordinates":[17.070138,51.152266]},"properties":{"name":"Bagatela","lines":"116, 119, A, 246","arr":["116","119","A","246"],"terminus":0,"mode":"bus","color":"#0059a9","colorDark":"#00294f","angle":223,"snapDist":8,"label":1}},{"type":"Feature","geometry":{"type":"Point","coordinates":[17.075649,51.1487]},"properties":{"name":"Redycka","lines":"116, 119, A, 246","arr":["116","119","A","246"],"terminus":0,"mode":"bus","color":"#0059a9","colorDark":"#00294f","angle":252.7,"snapDist":6,"label":1}},{"type":"Feature","geometry":{"type":"Point","coordinates":[17.073064,51.145744]},"properties":{"name":"Poprzeczna","lines":"116, 119, A, 246","arr":["116","119","A","246"],"terminus":0,"mode":"bus","color":"#0059a9","colorDark":"#00294f","angle":300.9,"snapDist":8,"label":1}},{"type":"Feature","geometry":{"type":"Point","coordinates":[17.071413,51.143795]},"properties":{"name":"Sołtysowicka","lines":"116, 119, A, 246","arr":["116","119","A","246"],"terminus":0,"mode":"bus","color":"#0059a9","colorDark":"#00294f","angle":298,"snapDist":5,"label":1}},{"type":"Feature","geometry":{"type":"Point","coordinates":[17.069982,51.140247]},"properties":{"name":"Koszarowa","lines":"116, 119, A, 246","arr":["116","119","A","246"],"terminus":0,"mode":"bus","color":"#0059a9","colorDark":"#00294f","angle":288.3,"snapDist":8,"label":1}},{"type":"Feature","geometry":{"type":"Point","coordinates":[17.068456,51.140466]},"properties":{"name":"Koszarowa (Uniwersytet)","lines":"116, 119, A, 246","arr":["116","119","A","246"],"terminus":0,"mode":"bus","color":"#0059a9","colorDark":"#00294f","angle":27.2,"snapDist":4,"label":1}},{"type":"Feature","geometry":{"type":"Point","coordinates":[17.06475,51.14163]},"properties":{"name":"KOSZAROWA (Szpital)","lines":"116, 119, A, 246","arr":["116","119","A","246"],"terminus":0,"mode":"bus","color":"#0059a9","colorDark":"#00294f","angle":26.7,"snapDist":4,"label":1}},{"type":"Feature","geometry":{"type":"Point","coordinates":[17.056529,51.13555]},"properties":{"name":"Berenta","lines":"116, 246","arr":["116","246"],"terminus":0,"mode":"bus","color":"#0059a9","colorDark":"#00294f","angle":219.1,"snapDist":7,"label":0}},{"type":"Feature","geometry":{"type":"Point","coordinates":[17.065216,51.13185]},"properties":{"name":"KROMERA","lines":"116, 118","arr":["116","118"],"terminus":0,"mode":"bus","color":"#0059a9","colorDark":"#00294f","angle":183.7,"snapDist":9,"label":0}},{"type":"Feature","geometry":{"type":"Point","coordinates":[17.064151,51.111941]},"properties":{"name":"PL. GRUNWALDZKI","lines":"116, 945, 955","arr":["116","945","955"],"terminus":1,"mode":"bus","color":"#0059a9","colorDark":"#00294f","angle":298.4,"snapDist":9,"label":1}},{"type":"Feature","geometry":{"type":"Point","coordinates":[17.062847,51.112255]},"properties":{"name":"PL. GRUNWALDZKI","lines":"116","arr":["116"],"terminus":1,"mode":"bus","color":"#0059a9","colorDark":"#00294f","angle":155.7,"snapDist":22,"label":0}},{"type":"Feature","geometry":{"type":"Point","coordinates":[17.077981,51.131507]},"properties":{"name":"Kwidzyńska","lines":"116, 118","arr":["116","118"],"terminus":0,"mode":"bus","color":"#0059a9","colorDark":"#00294f","angle":347.6,"snapDist":9,"label":0}},{"type":"Feature","geometry":{"type":"Point","coordinates":[17.05773,51.134937]},"properties":{"name":"Berenta","lines":"116, 315, 246","arr":["116","315","246"],"terminus":0,"mode":"bus","color":"#0059a9","colorDark":"#00294f","angle":38.5,"snapDist":5,"label":0}},{"type":"Feature","geometry":{"type":"Point","coordinates":[17.060317,51.138763]},"properties":{"name":"Pl. Daniłowskiego","lines":"116, 119, A, 246","arr":["116","119","A","246"],"terminus":0,"mode":"bus","color":"#0059a9","colorDark":"#00294f","angle":168.7,"snapDist":5,"label":0}},{"type":"Feature","geometry":{"type":"Point","coordinates":[17.063001,51.140154]},"properties":{"name":"Przybyszewskiego","lines":"116, 119, 246","arr":["116","119","246"],"terminus":0,"mode":"bus","color":"#0059a9","colorDark":"#00294f","angle":210.3,"snapDist":5,"label":1}},{"type":"Feature","geometry":{"type":"Point","coordinates":[17.065138,51.139196]},"properties":{"name":"Czajkowskiego","lines":"116, 119, 246","arr":["116","119","246"],"terminus":0,"mode":"bus","color":"#0059a9","colorDark":"#00294f","angle":211.8,"snapDist":4,"label":1}},{"type":"Feature","geometry":{"type":"Point","coordinates":[17.070023,51.140325]},"properties":{"name":"Koszarowa","lines":"116, 119, A, 246","arr":["116","119","A","246"],"terminus":0,"mode":"bus","color":"#0059a9","colorDark":"#00294f","angle":108.2,"snapDist":6,"label":0}},{"type":"Feature","geometry":{"type":"Point","coordinates":[17.070846,51.142459]},"properties":{"name":"Sołtysowicka","lines":"116, 119, A, 246","arr":["116","119","A","246"],"terminus":0,"mode":"bus","color":"#0059a9","colorDark":"#00294f","angle":99.8,"snapDist":5,"label":0}},{"type":"Feature","geometry":{"type":"Point","coordinates":[17.074111,51.146647]},"properties":{"name":"Poprzeczna","lines":"116, 119, A, 246","arr":["116","119","A","246"],"terminus":0,"mode":"bus","color":"#0059a9","colorDark":"#00294f","angle":124.8,"snapDist":7,"label":0}},{"type":"Feature","geometry":{"type":"Point","coordinates":[17.075189,51.149141]},"properties":{"name":"Redycka","lines":"116, 119, A, 246","arr":["116","119","A","246"],"terminus":0,"mode":"bus","color":"#0059a9","colorDark":"#00294f","angle":31.4,"snapDist":3,"label":0}},{"type":"Feature","geometry":{"type":"Point","coordinates":[17.069345,51.152733]},"properties":{"name":"Bagatela","lines":"116, 119, A, 246","arr":["116","119","A","246"],"terminus":0,"mode":"bus","color":"#0059a9","colorDark":"#00294f","angle":43.5,"snapDist":5,"label":0}},{"type":"Feature","geometry":{"type":"Point","coordinates":[16.886564,51.124341]},"properties":{"name":"Jerzmanowo (Cmentarz I)","lines":"117","arr":["117"],"terminus":1,"mode":"bus","color":"#0059a9","colorDark":"#00294f","angle":334.9,"snapDist":33,"label":1}},{"type":"Feature","geometry":{"type":"Point","coordinates":[16.883847,51.123557]},"properties":{"name":"Jerzmanowo (Cmentarz I)","lines":"117, 129, 142, 909, 249","arr":["117","129","142","909","249"],"terminus":0,"mode":"bus","color":"#0059a9","colorDark":"#00294f","angle":335.8,"snapDist":8,"label":0}},{"type":"Feature","geometry":{"type":"Point","coordinates":[16.879582,51.121899]},"properties":{"name":"Piołunowa","lines":"117, 142, 909, 249","arr":["117","142","909","249"],"terminus":0,"mode":"bus","color":"#0059a9","colorDark":"#00294f","angle":285.5,"snapDist":5,"label":1}},{"type":"Feature","geometry":{"type":"Point","coordinates":[16.876683,51.120928]},"properties":{"name":"Jasińskiej","lines":"117, 142, 909, 249","arr":["117","142","909","249"],"terminus":0,"mode":"bus","color":"#0059a9","colorDark":"#00294f","angle":332.4,"snapDist":8,"label":1}},{"type":"Feature","geometry":{"type":"Point","coordinates":[16.869554,51.1209]},"properties":{"name":"Adamczewskich","lines":"117, 142, 909, 249","arr":["117","142","909","249"],"terminus":0,"mode":"bus","color":"#0059a9","colorDark":"#00294f","angle":5,"snapDist":6,"label":1}},{"type":"Feature","geometry":{"type":"Point","coordinates":[16.864,51.120673]},"properties":{"name":"Kośnego (Jerzmanowska)","lines":"117, 142, 909, 249","arr":["117","142","909","249"],"terminus":0,"mode":"bus","color":"#0059a9","colorDark":"#00294f","angle":11.2,"snapDist":4,"label":1}},{"type":"Feature","geometry":{"type":"Point","coordinates":[16.863593,51.124714]},"properties":{"name":"Rodła","lines":"117","arr":["117"],"terminus":0,"mode":"bus","color":"#0059a9","colorDark":"#00294f","angle":93,"snapDist":3,"label":1}},{"type":"Feature","geometry":{"type":"Point","coordinates":[16.860407,51.129833]},"properties":{"name":"RATYŃ","lines":"117, 917","arr":["117","917"],"terminus":0,"mode":"bus","color":"#0059a9","colorDark":"#00294f","angle":140.8,"snapDist":10,"label":1}},{"type":"Feature","geometry":{"type":"Point","coordinates":[16.853884,51.129196]},"properties":{"name":"Gromadzka","lines":"117, 917","arr":["117","917"],"terminus":0,"mode":"bus","color":"#0059a9","colorDark":"#00294f","angle":350.5,"snapDist":5,"label":1}},{"type":"Feature","geometry":{"type":"Point","coordinates":[16.847595,51.130288]},"properties":{"name":"Ratyń - skrzyżowanie","lines":"117, 917","arr":["117","917"],"terminus":0,"mode":"bus","color":"#0059a9","colorDark":"#00294f","angle":94.1,"snapDist":5,"label":1}},{"type":"Feature","geometry":{"type":"Point","coordinates":[16.848123,51.131617]},"properties":{"name":"Szkolna","lines":"117, 917","arr":["117","917"],"terminus":0,"mode":"bus","color":"#0059a9","colorDark":"#00294f","angle":106.1,"snapDist":4,"label":1}},{"type":"Feature","geometry":{"type":"Point","coordinates":[16.848702,51.135161]},"properties":{"name":"Miodowa","lines":"117, 917","arr":["117","917"],"terminus":0,"mode":"bus","color":"#0059a9","colorDark":"#00294f","angle":116.8,"snapDist":3,"label":1}},{"type":"Feature","geometry":{"type":"Point","coordinates":[16.851912,51.138381]},"properties":{"name":"Miodowa (Osiedle)","lines":"117, 917","arr":["117","917"],"terminus":0,"mode":"bus","color":"#0059a9","colorDark":"#00294f","angle":139.9,"snapDist":4,"label":1}},{"type":"Feature","geometry":{"type":"Point","coordinates":[16.854537,51.140971]},"properties":{"name":"Trzmielowicka","lines":"117, 917","arr":["117","917"],"terminus":0,"mode":"bus","color":"#0059a9","colorDark":"#00294f","angle":106.4,"snapDist":5,"label":1}},{"type":"Feature","geometry":{"type":"Point","coordinates":[16.862495,51.142794]},"properties":{"name":"Serowarska","lines":"117, 917","arr":["117","917"],"terminus":0,"mode":"bus","color":"#0059a9","colorDark":"#00294f","angle":158.9,"snapDist":5,"label":1}},{"type":"Feature","geometry":{"type":"Point","coordinates":[16.86606,51.144071]},"properties":{"name":"Rubczaka","lines":"117, 123, 137, 138, 937, 938, 948, 958","arr":["117","123","137","138","937","938","948","958"],"terminus":0,"mode":"bus","color":"#0059a9","colorDark":"#00294f","angle":269.5,"snapDist":4,"label":1}},{"type":"Feature","geometry":{"type":"Point","coordinates":[16.866926,51.143097]},"properties":{"name":"Rubczaka (Stacja kolejowa)","lines":"117, 123, 137, 138, 937, 938, 948, 958","arr":["117","123","137","138","937","938","948","958"],"terminus":0,"mode":"bus","color":"#0059a9","colorDark":"#00294f","angle":195.7,"snapDist":8,"label":1}},{"type":"Feature","geometry":{"type":"Point","coordinates":[16.8719,51.144915]},"properties":{"name":"LEŚNICA","lines":"117, 123, 137, 138, 923, 937, 948","arr":["117","123","137","138","923","937","948"],"terminus":1,"mode":"bus","color":"#0059a9","colorDark":"#00294f","angle":145.1,"snapDist":7,"label":0}},{"type":"Feature","geometry":{"type":"Point","coordinates":[16.867311,51.146236]},"properties":{"name":"Eluarda","lines":"117, 137, 138, 937, 938, 948, 958","arr":["117","137","138","937","938","948","958"],"terminus":0,"mode":"bus","color":"#0059a9","colorDark":"#00294f","angle":97.9,"snapDist":7,"label":1}},{"type":"Feature","geometry":{"type":"Point","coordinates":[16.865329,51.148066]},"properties":{"name":"Zajazdowa","lines":"117, 138, 938, 948, 958","arr":["117","138","938","948","958"],"terminus":0,"mode":"bus","color":"#0059a9","colorDark":"#00294f","angle":39,"snapDist":4,"label":1}},{"type":"Feature","geometry":{"type":"Point","coordinates":[16.860023,51.150165]},"properties":{"name":"Krępicka - Szkoła","lines":"117, 138, 938, 948, 958","arr":["117","138","938","948","958"],"terminus":1,"mode":"bus","color":"#0059a9","colorDark":"#00294f","angle":19.1,"snapDist":3,"label":1}},{"type":"Feature","geometry":{"type":"Point","coordinates":[16.87173,51.144838]},"properties":{"name":"LEŚNICA","lines":"117, 917","arr":["117","917"],"terminus":1,"mode":"bus","color":"#0059a9","colorDark":"#00294f","angle":322.6,"snapDist":9,"label":0}},{"type":"Feature","geometry":{"type":"Point","coordinates":[16.866354,51.143262]},"properties":{"name":"Rubczaka (Stacja kolejowa)","lines":"117, 123, 137, 138, 917, 937, 938, 948, 958","arr":["117","123","137","138","917","937","938","948","958"],"terminus":0,"mode":"bus","color":"#0059a9","colorDark":"#00294f","angle":19.5,"snapDist":5,"label":0}},{"type":"Feature","geometry":{"type":"Point","coordinates":[16.866058,51.144195]},"properties":{"name":"Rubczaka","lines":"117, 123, 137, 138, 917, 937, 938, 948, 958","arr":["117","123","137","138","917","937","938","948","958"],"terminus":0,"mode":"bus","color":"#0059a9","colorDark":"#00294f","angle":-90.9,"snapDist":7,"label":0}},{"type":"Feature","geometry":{"type":"Point","coordinates":[16.863863,51.14337]},"properties":{"name":"Serowarska","lines":"117, 917","arr":["117","917"],"terminus":0,"mode":"bus","color":"#0059a9","colorDark":"#00294f","angle":308.5,"snapDist":5,"label":0}},{"type":"Feature","geometry":{"type":"Point","coordinates":[16.855341,51.141678]},"properties":{"name":"Trzmielowicka","lines":"117, 917","arr":["117","917"],"terminus":0,"mode":"bus","color":"#0059a9","colorDark":"#00294f","angle":346.7,"snapDist":3,"label":0}},{"type":"Feature","geometry":{"type":"Point","coordinates":[16.853991,51.139945]},"properties":{"name":"Pustecka","lines":"117, 917","arr":["117","917"],"terminus":0,"mode":"bus","color":"#0059a9","colorDark":"#00294f","angle":290.8,"snapDist":6,"label":1}},{"type":"Feature","geometry":{"type":"Point","coordinates":[16.851946,51.138399]},"properties":{"name":"Miodowa (Osiedle)","lines":"117, 917","arr":["117","917"],"terminus":0,"mode":"bus","color":"#0059a9","colorDark":"#00294f","angle":319.9,"snapDist":3,"label":0}},{"type":"Feature","geometry":{"type":"Point","coordinates":[16.849,51.135539]},"properties":{"name":"Miodowa","lines":"117, 917","arr":["117","917"],"terminus":0,"mode":"bus","color":"#0059a9","colorDark":"#00294f","angle":296.5,"snapDist":5,"label":0}},{"type":"Feature","geometry":{"type":"Point","coordinates":[16.848183,51.132579]},"properties":{"name":"Szkolna","lines":"117, 917","arr":["117","917"],"terminus":0,"mode":"bus","color":"#0059a9","colorDark":"#00294f","angle":246.4,"snapDist":5,"label":0}},{"type":"Feature","geometry":{"type":"Point","coordinates":[16.847655,51.13065]},"properties":{"name":"Ratyń - skrzyżowanie","lines":"117, 917","arr":["117","917"],"terminus":0,"mode":"bus","color":"#0059a9","colorDark":"#00294f","angle":288.3,"snapDist":4,"label":0}},{"type":"Feature","geometry":{"type":"Point","coordinates":[16.848413,51.129428]},"properties":{"name":"Ratyń - skrzyżowanie","lines":"117, 917","arr":["117","917"],"terminus":0,"mode":"bus","color":"#0059a9","colorDark":"#00294f","angle":206.1,"snapDist":3,"label":0}},{"type":"Feature","geometry":{"type":"Point","coordinates":[16.854872,51.129275]},"properties":{"name":"Gromadzka","lines":"117, 917","arr":["117","917"],"terminus":0,"mode":"bus","color":"#0059a9","colorDark":"#00294f","angle":173.2,"snapDist":5,"label":0}},{"type":"Feature","geometry":{"type":"Point","coordinates":[16.860746,51.12961]},"properties":{"name":"RATYŃ","lines":"117","arr":["117"],"terminus":0,"mode":"bus","color":"#0059a9","colorDark":"#00294f","angle":-38,"snapDist":10,"label":0}},{"type":"Feature","geometry":{"type":"Point","coordinates":[16.863597,51.124793]},"properties":{"name":"Rodła","lines":"117","arr":["117"],"terminus":0,"mode":"bus","color":"#0059a9","colorDark":"#00294f","angle":273.3,"snapDist":5,"label":0}},{"type":"Feature","geometry":{"type":"Point","coordinates":[16.864324,51.120633]},"properties":{"name":"Kośnego (Jerzmanowska)","lines":"117, 142, 909, 249","arr":["117","142","909","249"],"terminus":0,"mode":"bus","color":"#0059a9","colorDark":"#00294f","angle":191.2,"snapDist":4,"label":0}},{"type":"Feature","geometry":{"type":"Point","coordinates":[16.869543,51.1209]},"properties":{"name":"Adamczewskich","lines":"117, 142, 909, 249","arr":["117","142","909","249"],"terminus":0,"mode":"bus","color":"#0059a9","colorDark":"#00294f","angle":185,"snapDist":6,"label":0}},{"type":"Feature","geometry":{"type":"Point","coordinates":[16.876595,51.120902]},"properties":{"name":"Jasińskiej","lines":"117, 142, 909, 249","arr":["117","142","909","249"],"terminus":0,"mode":"bus","color":"#0059a9","colorDark":"#00294f","angle":154.1,"snapDist":7,"label":0}},{"type":"Feature","geometry":{"type":"Point","coordinates":[16.882763,51.123226]},"properties":{"name":"Jerzmanowo (Cmentarz II)","lines":"117, 129, 142, 909, 249","arr":["117","129","142","909","249"],"terminus":0,"mode":"bus","color":"#0059a9","colorDark":"#00294f","angle":153.7,"snapDist":4,"label":1}},{"type":"Feature","geometry":{"type":"Point","coordinates":[16.885967,51.124165]},"properties":{"name":"Jerzmanowo (Cmentarz I)","lines":"117, 129, 142, 909, 249","arr":["117","129","142","909","249"],"terminus":0,"mode":"bus","color":"#0059a9","colorDark":"#00294f","angle":154.4,"snapDist":7,"label":0}},{"type":"Feature","geometry":{"type":"Point","coordinates":[17.113066,51.129633]},"properties":{"name":"Kowalska","lines":"118","arr":["118"],"terminus":0,"mode":"bus","color":"#0059a9","colorDark":"#00294f","angle":56,"snapDist":5,"label":1}},{"type":"Feature","geometry":{"type":"Point","coordinates":[17.111134,51.13145]},"properties":{"name":"Tczewska","lines":"118","arr":["118"],"terminus":0,"mode":"bus","color":"#0059a9","colorDark":"#00294f","angle":56.6,"snapDist":3,"label":1}},{"type":"Feature","geometry":{"type":"Point","coordinates":[17.105764,51.133121]},"properties":{"name":"Działdowska","lines":"118, 242","arr":["118","242"],"terminus":0,"mode":"bus","color":"#0059a9","colorDark":"#00294f","angle":27,"snapDist":5,"label":1}},{"type":"Feature","geometry":{"type":"Point","coordinates":[17.101649,51.134118]},"properties":{"name":"Kowale (Stacja kolejowa)","lines":"118, 242","arr":["118","242"],"terminus":0,"mode":"bus","color":"#0059a9","colorDark":"#00294f","angle":19.5,"snapDist":6,"label":1}},{"type":"Feature","geometry":{"type":"Point","coordinates":[17.09733,51.136453]},"properties":{"name":"Kowalska 56","lines":"118, 242","arr":["118","242"],"terminus":0,"mode":"bus","color":"#0059a9","colorDark":"#00294f","angle":64,"snapDist":6,"label":1}},{"type":"Feature","geometry":{"type":"Point","coordinates":[17.095041,51.139367]},"properties":{"name":"Olsztyńska","lines":"118, 242","arr":["118","242"],"terminus":0,"mode":"bus","color":"#0059a9","colorDark":"#00294f","angle":63.8,"snapDist":5,"label":1}},{"type":"Feature","geometry":{"type":"Point","coordinates":[17.025129,51.141188]},"properties":{"name":"Bezpieczna","lines":"118, 119, 142, 319, 602, K, 257","arr":["118","119","142","319","602","K","257"],"terminus":0,"mode":"bus","color":"#0059a9","colorDark":"#00294f","angle":326.3,"snapDist":7,"label":0}},{"type":"Feature","geometry":{"type":"Point","coordinates":[17.02122,51.139327]},"properties":{"name":"Różanka","lines":"118, 119, 142, 319, 602, K, 257","arr":["118","119","142","319","602","K","257"],"terminus":0,"mode":"bus","color":"#0059a9","colorDark":"#00294f","angle":318,"snapDist":11,"label":1}},{"type":"Feature","geometry":{"type":"Point","coordinates":[17.016554,51.136233]},"properties":{"name":"Łużycka","lines":"118, 119, 142, 319, 602, K, 257","arr":["118","119","142","319","602","K","257"],"terminus":0,"mode":"bus","color":"#0059a9","colorDark":"#00294f","angle":295.9,"snapDist":7,"label":1}},{"type":"Feature","geometry":{"type":"Point","coordinates":[17.009102,51.134829]},"properties":{"name":"Osobowicka (Cmentarz II)","lines":"118, 119, 129, 319, 257","arr":["118","119","129","319","257"],"terminus":0,"mode":"bus","color":"#0059a9","colorDark":"#00294f","angle":8.4,"snapDist":8,"label":1}},{"type":"Feature","geometry":{"type":"Point","coordinates":[17.004235,51.135379]},"properties":{"name":"Osobowicka (Cmentarz)","lines":"118, 119, 129, 319, 257","arr":["118","119","129","319","257"],"terminus":0,"mode":"bus","color":"#0059a9","colorDark":"#00294f","angle":10,"snapDist":9,"label":1}},{"type":"Feature","geometry":{"type":"Point","coordinates":[16.986718,51.144791]},"properties":{"name":"Lipska","lines":"118, 257","arr":["118","257"],"terminus":0,"mode":"bus","color":"#0059a9","colorDark":"#00294f","angle":56.8,"snapDist":4,"label":0}},{"type":"Feature","geometry":{"type":"Point","coordinates":[16.984157,51.147792]},"properties":{"name":"Las Osobowicki","lines":"118, 257","arr":["118","257"],"terminus":0,"mode":"bus","color":"#0059a9","colorDark":"#00294f","angle":55.4,"snapDist":5,"label":1}},{"type":"Feature","geometry":{"type":"Point","coordinates":[16.966697,51.166086]},"properties":{"name":"RĘDZIN","lines":"118, 257","arr":["118","257"],"terminus":1,"mode":"bus","color":"#0059a9","colorDark":"#00294f","angle":35.7,"snapDist":8,"label":1}},{"type":"Feature","geometry":{"type":"Point","coordinates":[16.983914,51.148011]},"properties":{"name":"Las Osobowicki","lines":"118, 257","arr":["118","257"],"terminus":0,"mode":"bus","color":"#0059a9","colorDark":"#00294f","angle":234.9,"snapDist":7,"label":0}},{"type":"Feature","geometry":{"type":"Point","coordinates":[17.005546,51.135135]},"properties":{"name":"Osobowicka (Cmentarz)","lines":"118, 119, 129, 319, 257","arr":["118","119","129","319","257"],"terminus":0,"mode":"bus","color":"#0059a9","colorDark":"#00294f","angle":189,"snapDist":6,"label":0}},{"type":"Feature","geometry":{"type":"Point","coordinates":[17.010984,51.13465]},"properties":{"name":"Osobowicka (Cmentarz II)","lines":"118, 119, 129, 319, 257","arr":["118","119","129","319","257"],"terminus":0,"mode":"bus","color":"#0059a9","colorDark":"#00294f","angle":189,"snapDist":13,"label":0}},{"type":"Feature","geometry":{"type":"Point","coordinates":[17.016491,51.136145]},"properties":{"name":"Łużycka","lines":"118, 119, 142, 319, 602, K, 257","arr":["118","119","142","319","602","K","257"],"terminus":0,"mode":"bus","color":"#0059a9","colorDark":"#00294f","angle":111.6,"snapDist":9,"label":0}},{"type":"Feature","geometry":{"type":"Point","coordinates":[17.021629,51.139552]},"properties":{"name":"Różanka","lines":"118, 119, 142, 319, 602, K, 257","arr":["118","119","142","319","602","K","257"],"terminus":0,"mode":"bus","color":"#0059a9","colorDark":"#00294f","angle":140.9,"snapDist":7,"label":0}},{"type":"Feature","geometry":{"type":"Point","coordinates":[17.094165,51.140471]},"properties":{"name":"Olsztyńska","lines":"118, 242","arr":["118","242"],"terminus":0,"mode":"bus","color":"#0059a9","colorDark":"#00294f","angle":244.2,"snapDist":6,"label":0}},{"type":"Feature","geometry":{"type":"Point","coordinates":[17.097654,51.136035]},"properties":{"name":"Kowalska 56","lines":"118, 242","arr":["118","242"],"terminus":0,"mode":"bus","color":"#0059a9","colorDark":"#00294f","angle":244,"snapDist":3,"label":0}},{"type":"Feature","geometry":{"type":"Point","coordinates":[17.10224,51.133983]},"properties":{"name":"Kowale (Stacja kolejowa)","lines":"118, 242","arr":["118","242"],"terminus":0,"mode":"bus","color":"#0059a9","colorDark":"#00294f","angle":200.1,"snapDist":6,"label":0}},{"type":"Feature","geometry":{"type":"Point","coordinates":[17.105466,51.13321]},"properties":{"name":"Działdowska","lines":"118, 242","arr":["118","242"],"terminus":0,"mode":"bus","color":"#0059a9","colorDark":"#00294f","angle":204.7,"snapDist":5,"label":0}},{"type":"Feature","geometry":{"type":"Point","coordinates":[17.112002,51.130629]},"properties":{"name":"Tczewska","lines":"118","arr":["118"],"terminus":0,"mode":"bus","color":"#0059a9","colorDark":"#00294f","angle":236,"snapDist":4,"label":0}},{"type":"Feature","geometry":{"type":"Point","coordinates":[17.113699,51.129041]},"properties":{"name":"Kowalska","lines":"118","arr":["118"],"terminus":0,"mode":"bus","color":"#0059a9","colorDark":"#00294f","angle":235.7,"snapDist":6,"label":0}},{"type":"Feature","geometry":{"type":"Point","coordinates":[17.120934,51.121119]},"properties":{"name":"Ceglana","lines":"118","arr":["118"],"terminus":0,"mode":"bus","color":"#0059a9","colorDark":"#00294f","angle":242.4,"snapDist":7,"label":0}},{"type":"Feature","geometry":{"type":"Point","coordinates":[17.124299,51.118091]},"properties":{"name":"Gospodarska","lines":"118","arr":["118"],"terminus":0,"mode":"bus","color":"#0059a9","colorDark":"#00294f","angle":42.7,"snapDist":6,"label":0}},{"type":"Feature","geometry":{"type":"Point","coordinates":[17.127772,51.116263]},"properties":{"name":"Miłoszycka","lines":"118","arr":["118"],"terminus":0,"mode":"bus","color":"#0059a9","colorDark":"#00294f","angle":-147.8,"snapDist":7,"label":0}},{"type":"Feature","geometry":{"type":"Point","coordinates":[16.974981,51.122494]},"properties":{"name":"Na Ostatnim Groszu","lines":"119, 136, 153, 319","arr":["119","136","153","319"],"terminus":0,"mode":"bus","color":"#0059a9","colorDark":"#00294f","angle":303.8,"snapDist":12,"label":1}},{"type":"Feature","geometry":{"type":"Point","coordinates":[16.971197,51.119184]},"properties":{"name":"Gądowianka","lines":"119, 136, 153, 319","arr":["119","136","153","319"],"terminus":0,"mode":"bus","color":"#0059a9","colorDark":"#00294f","angle":306.5,"snapDist":10,"label":1}},{"type":"Feature","geometry":{"type":"Point","coordinates":[16.96426,51.077184]},"properties":{"name":"Wiejska","lines":"119, 143, 153, A, 251","arr":["119","143","153","A","251"],"terminus":0,"mode":"bus","color":"#0059a9","colorDark":"#00294f","angle":200.6,"snapDist":22,"label":0}},{"type":"Feature","geometry":{"type":"Point","coordinates":[16.968913,51.076414]},"properties":{"name":"Kadłubka","lines":"119, 143, 153, A, 251","arr":["119","143","153","A","251"],"terminus":0,"mode":"bus","color":"#0059a9","colorDark":"#00294f","angle":188.3,"snapDist":21,"label":1}},{"type":"Feature","geometry":{"type":"Point","coordinates":[16.973804,51.076355]},"properties":{"name":"Stanki","lines":"119, 143, 153, A, 251","arr":["119","143","153","A","251"],"terminus":0,"mode":"bus","color":"#0059a9","colorDark":"#00294f","angle":174.4,"snapDist":22,"label":1}},{"type":"Feature","geometry":{"type":"Point","coordinates":[16.977555,51.07667]},"properties":{"name":"Bukowskiego","lines":"119, 143, 153, A, 251","arr":["119","143","153","A","251"],"terminus":0,"mode":"bus","color":"#0059a9","colorDark":"#00294f","angle":172.3,"snapDist":20,"label":1}},{"type":"Feature","geometry":{"type":"Point","coordinates":[16.983262,51.07716]},"properties":{"name":"RACŁAWICKA","lines":"119","arr":["119"],"terminus":1,"mode":"bus","color":"#0059a9","colorDark":"#00294f","angle":344.7,"snapDist":56,"label":1}},{"type":"Feature","geometry":{"type":"Point","coordinates":[16.977372,51.076655]},"properties":{"name":"Bukowskiego","lines":"119, 143, 153, A, 251","arr":["119","143","153","A","251"],"terminus":0,"mode":"bus","color":"#0059a9","colorDark":"#00294f","angle":352.3,"snapDist":6,"label":0}},{"type":"Feature","geometry":{"type":"Point","coordinates":[16.972068,51.076284]},"properties":{"name":"Stanki","lines":"119, 143, 153, A, 251","arr":["119","143","153","A","251"],"terminus":0,"mode":"bus","color":"#0059a9","colorDark":"#00294f","angle":359.3,"snapDist":5,"label":0}},{"type":"Feature","geometry":{"type":"Point","coordinates":[16.96865,51.076437]},"properties":{"name":"Kadłubka","lines":"119, 143, 153, A, 251","arr":["119","143","153","A","251"],"terminus":0,"mode":"bus","color":"#0059a9","colorDark":"#00294f","angle":9.4,"snapDist":4,"label":0}},{"type":"Feature","geometry":{"type":"Point","coordinates":[16.970715,51.112576]},"properties":{"name":"Muchobór Mały (Stacja kolejowa)","lines":"119, 306, 319, 206","arr":["119","306","319","206"],"terminus":1,"mode":"bus","color":"#0059a9","colorDark":"#00294f","angle":272,"snapDist":8,"label":1}},{"type":"Feature","geometry":{"type":"Point","coordinates":[16.968714,51.110133]},"properties":{"name":"Szkocka","lines":"119, 124, 126, 134, 136, 153, 306, 319, 246","arr":["119","124","126","134","136","153","306","319","246"],"terminus":0,"mode":"bus","color":"#0059a9","colorDark":"#00294f","angle":83.4,"snapDist":9,"label":1}},{"type":"Feature","geometry":{"type":"Point","coordinates":[16.9729,51.120221]},"properties":{"name":"Gądowianka","lines":"119, 136, 153, 306, 319, 206","arr":["119","136","153","306","319","206"],"terminus":0,"mode":"bus","color":"#0059a9","colorDark":"#00294f","angle":124.7,"snapDist":10,"label":0}},{"type":"Feature","geometry":{"type":"Point","coordinates":[16.976431,51.123437]},"properties":{"name":"Na Ostatnim Groszu","lines":"119, 122, 128, 129, 153, 306, 319, 206, 243","arr":["119","122","128","129","153","306","319","206","243"],"terminus":0,"mode":"bus","color":"#0059a9","colorDark":"#00294f","angle":124.5,"snapDist":9,"label":0}},{"type":"Feature","geometry":{"type":"Point","coordinates":[17.157232,51.070199]},"properties":{"name":"BLIZANOWICE","lines":"120, 920","arr":["120","920"],"terminus":1,"mode":"bus","color":"#0059a9","colorDark":"#00294f","angle":310.3,"snapDist":0,"label":1}},{"type":"Feature","geometry":{"type":"Point","coordinates":[17.145367,51.075794]},"properties":{"name":"TRESTNO (pętla)","lines":"120, 920","arr":["120","920"],"terminus":0,"mode":"bus","color":"#0059a9","colorDark":"#00294f","angle":186.5,"snapDist":2,"label":1}},{"type":"Feature","geometry":{"type":"Point","coordinates":[17.145081,51.080306]},"properties":{"name":"Trestno - kościół","lines":"120, 920","arr":["120","920"],"terminus":0,"mode":"bus","color":"#0059a9","colorDark":"#00294f","angle":108.1,"snapDist":3,"label":1}},{"type":"Feature","geometry":{"type":"Point","coordinates":[17.145885,51.081063]},"properties":{"name":"Trestno - świetlica","lines":"120, 920","arr":["120","920"],"terminus":0,"mode":"bus","color":"#0059a9","colorDark":"#00294f","angle":129,"snapDist":1,"label":1}},{"type":"Feature","geometry":{"type":"Point","coordinates":[17.134541,51.090779]},"properties":{"name":"Zalewowa","lines":"120, 920","arr":["120","920"],"terminus":0,"mode":"bus","color":"#0059a9","colorDark":"#00294f","angle":33.7,"snapDist":4,"label":1}},{"type":"Feature","geometry":{"type":"Point","coordinates":[17.1329,51.09217]},"properties":{"name":"Opatowicka nr 127","lines":"120, 920","arr":["120","920"],"terminus":0,"mode":"bus","color":"#0059a9","colorDark":"#00294f","angle":62.3,"snapDist":3,"label":1}},{"type":"Feature","geometry":{"type":"Point","coordinates":[17.129588,51.094867]},"properties":{"name":"OPATOWICE","lines":"120, 920","arr":["120","920"],"terminus":0,"mode":"bus","color":"#0059a9","colorDark":"#00294f","angle":-177.7,"snapDist":8,"label":1}},{"type":"Feature","geometry":{"type":"Point","coordinates":[17.123162,51.095182]},"properties":{"name":"Opatowicka nr 85","lines":"120, 920","arr":["120","920"],"terminus":0,"mode":"bus","color":"#0059a9","colorDark":"#00294f","angle":4.2,"snapDist":3,"label":1}},{"type":"Feature","geometry":{"type":"Point","coordinates":[17.116431,51.095137]},"properties":{"name":"Opatowicka nr 59","lines":"120, 920","arr":["120","920"],"terminus":0,"mode":"bus","color":"#0059a9","colorDark":"#00294f","angle":358.9,"snapDist":3,"label":1}},{"type":"Feature","geometry":{"type":"Point","coordinates":[17.107084,51.093367]},"properties":{"name":"Nowy Dom","lines":"120, 920","arr":["120","920"],"terminus":0,"mode":"bus","color":"#0059a9","colorDark":"#00294f","angle":341.5,"snapDist":4,"label":1}},{"type":"Feature","geometry":{"type":"Point","coordinates":[17.091281,51.092098]},"properties":{"name":"Bierdzany","lines":"120, 920","arr":["120","920"],"terminus":0,"mode":"bus","color":"#0059a9","colorDark":"#00294f","angle":22.6,"snapDist":2,"label":1}},{"type":"Feature","geometry":{"type":"Point","coordinates":[17.080723,51.094937]},"properties":{"name":"Międzyrzecka","lines":"120, 920","arr":["120","920"],"terminus":0,"mode":"bus","color":"#0059a9","colorDark":"#00294f","angle":31.9,"snapDist":2,"label":1}},{"type":"Feature","geometry":{"type":"Point","coordinates":[17.068245,51.097181]},"properties":{"name":"Rakowiecka","lines":"120","arr":["120"],"terminus":0,"mode":"bus","color":"#0059a9","colorDark":"#00294f","angle":355.1,"snapDist":6,"label":1}},{"type":"Feature","geometry":{"type":"Point","coordinates":[17.057138,51.096676]},"properties":{"name":"Na Niskich Łąkach","lines":"120","arr":["120"],"terminus":0,"mode":"bus","color":"#0059a9","colorDark":"#00294f","angle":349.4,"snapDist":6,"label":0}},{"type":"Feature","geometry":{"type":"Point","coordinates":[17.057736,51.096747]},"properties":{"name":"Na Niskich Łąkach","lines":"120","arr":["120"],"terminus":0,"mode":"bus","color":"#0059a9","colorDark":"#00294f","angle":172.2,"snapDist":7,"label":0}},{"type":"Feature","geometry":{"type":"Point","coordinates":[17.067668,51.097151]},"properties":{"name":"Rakowiecka","lines":"120","arr":["120"],"terminus":0,"mode":"bus","color":"#0059a9","colorDark":"#00294f","angle":176.4,"snapDist":5,"label":0}},{"type":"Feature","geometry":{"type":"Point","coordinates":[17.082387,51.094401]},"properties":{"name":"Międzyrzecka","lines":"120, 920","arr":["120","920"],"terminus":0,"mode":"bus","color":"#0059a9","colorDark":"#00294f","angle":203.4,"snapDist":5,"label":0}},{"type":"Feature","geometry":{"type":"Point","coordinates":[17.092632,51.091741]},"properties":{"name":"Bierdzany","lines":"120, 920","arr":["120","920"],"terminus":0,"mode":"bus","color":"#0059a9","colorDark":"#00294f","angle":200.6,"snapDist":3,"label":0}},{"type":"Feature","geometry":{"type":"Point","coordinates":[17.107237,51.093399]},"properties":{"name":"Nowy Dom","lines":"120, 920","arr":["120","920"],"terminus":0,"mode":"bus","color":"#0059a9","colorDark":"#00294f","angle":161.6,"snapDist":5,"label":0}},{"type":"Feature","geometry":{"type":"Point","coordinates":[17.115919,51.095126]},"properties":{"name":"Opatowicka nr 59","lines":"120, 920","arr":["120","920"],"terminus":0,"mode":"bus","color":"#0059a9","colorDark":"#00294f","angle":178,"snapDist":4,"label":0}},{"type":"Feature","geometry":{"type":"Point","coordinates":[17.123034,51.09519]},"properties":{"name":"Opatowicka nr 85","lines":"120, 920","arr":["120","920"],"terminus":0,"mode":"bus","color":"#0059a9","colorDark":"#00294f","angle":186.3,"snapDist":4,"label":0}},{"type":"Feature","geometry":{"type":"Point","coordinates":[17.12953,51.094785]},"properties":{"name":"OPATOWICE","lines":"120, 920","arr":["120","920"],"terminus":0,"mode":"bus","color":"#0059a9","colorDark":"#00294f","angle":270.6,"snapDist":3,"label":0}},{"type":"Feature","geometry":{"type":"Point","coordinates":[17.133088,51.091946]},"properties":{"name":"Opatowicka nr 127","lines":"120, 920","arr":["120","920"],"terminus":0,"mode":"bus","color":"#0059a9","colorDark":"#00294f","angle":242.3,"snapDist":4,"label":0}},{"type":"Feature","geometry":{"type":"Point","coordinates":[17.135117,51.090529]},"properties":{"name":"Zalewowa","lines":"120, 920","arr":["120","920"],"terminus":0,"mode":"bus","color":"#0059a9","colorDark":"#00294f","angle":215.4,"snapDist":5,"label":0}},{"type":"Feature","geometry":{"type":"Point","coordinates":[17.145618,51.081654]},"properties":{"name":"Trestno - świetlica","lines":"120, 920","arr":["120","920"],"terminus":0,"mode":"bus","color":"#0059a9","colorDark":"#00294f","angle":212.9,"snapDist":3,"label":0}},{"type":"Feature","geometry":{"type":"Point","coordinates":[17.145012,51.080173]},"properties":{"name":"Trestno - kościół","lines":"120, 920","arr":["120","920"],"terminus":0,"mode":"bus","color":"#0059a9","colorDark":"#00294f","angle":287,"snapDist":4,"label":0}},{"type":"Feature","geometry":{"type":"Point","coordinates":[17.148156,51.145324]},"properties":{"name":"KIEŁCZOWSKA (Cmentarz)","lines":"121, 921, 931, 964","arr":["121","921","931","964"],"terminus":1,"mode":"bus","color":"#0059a9","colorDark":"#00294f","angle":282.1,"snapDist":10,"label":1}},{"type":"Feature","geometry":{"type":"Point","coordinates":[17.142073,51.145412]},"properties":{"name":"Żmudzka","lines":"121, 931, 964","arr":["121","931","964"],"terminus":0,"mode":"bus","color":"#0059a9","colorDark":"#00294f","angle":3.5,"snapDist":5,"label":1}},{"type":"Feature","geometry":{"type":"Point","coordinates":[17.141081,51.144665]},"properties":{"name":"Żmudzka","lines":"121, 131, 150, 964, N, 251","arr":["121","131","150","964","N","251"],"terminus":0,"mode":"bus","color":"#0059a9","colorDark":"#00294f","angle":281.4,"snapDist":9,"label":0}},{"type":"Feature","geometry":{"type":"Point","coordinates":[17.134427,51.14288]},"properties":{"name":"Kowieńska","lines":"121, 131, 150, 964, N, 251","arr":["121","131","150","964","N","251"],"terminus":0,"mode":"bus","color":"#0059a9","colorDark":"#00294f","angle":348.8,"snapDist":6,"label":1}},{"type":"Feature","geometry":{"type":"Point","coordinates":[17.129799,51.142337]},"properties":{"name":"Inflancka","lines":"121, 131, 150, 964, N, 251","arr":["121","131","150","964","N","251"],"terminus":0,"mode":"bus","color":"#0059a9","colorDark":"#00294f","angle":349.3,"snapDist":7,"label":1}},{"type":"Feature","geometry":{"type":"Point","coordinates":[17.127591,51.142267]},"properties":{"name":"LITEWSKA","lines":"121, 147, 150, 964","arr":["121","147","150","964"],"terminus":1,"mode":"bus","color":"#0059a9","colorDark":"#00294f","angle":348.8,"snapDist":3,"label":1}},{"type":"Feature","geometry":{"type":"Point","coordinates":[17.123332,51.141742]},"properties":{"name":"Szewczenki","lines":"121, 147, 150, 911, 961, 964, 251","arr":["121","147","150","911","961","964","251"],"terminus":0,"mode":"bus","color":"#0059a9","colorDark":"#00294f","angle":27.5,"snapDist":3,"label":1}},{"type":"Feature","geometry":{"type":"Point","coordinates":[17.119325,51.143753]},"properties":{"name":"Gorlicka","lines":"121, 147, 150, 911, 961, 964, 251","arr":["121","147","150","911","961","964","251"],"terminus":0,"mode":"bus","color":"#0059a9","colorDark":"#00294f","angle":31,"snapDist":7,"label":1}},{"type":"Feature","geometry":{"type":"Point","coordinates":[17.116708,51.145711]},"properties":{"name":"MULICKA","lines":"121, 147, 150, 911, 944, 961, 964, 251","arr":["121","147","150","911","944","961","964","251"],"terminus":1,"mode":"bus","color":"#0059a9","colorDark":"#00294f","angle":67.8,"snapDist":10,"label":1}},{"type":"Feature","geometry":{"type":"Point","coordinates":[17.115514,51.146642]},"properties":{"name":"Psie Pole (Rondo Lotników Polskich)","lines":"121, 150, 911, 961, 964, 251","arr":["121","150","911","961","964","251"],"terminus":0,"mode":"bus","color":"#0059a9","colorDark":"#00294f","angle":241,"snapDist":12,"label":0}},{"type":"Feature","geometry":{"type":"Point","coordinates":[17.11697,51.145092]},"properties":{"name":"MULICKA","lines":"121, 147, 150, 911, 961, 964, 251","arr":["121","147","150","911","961","964","251"],"terminus":0,"mode":"bus","color":"#0059a9","colorDark":"#00294f","angle":248.6,"snapDist":10,"label":0}},{"type":"Feature","geometry":{"type":"Point","coordinates":[17.120538,51.143297]},"properties":{"name":"Gorlicka","lines":"121, 147, 150, 911, 961, 964, 251","arr":["121","147","150","911","961","964","251"],"terminus":0,"mode":"bus","color":"#0059a9","colorDark":"#00294f","angle":210.6,"snapDist":5,"label":0}},{"type":"Feature","geometry":{"type":"Point","coordinates":[17.12546,51.141851]},"properties":{"name":"Szewczenki","lines":"121, 147, 150, 964, 251","arr":["121","147","150","964","251"],"terminus":0,"mode":"bus","color":"#0059a9","colorDark":"#00294f","angle":175,"snapDist":7,"label":0}},{"type":"Feature","geometry":{"type":"Point","coordinates":[17.130401,51.142408]},"properties":{"name":"Inflancka","lines":"121, 131, 150, 964, N, 251","arr":["121","131","150","964","N","251"],"terminus":0,"mode":"bus","color":"#0059a9","colorDark":"#00294f","angle":169.4,"snapDist":6,"label":0}},{"type":"Feature","geometry":{"type":"Point","coordinates":[17.135655,51.143034]},"properties":{"name":"Kowieńska","lines":"121, 131, 150, 964, N, 251","arr":["121","131","150","964","N","251"],"terminus":0,"mode":"bus","color":"#0059a9","colorDark":"#00294f","angle":168.4,"snapDist":8,"label":0}},{"type":"Feature","geometry":{"type":"Point","coordinates":[17.140872,51.144023]},"properties":{"name":"Żmudzka","lines":"121, 131, 150, 964, N, 251","arr":["121","131","150","964","N","251"],"terminus":0,"mode":"bus","color":"#0059a9","colorDark":"#00294f","angle":102.1,"snapDist":8,"label":0}},{"type":"Feature","geometry":{"type":"Point","coordinates":[17.141702,51.145426]},"properties":{"name":"Żmudzka","lines":"121, 931, 964","arr":["121","931","964"],"terminus":0,"mode":"bus","color":"#0059a9","colorDark":"#00294f","angle":183.5,"snapDist":5,"label":0}},{"type":"Feature","geometry":{"type":"Point","coordinates":[16.934956,51.09568]},"properties":{"name":"Gagarina","lines":"122, 927, 967","arr":["122","927","967"],"terminus":1,"mode":"bus","color":"#0059a9","colorDark":"#00294f","angle":116.3,"snapDist":4,"label":1}},{"type":"Feature","geometry":{"type":"Point","coordinates":[16.94139,51.099825]},"properties":{"name":"Zagony","lines":"122, 927","arr":["122","927"],"terminus":0,"mode":"bus","color":"#0059a9","colorDark":"#00294f","angle":110.2,"snapDist":6,"label":0}},{"type":"Feature","geometry":{"type":"Point","coordinates":[16.955784,51.122267]},"properties":{"name":"Hermanowska","lines":"122, 126, 128, 152, 246","arr":["122","126","128","152","246"],"terminus":0,"mode":"bus","color":"#0059a9","colorDark":"#00294f","angle":27.4,"snapDist":8,"label":1}},{"type":"Feature","geometry":{"type":"Point","coordinates":[16.950755,51.123926]},"properties":{"name":"KUŹNIKI","lines":"122, 126, 128, 129, 152, 246","arr":["122","126","128","129","152","246"],"terminus":0,"mode":"bus","color":"#0059a9","colorDark":"#00294f","angle":113.6,"snapDist":8,"label":0}},{"type":"Feature","geometry":{"type":"Point","coordinates":[16.953461,51.126547]},"properties":{"name":"KUŹNIKI (Stacja kolejowa)","lines":"122, 126, 128, 129, 152, 246","arr":["122","126","128","129","152","246"],"terminus":0,"mode":"bus","color":"#0059a9","colorDark":"#00294f","angle":161.9,"snapDist":0,"label":1}},{"type":"Feature","geometry":{"type":"Point","coordinates":[16.954934,51.126275]},"properties":{"name":"KUŹNIKI (Stacja kolejowa)","lines":"122, 126, 128, 129, 246","arr":["122","126","128","129","246"],"terminus":0,"mode":"bus","color":"#0059a9","colorDark":"#00294f","angle":230.6,"snapDist":7,"label":0}},{"type":"Feature","geometry":{"type":"Point","coordinates":[16.958835,51.123376]},"properties":{"name":"Bystrzycka","lines":"122, 128, 129, 136, 243","arr":["122","128","129","136","243"],"terminus":0,"mode":"bus","color":"#0059a9","colorDark":"#00294f","angle":230.6,"snapDist":8,"label":1}},{"type":"Feature","geometry":{"type":"Point","coordinates":[16.961627,51.122455]},"properties":{"name":"Hynka","lines":"122, 128, 129, 136, 243","arr":["122","128","129","136","243"],"terminus":0,"mode":"bus","color":"#0059a9","colorDark":"#00294f","angle":190.4,"snapDist":9,"label":1}},{"type":"Feature","geometry":{"type":"Point","coordinates":[16.967939,51.121673]},"properties":{"name":"Drzewieckiego","lines":"122, 128, 129, 136, 243","arr":["122","128","129","136","243"],"terminus":0,"mode":"bus","color":"#0059a9","colorDark":"#00294f","angle":191.5,"snapDist":10,"label":1}},{"type":"Feature","geometry":{"type":"Point","coordinates":[16.972785,51.122572]},"properties":{"name":"Orlińskiego","lines":"122, 128, 129, 136, 243","arr":["122","128","129","136","243"],"terminus":0,"mode":"bus","color":"#0059a9","colorDark":"#00294f","angle":125,"snapDist":11,"label":1}},{"type":"Feature","geometry":{"type":"Point","coordinates":[17.021375,51.107299]},"properties":{"name":"Pl. Orląt Lwowskich","lines":"122, 144, 250","arr":["122","144","250"],"terminus":0,"mode":"bus","color":"#0059a9","colorDark":"#00294f","angle":269.6,"snapDist":5,"label":0}},{"type":"Feature","geometry":{"type":"Point","coordinates":[17.022791,51.10377]},"properties":{"name":"Pl. Legionów","lines":"122, 144, 246, 250, 251","arr":["122","144","246","250","251"],"terminus":0,"mode":"bus","color":"#0059a9","colorDark":"#00294f","angle":222.2,"snapDist":8,"label":1}},{"type":"Feature","geometry":{"type":"Point","coordinates":[17.024827,51.101785]},"properties":{"name":"Piłsudskiego","lines":"122, 144","arr":["122","144"],"terminus":0,"mode":"bus","color":"#0059a9","colorDark":"#00294f","angle":311,"snapDist":6,"label":1}},{"type":"Feature","geometry":{"type":"Point","coordinates":[17.036447,51.097139]},"properties":{"name":"DWORZEC AUTOBUSOWY","lines":"122, 125, 148, 612, N, 240, 241, 243, 246, 247, 248, 250, 251, 253, 257","arr":["122","125","148","612","N","240","241","243","246","247","248","250","251","253","257"],"terminus":1,"mode":"bus","color":"#0059a9","colorDark":"#00294f","angle":195.4,"snapDist":5,"label":1}},{"type":"Feature","geometry":{"type":"Point","coordinates":[17.037064,51.097038]},"properties":{"name":"DWORZEC AUTOBUSOWY","lines":"122, 240","arr":["122","240"],"terminus":1,"mode":"bus","color":"#0059a9","colorDark":"#00294f","angle":194.2,"snapDist":14,"label":0}},{"type":"Feature","geometry":{"type":"Point","coordinates":[17.036325,51.09716]},"properties":{"name":"DWORZEC AUTOBUSOWY","lines":"122, 125, 148, 612, N, 206, 240, 241, 243, 246, 247, 248, 251, 253, 257","arr":["122","125","148","612","N","206","240","241","243","246","247","248","251","253","257"],"terminus":1,"mode":"bus","color":"#0059a9","colorDark":"#00294f","angle":14.8,"snapDist":5,"label":0}},{"type":"Feature","geometry":{"type":"Point","coordinates":[17.031642,51.098028]},"properties":{"name":"EPI","lines":"122, 148, 240, 241, 243, 246, 247, 248, 251, 253, 257","arr":["122","148","240","241","243","246","247","248","251","253","257"],"terminus":0,"mode":"bus","color":"#0059a9","colorDark":"#00294f","angle":23.6,"snapDist":12,"label":0}},{"type":"Feature","geometry":{"type":"Point","coordinates":[17.026249,51.09949]},"properties":{"name":"Gwiaździsta","lines":"122, 148, 241","arr":["122","148","241"],"terminus":0,"mode":"bus","color":"#0059a9","colorDark":"#00294f","angle":22.8,"snapDist":7,"label":1}},{"type":"Feature","geometry":{"type":"Point","coordinates":[17.025235,51.102076]},"properties":{"name":"Piłsudskiego","lines":"122, 144, 148","arr":["122","144","148"],"terminus":0,"mode":"bus","color":"#0059a9","colorDark":"#00294f","angle":132.7,"snapDist":6,"label":0}},{"type":"Feature","geometry":{"type":"Point","coordinates":[17.021652,51.106512]},"properties":{"name":"Pl. Orląt Lwowskich","lines":"122, 144, 240","arr":["122","144","240"],"terminus":0,"mode":"bus","color":"#0059a9","colorDark":"#00294f","angle":89.8,"snapDist":6,"label":0}},{"type":"Feature","geometry":{"type":"Point","coordinates":[16.975038,51.12309]},"properties":{"name":"Na Ostatnim Groszu","lines":"122, 128, 129, 136, 243","arr":["122","128","129","136","243"],"terminus":0,"mode":"bus","color":"#0059a9","colorDark":"#00294f","angle":15.4,"snapDist":10,"label":0}},{"type":"Feature","geometry":{"type":"Point","coordinates":[16.971999,51.122066]},"properties":{"name":"Orlińskiego","lines":"122, 128, 129, 136, 243","arr":["122","128","129","136","243"],"terminus":0,"mode":"bus","color":"#0059a9","colorDark":"#00294f","angle":318.1,"snapDist":8,"label":0}},{"type":"Feature","geometry":{"type":"Point","coordinates":[16.967716,51.121701]},"properties":{"name":"Drzewieckiego","lines":"122, 128, 129, 136, 243","arr":["122","128","129","136","243"],"terminus":0,"mode":"bus","color":"#0059a9","colorDark":"#00294f","angle":11.5,"snapDist":11,"label":0}},{"type":"Feature","geometry":{"type":"Point","coordinates":[16.962135,51.122397]},"properties":{"name":"Hynka","lines":"122, 128, 129, 136, 243","arr":["122","128","129","136","243"],"terminus":0,"mode":"bus","color":"#0059a9","colorDark":"#00294f","angle":10.5,"snapDist":7,"label":0}},{"type":"Feature","geometry":{"type":"Point","coordinates":[16.957989,51.124014]},"properties":{"name":"Bystrzycka","lines":"122, 126, 128, 129, 246","arr":["122","126","128","129","246"],"terminus":0,"mode":"bus","color":"#0059a9","colorDark":"#00294f","angle":50.4,"snapDist":7,"label":0}},{"type":"Feature","geometry":{"type":"Point","coordinates":[16.955043,51.126192]},"properties":{"name":"KUŹNIKI (Stacja kolejowa)","lines":"122, 126, 128, 129, 246","arr":["122","126","128","129","246"],"terminus":0,"mode":"bus","color":"#0059a9","colorDark":"#00294f","angle":49.6,"snapDist":4,"label":0}},{"type":"Feature","geometry":{"type":"Point","coordinates":[16.951162,51.123565]},"properties":{"name":"KUŹNIKI","lines":"122, 126, 128, 152, 246","arr":["122","126","128","152","246"],"terminus":0,"mode":"bus","color":"#0059a9","colorDark":"#00294f","angle":197.2,"snapDist":8,"label":0}},{"type":"Feature","geometry":{"type":"Point","coordinates":[16.955833,51.122251]},"properties":{"name":"Hermanowska","lines":"122, 126, 128, 152, 246","arr":["122","126","128","152","246"],"terminus":0,"mode":"bus","color":"#0059a9","colorDark":"#00294f","angle":206.7,"snapDist":9,"label":0}},{"type":"Feature","geometry":{"type":"Point","coordinates":[16.934393,51.094979]},"properties":{"name":"Gagarina","lines":"122, 927, 967","arr":["122","927","967"],"terminus":1,"mode":"bus","color":"#0059a9","colorDark":"#00294f","angle":297.1,"snapDist":4,"label":0}},{"type":"Feature","geometry":{"type":"Point","coordinates":[16.958257,51.13268]},"properties":{"name":"Metalowców","lines":"123, 243, 253","arr":["123","243","253"],"terminus":1,"mode":"bus","color":"#0059a9","colorDark":"#00294f","angle":17.8,"snapDist":8,"label":1}},{"type":"Feature","geometry":{"type":"Point","coordinates":[16.956678,51.133834]},"properties":{"name":"Metalowców","lines":"123, 136, 152, 246","arr":["123","136","152","246"],"terminus":0,"mode":"bus","color":"#0059a9","colorDark":"#00294f","angle":102.6,"snapDist":4,"label":0}},{"type":"Feature","geometry":{"type":"Point","coordinates":[16.957826,51.137055]},"properties":{"name":"Rękodzielnicza","lines":"123, 136, 152, 246","arr":["123","136","152","246"],"terminus":0,"mode":"bus","color":"#0059a9","colorDark":"#00294f","angle":102.4,"snapDist":4,"label":1}},{"type":"Feature","geometry":{"type":"Point","coordinates":[16.895807,51.163355]},"properties":{"name":"Główna","lines":"123, 923","arr":["123","923"],"terminus":0,"mode":"bus","color":"#0059a9","colorDark":"#00294f","angle":5.5,"snapDist":5,"label":0}},{"type":"Feature","geometry":{"type":"Point","coordinates":[16.891187,51.167381]},"properties":{"name":"Marszowice","lines":"123, 923","arr":["123","923"],"terminus":0,"mode":"bus","color":"#0059a9","colorDark":"#00294f","angle":15.4,"snapDist":3,"label":1}},{"type":"Feature","geometry":{"type":"Point","coordinates":[16.886732,51.166775]},"properties":{"name":"Małomicka","lines":"123","arr":["123"],"terminus":0,"mode":"bus","color":"#0059a9","colorDark":"#00294f","angle":358.6,"snapDist":3,"label":1}},{"type":"Feature","geometry":{"type":"Point","coordinates":[16.881917,51.165283]},"properties":{"name":"Bojanowska","lines":"123","arr":["123"],"terminus":0,"mode":"bus","color":"#0059a9","colorDark":"#00294f","angle":345.3,"snapDist":5,"label":1}},{"type":"Feature","geometry":{"type":"Point","coordinates":[16.878433,51.163005]},"properties":{"name":"Marszowicka","lines":"123","arr":["123"],"terminus":0,"mode":"bus","color":"#0059a9","colorDark":"#00294f","angle":279,"snapDist":5,"label":1}},{"type":"Feature","geometry":{"type":"Point","coordinates":[16.877231,51.159938]},"properties":{"name":"Hartmana","lines":"123","arr":["123"],"terminus":0,"mode":"bus","color":"#0059a9","colorDark":"#00294f","angle":284.3,"snapDist":5,"label":1}},{"type":"Feature","geometry":{"type":"Point","coordinates":[16.873118,51.155237]},"properties":{"name":"Polkowicka","lines":"123","arr":["123"],"terminus":0,"mode":"bus","color":"#0059a9","colorDark":"#00294f","angle":311.3,"snapDist":4,"label":1}},{"type":"Feature","geometry":{"type":"Point","coordinates":[16.869446,51.146884]},"properties":{"name":"Wolska","lines":"123","arr":["123"],"terminus":0,"mode":"bus","color":"#0059a9","colorDark":"#00294f","angle":302.8,"snapDist":6,"label":1}},{"type":"Feature","geometry":{"type":"Point","coordinates":[16.866508,51.145257]},"properties":{"name":"Średzka","lines":"123, 137, 138, 937, 938, 948, 958","arr":["123","137","138","937","938","948","958"],"terminus":0,"mode":"bus","color":"#0059a9","colorDark":"#00294f","angle":286.2,"snapDist":12,"label":0}},{"type":"Feature","geometry":{"type":"Point","coordinates":[16.869288,51.146676]},"properties":{"name":"Wolska","lines":"123","arr":["123"],"terminus":0,"mode":"bus","color":"#0059a9","colorDark":"#00294f","angle":109.2,"snapDist":5,"label":0}},{"type":"Feature","geometry":{"type":"Point","coordinates":[16.873423,51.155455]},"properties":{"name":"Polkowicka","lines":"123","arr":["123"],"terminus":0,"mode":"bus","color":"#0059a9","colorDark":"#00294f","angle":131.2,"snapDist":4,"label":0}},{"type":"Feature","geometry":{"type":"Point","coordinates":[16.877418,51.160391]},"properties":{"name":"Hartmana","lines":"123","arr":["123"],"terminus":0,"mode":"bus","color":"#0059a9","colorDark":"#00294f","angle":105.3,"snapDist":3,"label":0}},{"type":"Feature","geometry":{"type":"Point","coordinates":[16.878475,51.163171]},"properties":{"name":"Marszowicka","lines":"123","arr":["123"],"terminus":0,"mode":"bus","color":"#0059a9","colorDark":"#00294f","angle":99.5,"snapDist":3,"label":0}},{"type":"Feature","geometry":{"type":"Point","coordinates":[16.881337,51.165173]},"properties":{"name":"Bojanowska","lines":"123","arr":["123"],"terminus":0,"mode":"bus","color":"#0059a9","colorDark":"#00294f","angle":163,"snapDist":5,"label":0}},{"type":"Feature","geometry":{"type":"Point","coordinates":[16.887577,51.16674]},"properties":{"name":"Małomicka","lines":"123","arr":["123"],"terminus":0,"mode":"bus","color":"#0059a9","colorDark":"#00294f","angle":193.4,"snapDist":5,"label":0}},{"type":"Feature","geometry":{"type":"Point","coordinates":[16.890395,51.167207]},"properties":{"name":"Marszowice","lines":"123","arr":["123"],"terminus":0,"mode":"bus","color":"#0059a9","colorDark":"#00294f","angle":121.7,"snapDist":0,"label":0}},{"type":"Feature","geometry":{"type":"Point","coordinates":[16.960415,51.136226]},"properties":{"name":"Rękodzielnicza","lines":"123, 136, 152, 246","arr":["123","136","152","246"],"terminus":0,"mode":"bus","color":"#0059a9","colorDark":"#00294f","angle":281.2,"snapDist":5,"label":0}},{"type":"Feature","geometry":{"type":"Point","coordinates":[16.959291,51.133079]},"properties":{"name":"Metalowców","lines":"123, 136, 152, 246","arr":["123","136","152","246"],"terminus":0,"mode":"bus","color":"#0059a9","colorDark":"#00294f","angle":282.6,"snapDist":5,"label":0}},{"type":"Feature","geometry":{"type":"Point","coordinates":[16.952172,51.119369]},"properties":{"name":"Wrocław Nowy Dwór (P+R)","lines":"124, 134, 241","arr":["124","134","241"],"terminus":1,"mode":"bus","color":"#0059a9","colorDark":"#00294f","angle":15.2,"snapDist":19,"label":1}},{"type":"Feature","geometry":{"type":"Point","coordinates":[16.946273,51.118268]},"properties":{"name":"Park Tysiąclecia - Rolkowisko/Lodowisko","lines":"124, 134, 249","arr":["124","134","249"],"terminus":0,"mode":"bus","color":"#0059a9","colorDark":"#00294f","angle":296.8,"snapDist":4,"label":1}},{"type":"Feature","geometry":{"type":"Point","coordinates":[16.947195,51.115773]},"properties":{"name":"Zemska","lines":"124, 134, 249","arr":["124","134","249"],"terminus":0,"mode":"bus","color":"#0059a9","colorDark":"#00294f","angle":242,"snapDist":77,"label":1}},{"type":"Feature","geometry":{"type":"Point","coordinates":[16.94992,51.112522]},"properties":{"name":"Budziszyńska","lines":"124, 134, 249","arr":["124","134","249"],"terminus":0,"mode":"bus","color":"#0059a9","colorDark":"#00294f","angle":242.3,"snapDist":6,"label":1}},{"type":"Feature","geometry":{"type":"Point","coordinates":[16.952633,51.111457]},"properties":{"name":"Rogowska (ogrody działkowe)","lines":"124, 134, 249","arr":["124","134","249"],"terminus":0,"mode":"bus","color":"#0059a9","colorDark":"#00294f","angle":194.4,"snapDist":6,"label":1}},{"type":"Feature","geometry":{"type":"Point","coordinates":[16.968694,51.109165]},"properties":{"name":"Szkocka","lines":"124, 126, 134, 136, 153, 246","arr":["124","126","134","136","153","246"],"terminus":0,"mode":"bus","color":"#0059a9","colorDark":"#00294f","angle":257.1,"snapDist":10,"label":0}},{"type":"Feature","geometry":{"type":"Point","coordinates":[16.970876,51.105092]},"properties":{"name":"Wrocławski Park Technologiczny","lines":"124, 126, 134, 136, 153, 607, 246","arr":["124","126","134","136","153","607","246"],"terminus":0,"mode":"bus","color":"#0059a9","colorDark":"#00294f","angle":250.6,"snapDist":9,"label":1}},{"type":"Feature","geometry":{"type":"Point","coordinates":[16.972926,51.101008]},"properties":{"name":"ROD Oświata","lines":"124, 126, 134, 136, 153, 246","arr":["124","126","134","136","153","246"],"terminus":0,"mode":"bus","color":"#0059a9","colorDark":"#00294f","angle":250.3,"snapDist":9,"label":1}},{"type":"Feature","geometry":{"type":"Point","coordinates":[16.981229,51.094697]},"properties":{"name":"FAT","lines":"124, 126, 134, 246, 251","arr":["124","126","134","246","251"],"terminus":0,"mode":"bus","color":"#0059a9","colorDark":"#00294f","angle":163.2,"snapDist":8,"label":1}},{"type":"Feature","geometry":{"type":"Point","coordinates":[16.985716,51.095967]},"properties":{"name":"Hutmen","lines":"124, 126, 134, 246, 251","arr":["124","126","134","246","251"],"terminus":0,"mode":"bus","color":"#0059a9","colorDark":"#00294f","angle":154.2,"snapDist":9,"label":1}},{"type":"Feature","geometry":{"type":"Point","coordinates":[16.992614,51.097676]},"properties":{"name":"Bzowa (Centrum Historii Zajezdnia)","lines":"124, 126, 134, 246, 251","arr":["124","126","134","246","251"],"terminus":0,"mode":"bus","color":"#0059a9","colorDark":"#00294f","angle":161.5,"snapDist":8,"label":1}},{"type":"Feature","geometry":{"type":"Point","coordinates":[16.996594,51.098548]},"properties":{"name":"Pl. Srebrny","lines":"124, 126, 134, 246, 251","arr":["124","126","134","246","251"],"terminus":0,"mode":"bus","color":"#0059a9","colorDark":"#00294f","angle":159.9,"snapDist":2,"label":1}},{"type":"Feature","geometry":{"type":"Point","coordinates":[17.001467,51.098988]},"properties":{"name":"Stalowa","lines":"124, 134","arr":["124","134"],"terminus":0,"mode":"bus","color":"#0059a9","colorDark":"#00294f","angle":252.9,"snapDist":10,"label":1}},{"type":"Feature","geometry":{"type":"Point","coordinates":[17.00229,51.095882]},"properties":{"name":"Grochowa","lines":"124, 134","arr":["124","134"],"terminus":0,"mode":"bus","color":"#0059a9","colorDark":"#00294f","angle":259.5,"snapDist":1,"label":1}},{"type":"Feature","geometry":{"type":"Point","coordinates":[17.003189,51.093462]},"properties":{"name":"Krucza (Mielecka)","lines":"124, 134","arr":["124","134"],"terminus":0,"mode":"bus","color":"#0059a9","colorDark":"#00294f","angle":254.9,"snapDist":0,"label":1}},{"type":"Feature","geometry":{"type":"Point","coordinates":[17.008364,51.093497]},"properties":{"name":"Krucza","lines":"124, 125, 127, 134, 144, A, 241","arr":["124","125","127","134","144","A","241"],"terminus":0,"mode":"bus","color":"#0059a9","colorDark":"#00294f","angle":178,"snapDist":8,"label":1}},{"type":"Feature","geometry":{"type":"Point","coordinates":[17.015899,51.091679]},"properties":{"name":"Rondo","lines":"124, 126, 134","arr":["124","126","134"],"terminus":0,"mode":"bus","color":"#0059a9","colorDark":"#00294f","angle":259.6,"snapDist":6,"label":1}},{"type":"Feature","geometry":{"type":"Point","coordinates":[17.021417,51.089959]},"properties":{"name":"Drukarska","lines":"124, 133, 134, 143","arr":["124","133","134","143"],"terminus":0,"mode":"bus","color":"#0059a9","colorDark":"#00294f","angle":185.2,"snapDist":21,"label":1}},{"type":"Feature","geometry":{"type":"Point","coordinates":[17.027297,51.0897]},"properties":{"name":"Uniwersytet Ekonomiczny","lines":"124, 133, 134, 143","arr":["124","133","134","143"],"terminus":0,"mode":"bus","color":"#0059a9","colorDark":"#00294f","angle":183.9,"snapDist":18,"label":1}},{"type":"Feature","geometry":{"type":"Point","coordinates":[17.036087,51.088024]},"properties":{"name":"Borowska (Aquapark)","lines":"124, 134","arr":["124","134"],"terminus":0,"mode":"bus","color":"#0059a9","colorDark":"#00294f","angle":195,"snapDist":10,"label":0}},{"type":"Feature","geometry":{"type":"Point","coordinates":[17.043219,51.086849]},"properties":{"name":"Wapienna","lines":"124, 134","arr":["124","134"],"terminus":0,"mode":"bus","color":"#0059a9","colorDark":"#00294f","angle":206,"snapDist":6,"label":1}},{"type":"Feature","geometry":{"type":"Point","coordinates":[17.044922,51.086329]},"properties":{"name":"Widna","lines":"124, 134","arr":["124","134"],"terminus":0,"mode":"bus","color":"#0059a9","colorDark":"#00294f","angle":205.8,"snapDist":7,"label":1}},{"type":"Feature","geometry":{"type":"Point","coordinates":[17.050817,51.082852]},"properties":{"name":"Bardzka","lines":"124, 125, 134, 310, 240, 245","arr":["124","125","134","310","240","245"],"terminus":0,"mode":"bus","color":"#0059a9","colorDark":"#00294f","angle":184.5,"snapDist":8,"label":0}},{"type":"Feature","geometry":{"type":"Point","coordinates":[17.054879,51.082967]},"properties":{"name":"Nyska","lines":"124, 125, 134, 310, 240, 245","arr":["124","125","134","310","240","245"],"terminus":0,"mode":"bus","color":"#0059a9","colorDark":"#00294f","angle":168.6,"snapDist":9,"label":1}},{"type":"Feature","geometry":{"type":"Point","coordinates":[17.059697,51.083573]},"properties":{"name":"Tarnogajska","lines":"124, 125, 134, 310, 240, 245","arr":["124","125","134","310","240","245"],"terminus":0,"mode":"bus","color":"#0059a9","colorDark":"#00294f","angle":168.8,"snapDist":5,"label":1}},{"type":"Feature","geometry":{"type":"Point","coordinates":[17.089219,51.072788]},"properties":{"name":"Zagłębiowska","lines":"124, 134, 310, 343, 240, 243","arr":["124","134","310","343","240","243"],"terminus":0,"mode":"bus","color":"#0059a9","colorDark":"#00294f","angle":236.5,"snapDist":7,"label":1}},{"type":"Feature","geometry":{"type":"Point","coordinates":[17.091623,51.070495]},"properties":{"name":"Sosnowiecka","lines":"124, 134, 310, 343, 240, 243","arr":["124","134","310","343","240","243"],"terminus":0,"mode":"bus","color":"#0059a9","colorDark":"#00294f","angle":235,"snapDist":7,"label":1}},{"type":"Feature","geometry":{"type":"Point","coordinates":[17.093033,51.069155]},"properties":{"name":"Brochowska","lines":"124, 134, 310, 343, 240, 243","arr":["124","134","310","343","240","243"],"terminus":1,"mode":"bus","color":"#0059a9","colorDark":"#00294f","angle":236.5,"snapDist":8,"label":1}},{"type":"Feature","geometry":{"type":"Point","coordinates":[17.097547,51.069867]},"properties":{"name":"KSIĘŻE WIELKIE","lines":"124, 134, 243","arr":["124","134","243"],"terminus":1,"mode":"bus","color":"#0059a9","colorDark":"#00294f","angle":192.8,"snapDist":4,"label":1}},{"type":"Feature","geometry":{"type":"Point","coordinates":[17.094844,51.068978]},"properties":{"name":"Brochowska","lines":"124, 133, 134, 310, 343, 243","arr":["124","133","134","310","343","243"],"terminus":1,"mode":"bus","color":"#0059a9","colorDark":"#00294f","angle":324.5,"snapDist":5,"label":0}},{"type":"Feature","geometry":{"type":"Point","coordinates":[17.091478,51.070631]},"properties":{"name":"Sosnowiecka","lines":"124, 133, 134, 310, 343, 243","arr":["124","133","134","310","343","243"],"terminus":0,"mode":"bus","color":"#0059a9","colorDark":"#00294f","angle":57.3,"snapDist":6,"label":0}},{"type":"Feature","geometry":{"type":"Point","coordinates":[17.087953,51.073996]},"properties":{"name":"Zagłębiowska","lines":"124, 133, 134, 310, 343, 243","arr":["124","133","134","310","343","243"],"terminus":0,"mode":"bus","color":"#0059a9","colorDark":"#00294f","angle":57.1,"snapDist":5,"label":0}},{"type":"Feature","geometry":{"type":"Point","coordinates":[17.058866,51.083668]},"properties":{"name":"Tarnogajska","lines":"124, 125, 133, 134, 245","arr":["124","125","133","134","245"],"terminus":0,"mode":"bus","color":"#0059a9","colorDark":"#00294f","angle":348.7,"snapDist":9,"label":0}},{"type":"Feature","geometry":{"type":"Point","coordinates":[17.053312,51.082986]},"properties":{"name":"Nyska","lines":"124, 125, 133, 134, 245","arr":["124","125","133","134","245"],"terminus":0,"mode":"bus","color":"#0059a9","colorDark":"#00294f","angle":351.5,"snapDist":2,"label":0}},{"type":"Feature","geometry":{"type":"Point","coordinates":[17.046437,51.08586]},"properties":{"name":"Kamienna","lines":"124, 134","arr":["124","134"],"terminus":0,"mode":"bus","color":"#0059a9","colorDark":"#00294f","angle":27.4,"snapDist":10,"label":0}},{"type":"Feature","geometry":{"type":"Point","coordinates":[17.042357,51.087116]},"properties":{"name":"Wapienna","lines":"124, 134","arr":["124","134"],"terminus":0,"mode":"bus","color":"#0059a9","colorDark":"#00294f","angle":26.2,"snapDist":6,"label":0}},{"type":"Feature","geometry":{"type":"Point","coordinates":[17.036439,51.087973]},"properties":{"name":"Borowska (Aquapark)","lines":"124, 134","arr":["124","134"],"terminus":0,"mode":"bus","color":"#0059a9","colorDark":"#00294f","angle":13,"snapDist":11,"label":1}},{"type":"Feature","geometry":{"type":"Point","coordinates":[17.026727,51.089724]},"properties":{"name":"Uniwersytet Ekonomiczny","lines":"124, 133, 134, 143","arr":["124","133","134","143"],"terminus":0,"mode":"bus","color":"#0059a9","colorDark":"#00294f","angle":3.6,"snapDist":5,"label":0}},{"type":"Feature","geometry":{"type":"Point","coordinates":[17.020226,51.090022]},"properties":{"name":"Drukarska","lines":"124, 133, 134, 143","arr":["124","133","134","143"],"terminus":0,"mode":"bus","color":"#0059a9","colorDark":"#00294f","angle":5.6,"snapDist":5,"label":0}},{"type":"Feature","geometry":{"type":"Point","coordinates":[17.016175,51.091671]},"properties":{"name":"Rondo","lines":"124, 126, 134","arr":["124","126","134"],"terminus":0,"mode":"bus","color":"#0059a9","colorDark":"#00294f","angle":80.4,"snapDist":5,"label":0}},{"type":"Feature","geometry":{"type":"Point","coordinates":[17.009949,51.093517]},"properties":{"name":"Krucza","lines":"124, 125, 134, A","arr":["124","125","134","A"],"terminus":0,"mode":"bus","color":"#0059a9","colorDark":"#00294f","angle":352.1,"snapDist":8,"label":0}},{"type":"Feature","geometry":{"type":"Point","coordinates":[17.003773,51.093359]},"properties":{"name":"Krucza (Mielecka)","lines":"124, 125, 134, A, 241","arr":["124","125","134","A","241"],"terminus":0,"mode":"bus","color":"#0059a9","colorDark":"#00294f","angle":354.9,"snapDist":6,"label":0}},{"type":"Feature","geometry":{"type":"Point","coordinates":[17.002268,51.095956]},"properties":{"name":"Grochowa","lines":"124, 134","arr":["124","134"],"terminus":0,"mode":"bus","color":"#0059a9","colorDark":"#00294f","angle":79.7,"snapDist":1,"label":0}},{"type":"Feature","geometry":{"type":"Point","coordinates":[17.000453,51.099429]},"properties":{"name":"Stalowa","lines":"124, 126, 134, 246, 251","arr":["124","126","134","246","251"],"terminus":0,"mode":"bus","color":"#0059a9","colorDark":"#00294f","angle":338.3,"snapDist":5,"label":0}},{"type":"Feature","geometry":{"type":"Point","coordinates":[16.996168,51.09845]},"properties":{"name":"Pl. Srebrny","lines":"124, 126, 134, 246, 251","arr":["124","126","134","246","251"],"terminus":0,"mode":"bus","color":"#0059a9","colorDark":"#00294f","angle":339.9,"snapDist":4,"label":0}},{"type":"Feature","geometry":{"type":"Point","coordinates":[16.991966,51.097534]},"properties":{"name":"Bzowa (Centrum Historii Zajezdnia)","lines":"124, 126, 134, 246, 251","arr":["124","126","134","246","251"],"terminus":0,"mode":"bus","color":"#0059a9","colorDark":"#00294f","angle":341.5,"snapDist":9,"label":0}},{"type":"Feature","geometry":{"type":"Point","coordinates":[16.986037,51.096057]},"properties":{"name":"Hutmen","lines":"124, 126, 134, 246, 251","arr":["124","126","134","246","251"],"terminus":0,"mode":"bus","color":"#0059a9","colorDark":"#00294f","angle":336,"snapDist":8,"label":0}},{"type":"Feature","geometry":{"type":"Point","coordinates":[16.97938,51.095092]},"properties":{"name":"FAT","lines":"124, 126, 134, 136, 153, 607, 246","arr":["124","126","134","136","153","607","246"],"terminus":0,"mode":"bus","color":"#0059a9","colorDark":"#00294f","angle":45.4,"snapDist":8,"label":0}},{"type":"Feature","geometry":{"type":"Point","coordinates":[16.972682,51.101923]},"properties":{"name":"ROD Oświata","lines":"124, 126, 134, 136, 153, 246","arr":["124","126","134","136","153","246"],"terminus":0,"mode":"bus","color":"#0059a9","colorDark":"#00294f","angle":70.2,"snapDist":9,"label":0}},{"type":"Feature","geometry":{"type":"Point","coordinates":[16.970591,51.106095]},"properties":{"name":"Wrocławski Park Technologiczny","lines":"124, 126, 134, 136, 153, 607, 246","arr":["124","126","134","136","153","607","246"],"terminus":0,"mode":"bus","color":"#0059a9","colorDark":"#00294f","angle":71,"snapDist":7,"label":0}},{"type":"Feature","geometry":{"type":"Point","coordinates":[16.952174,51.111531]},"properties":{"name":"Rogowska (ogrody działkowe)","lines":"124, 134, 249","arr":["124","134","249"],"terminus":0,"mode":"bus","color":"#0059a9","colorDark":"#00294f","angle":14.3,"snapDist":9,"label":0}},{"type":"Feature","geometry":{"type":"Point","coordinates":[16.949585,51.112926]},"properties":{"name":"Budziszyńska","lines":"124, 134, 249","arr":["124","134","249"],"terminus":0,"mode":"bus","color":"#0059a9","colorDark":"#00294f","angle":62.7,"snapDist":7,"label":0}},{"type":"Feature","geometry":{"type":"Point","coordinates":[16.946915,51.116093]},"properties":{"name":"Zemska","lines":"124, 134, 249","arr":["124","134","249"],"terminus":0,"mode":"bus","color":"#0059a9","colorDark":"#00294f","angle":62.3,"snapDist":7,"label":0}},{"type":"Feature","geometry":{"type":"Point","coordinates":[16.946075,51.11781]},"properties":{"name":"Park Tysiąclecia - Rolkowisko/Lodowisko","lines":"124, 134, 249","arr":["124","134","249"],"terminus":0,"mode":"bus","color":"#0059a9","colorDark":"#00294f","angle":91.7,"snapDist":5,"label":0}},{"type":"Feature","geometry":{"type":"Point","coordinates":[17.042777,51.094022]},"properties":{"name":"Hubska (Dawida)","lines":"125, 148, N","arr":["125","148","N"],"terminus":0,"mode":"bus","color":"#0059a9","colorDark":"#00294f","angle":91.2,"snapDist":1,"label":1}},{"type":"Feature","geometry":{"type":"Point","coordinates":[17.029422,51.097923]},"properties":{"name":"EPI","lines":"125","arr":["125"],"terminus":0,"mode":"bus","color":"#0059a9","colorDark":"#00294f","angle":116.4,"snapDist":8,"label":0}},{"type":"Feature","geometry":{"type":"Point","coordinates":[17.026487,51.094111]},"properties":{"name":"Arena","lines":"125","arr":["125"],"terminus":0,"mode":"bus","color":"#0059a9","colorDark":"#00294f","angle":294.1,"snapDist":6,"label":1}},{"type":"Feature","geometry":{"type":"Point","coordinates":[17.024469,51.092103]},"properties":{"name":"Komandorska","lines":"125","arr":["125"],"terminus":0,"mode":"bus","color":"#0059a9","colorDark":"#00294f","angle":27.7,"snapDist":7,"label":1}},{"type":"Feature","geometry":{"type":"Point","coordinates":[17.016336,51.094399]},"properties":{"name":"Pl. Hirszfelda","lines":"125, A","arr":["125","A"],"terminus":0,"mode":"bus","color":"#0059a9","colorDark":"#00294f","angle":359.6,"snapDist":10,"label":1}},{"type":"Feature","geometry":{"type":"Point","coordinates":[16.997274,51.093977]},"properties":{"name":"Kolbuszowska (Stadion)","lines":"125, 241","arr":["125","241"],"terminus":0,"mode":"bus","color":"#0059a9","colorDark":"#00294f","angle":10.3,"snapDist":5,"label":1}},{"type":"Feature","geometry":{"type":"Point","coordinates":[16.991167,51.094727]},"properties":{"name":"Inżynierska","lines":"125, A, 241","arr":["125","A","241"],"terminus":0,"mode":"bus","color":"#0059a9","colorDark":"#00294f","angle":14.7,"snapDist":5,"label":1}},{"type":"Feature","geometry":{"type":"Point","coordinates":[16.985342,51.091802]},"properties":{"name":"Aleja Pracy","lines":"125, 136, 152, A, 241, 257","arr":["125","136","152","A","241","257"],"terminus":0,"mode":"bus","color":"#0059a9","colorDark":"#00294f","angle":16.4,"snapDist":8,"label":1}},{"type":"Feature","geometry":{"type":"Point","coordinates":[16.956445,51.078652]},"properties":{"name":"Jordanowska","lines":"125, 143, 907, 947","arr":["125","143","907","947"],"terminus":0,"mode":"bus","color":"#0059a9","colorDark":"#00294f","angle":332.6,"snapDist":5,"label":1}},{"type":"Feature","geometry":{"type":"Point","coordinates":[16.958618,51.072155]},"properties":{"name":"Tyniecka","lines":"125","arr":["125"],"terminus":0,"mode":"bus","color":"#0059a9","colorDark":"#00294f","angle":230.7,"snapDist":7,"label":1}},{"type":"Feature","geometry":{"type":"Point","coordinates":[16.953576,51.0725]},"properties":{"name":"Kwiatkowskiego (Rondo)","lines":"125","arr":["125"],"terminus":0,"mode":"bus","color":"#0059a9","colorDark":"#00294f","angle":57,"snapDist":5,"label":1}},{"type":"Feature","geometry":{"type":"Point","coordinates":[16.952865,51.075993]},"properties":{"name":"TYNIECKA (pętla)","lines":"125, 143","arr":["125","143"],"terminus":1,"mode":"bus","color":"#0059a9","colorDark":"#00294f","angle":150.3,"snapDist":4,"label":1}},{"type":"Feature","geometry":{"type":"Point","coordinates":[16.958217,51.078594]},"properties":{"name":"Jordanowska","lines":"125, 132, 143, 907, 947","arr":["125","132","143","907","947"],"terminus":0,"mode":"bus","color":"#0059a9","colorDark":"#00294f","angle":207,"snapDist":6,"label":0}},{"type":"Feature","geometry":{"type":"Point","coordinates":[16.980506,51.09381]},"properties":{"name":"FAT","lines":"125, 136, 152, A, 241, 257","arr":["125","136","152","A","241","257"],"terminus":0,"mode":"bus","color":"#0059a9","colorDark":"#00294f","angle":236.4,"snapDist":11,"label":0}},{"type":"Feature","geometry":{"type":"Point","coordinates":[16.98633,51.092273]},"properties":{"name":"Aleja Pracy","lines":"125, A, 241","arr":["125","A","241"],"terminus":0,"mode":"bus","color":"#0059a9","colorDark":"#00294f","angle":104.6,"snapDist":6,"label":0}},{"type":"Feature","geometry":{"type":"Point","coordinates":[16.991985,51.094589]},"properties":{"name":"Inżynierska","lines":"125, A, 241","arr":["125","A","241"],"terminus":0,"mode":"bus","color":"#0059a9","colorDark":"#00294f","angle":195.2,"snapDist":6,"label":0}},{"type":"Feature","geometry":{"type":"Point","coordinates":[16.996902,51.094018]},"properties":{"name":"Kolbuszowska (Stadion)","lines":"125, 241","arr":["125","241"],"terminus":0,"mode":"bus","color":"#0059a9","colorDark":"#00294f","angle":189.9,"snapDist":6,"label":0}},{"type":"Feature","geometry":{"type":"Point","coordinates":[17.002513,51.093337]},"properties":{"name":"Krucza (Mielecka)","lines":"125, A, 241","arr":["125","A","241"],"terminus":0,"mode":"bus","color":"#0059a9","colorDark":"#00294f","angle":189.2,"snapDist":9,"label":0}},{"type":"Feature","geometry":{"type":"Point","coordinates":[17.018021,51.093924]},"properties":{"name":"Pl. Hirszfelda","lines":"125, A","arr":["125","A"],"terminus":0,"mode":"bus","color":"#0059a9","colorDark":"#00294f","angle":200.7,"snapDist":12,"label":0}},{"type":"Feature","geometry":{"type":"Point","coordinates":[17.023383,51.092428]},"properties":{"name":"Komandorska","lines":"125","arr":["125"],"terminus":0,"mode":"bus","color":"#0059a9","colorDark":"#00294f","angle":204.8,"snapDist":9,"label":0}},{"type":"Feature","geometry":{"type":"Point","coordinates":[17.027184,51.095051]},"properties":{"name":"Arena","lines":"125","arr":["125"],"terminus":0,"mode":"bus","color":"#0059a9","colorDark":"#00294f","angle":115,"snapDist":6,"label":0}},{"type":"Feature","geometry":{"type":"Point","coordinates":[17.029146,51.097605]},"properties":{"name":"EPI","lines":"125","arr":["125"],"terminus":0,"mode":"bus","color":"#0059a9","colorDark":"#00294f","angle":-62.2,"snapDist":10,"label":0}},{"type":"Feature","geometry":{"type":"Point","coordinates":[17.043047,51.092927]},"properties":{"name":"Hubska (Dawida)","lines":"125, 148, N, 240","arr":["125","148","N","240"],"terminus":0,"mode":"bus","color":"#0059a9","colorDark":"#00294f","angle":250.4,"snapDist":1,"label":0}},{"type":"Feature","geometry":{"type":"Point","coordinates":[17.014397,51.067665]},"properties":{"name":"Wojszycka","lines":"126","arr":["126"],"terminus":1,"mode":"bus","color":"#0059a9","colorDark":"#00294f","angle":319.3,"snapDist":8,"label":1}},{"type":"Feature","geometry":{"type":"Point","coordinates":[17.006711,51.075199]},"properties":{"name":"KRZYKI","lines":"126, 602, D, 248","arr":["126","602","D","248"],"terminus":0,"mode":"bus","color":"#0059a9","colorDark":"#00294f","angle":338.1,"snapDist":9,"label":0}},{"type":"Feature","geometry":{"type":"Point","coordinates":[17.001822,51.073758]},"properties":{"name":"Sowia","lines":"126, 133, 153, 248, 251","arr":["126","133","153","248","251"],"terminus":0,"mode":"bus","color":"#0059a9","colorDark":"#00294f","angle":22.8,"snapDist":4,"label":1}},{"type":"Feature","geometry":{"type":"Point","coordinates":[16.996643,51.07508]},"properties":{"name":"Chłodna","lines":"126, 133, 153, 248, 251","arr":["126","133","153","248","251"],"terminus":0,"mode":"bus","color":"#0059a9","colorDark":"#00294f","angle":22.2,"snapDist":5,"label":1}},{"type":"Feature","geometry":{"type":"Point","coordinates":[16.998118,51.078099]},"properties":{"name":"Wawrzyniaka","lines":"126, 133, 153, 248, 251","arr":["126","133","153","248","251"],"terminus":0,"mode":"bus","color":"#0059a9","colorDark":"#00294f","angle":115.5,"snapDist":6,"label":1}},{"type":"Feature","geometry":{"type":"Point","coordinates":[17.000212,51.081501]},"properties":{"name":"Modlińska","lines":"126, 133, 143","arr":["126","133","143"],"terminus":0,"mode":"bus","color":"#0059a9","colorDark":"#00294f","angle":182.4,"snapDist":11,"label":1}},{"type":"Feature","geometry":{"type":"Point","coordinates":[17.00768,51.084804]},"properties":{"name":"Racławicka (szkoła)","lines":"126, 133, 143","arr":["126","133","143"],"terminus":0,"mode":"bus","color":"#0059a9","colorDark":"#00294f","angle":205.8,"snapDist":2,"label":1}},{"type":"Feature","geometry":{"type":"Point","coordinates":[17.01283,51.086854]},"properties":{"name":"Hallera","lines":"126, 133, 143, 602, D, 247, 248, 257","arr":["126","133","143","602","D","247","248","257"],"terminus":0,"mode":"bus","color":"#0059a9","colorDark":"#00294f","angle":127,"snapDist":7,"label":1}},{"type":"Feature","geometry":{"type":"Point","coordinates":[17.01455,51.097888]},"properties":{"name":"Zaporoska","lines":"126, 127","arr":["126","127"],"terminus":0,"mode":"bus","color":"#0059a9","colorDark":"#00294f","angle":80.5,"snapDist":8,"label":1}},{"type":"Feature","geometry":{"type":"Point","coordinates":[17.01367,51.10123]},"properties":{"name":"Grabiszyńska","lines":"126, 127","arr":["126","127"],"terminus":0,"mode":"bus","color":"#0059a9","colorDark":"#00294f","angle":80.8,"snapDist":6,"label":1}},{"type":"Feature","geometry":{"type":"Point","coordinates":[17.007459,51.101043]},"properties":{"name":"Pereca","lines":"126, 246, 251","arr":["126","246","251"],"terminus":0,"mode":"bus","color":"#0059a9","colorDark":"#00294f","angle":340.6,"snapDist":4,"label":1}},{"type":"Feature","geometry":{"type":"Point","coordinates":[16.958953,51.124046]},"properties":{"name":"Bystrzycka","lines":"126, 136, 243, 246","arr":["126","136","243","246"],"terminus":0,"mode":"bus","color":"#0059a9","colorDark":"#00294f","angle":140.3,"snapDist":5,"label":0}},{"type":"Feature","geometry":{"type":"Point","coordinates":[16.963636,51.127439]},"properties":{"name":"Bulwar Dedala","lines":"126, 136, 243, 246","arr":["126","136","243","246"],"terminus":0,"mode":"bus","color":"#0059a9","colorDark":"#00294f","angle":115.4,"snapDist":23,"label":1}},{"type":"Feature","geometry":{"type":"Point","coordinates":[16.965926,51.130148]},"properties":{"name":"Szybowcowa","lines":"126, 136, 243, 246","arr":["126","136","243","246"],"terminus":0,"mode":"bus","color":"#0059a9","colorDark":"#00294f","angle":116.3,"snapDist":7,"label":1}},{"type":"Feature","geometry":{"type":"Point","coordinates":[16.967006,51.130566]},"properties":{"name":"Bajana","lines":"126, 253","arr":["126","253"],"terminus":0,"mode":"bus","color":"#0059a9","colorDark":"#00294f","angle":199.4,"snapDist":10,"label":1}},{"type":"Feature","geometry":{"type":"Point","coordinates":[16.972922,51.128861]},"properties":{"name":"Park Zachodni","lines":"126, 253","arr":["126","253"],"terminus":0,"mode":"bus","color":"#0059a9","colorDark":"#00294f","angle":206.6,"snapDist":9,"label":1}},{"type":"Feature","geometry":{"type":"Point","coordinates":[16.976052,51.127932]},"properties":{"name":"DH Astra","lines":"126, 253","arr":["126","253"],"terminus":0,"mode":"bus","color":"#0059a9","colorDark":"#00294f","angle":204.2,"snapDist":10,"label":1}},{"type":"Feature","geometry":{"type":"Point","coordinates":[16.968755,51.137525]},"properties":{"name":"KOZANÓW","lines":"126","arr":["126"],"terminus":1,"mode":"bus","color":"#0059a9","colorDark":"#00294f","angle":179.6,"snapDist":5,"label":1}},{"type":"Feature","geometry":{"type":"Point","coordinates":[16.975622,51.128358]},"properties":{"name":"DH Astra","lines":"126, 253","arr":["126","253"],"terminus":0,"mode":"bus","color":"#0059a9","colorDark":"#00294f","angle":25.8,"snapDist":8,"label":0}},{"type":"Feature","geometry":{"type":"Point","coordinates":[16.970887,51.129787]},"properties":{"name":"Park Zachodni","lines":"126, 253","arr":["126","253"],"terminus":0,"mode":"bus","color":"#0059a9","colorDark":"#00294f","angle":25.7,"snapDist":8,"label":0}},{"type":"Feature","geometry":{"type":"Point","coordinates":[16.965333,51.12935]},"properties":{"name":"Szybowcowa","lines":"126, 136, 243, 246","arr":["126","136","243","246"],"terminus":0,"mode":"bus","color":"#0059a9","colorDark":"#00294f","angle":297.3,"snapDist":9,"label":0}},{"type":"Feature","geometry":{"type":"Point","coordinates":[16.963132,51.12675]},"properties":{"name":"Bulwar Dedala","lines":"126, 136, 243, 246","arr":["126","136","243","246"],"terminus":0,"mode":"bus","color":"#0059a9","colorDark":"#00294f","angle":294,"snapDist":10,"label":0}},{"type":"Feature","geometry":{"type":"Point","coordinates":[17.001627,51.099709]},"properties":{"name":"Stalowa","lines":"126, 246, 251","arr":["126","246","251"],"terminus":0,"mode":"bus","color":"#0059a9","colorDark":"#00294f","angle":160.2,"snapDist":5,"label":0}},{"type":"Feature","geometry":{"type":"Point","coordinates":[17.007795,51.101118]},"properties":{"name":"Pereca","lines":"126, 246, 251","arr":["126","246","251"],"terminus":0,"mode":"bus","color":"#0059a9","colorDark":"#00294f","angle":160.5,"snapDist":0,"label":0}},{"type":"Feature","geometry":{"type":"Point","coordinates":[17.013306,51.101608]},"properties":{"name":"Grabiszyńska","lines":"126, 127","arr":["126","127"],"terminus":0,"mode":"bus","color":"#0059a9","colorDark":"#00294f","angle":260.8,"snapDist":9,"label":0}},{"type":"Feature","geometry":{"type":"Point","coordinates":[17.014614,51.09655]},"properties":{"name":"Zaporoska","lines":"126","arr":["126"],"terminus":0,"mode":"bus","color":"#0059a9","colorDark":"#00294f","angle":260.3,"snapDist":7,"label":0}},{"type":"Feature","geometry":{"type":"Point","coordinates":[17.012594,51.087095]},"properties":{"name":"Hallera","lines":"126, 133, 143, 602, D, 247, 248","arr":["126","133","143","602","D","247","248"],"terminus":0,"mode":"bus","color":"#0059a9","colorDark":"#00294f","angle":306.2,"snapDist":8,"label":0}},{"type":"Feature","geometry":{"type":"Point","coordinates":[17.007006,51.084651]},"properties":{"name":"Racławicka (szkoła)","lines":"126, 133, 143","arr":["126","133","143"],"terminus":0,"mode":"bus","color":"#0059a9","colorDark":"#00294f","angle":311.5,"snapDist":5,"label":0}},{"type":"Feature","geometry":{"type":"Point","coordinates":[17.000679,51.081627]},"properties":{"name":"Modlińska","lines":"126, 133, 143","arr":["126","133","143"],"terminus":0,"mode":"bus","color":"#0059a9","colorDark":"#00294f","angle":336.6,"snapDist":8,"label":0}},{"type":"Feature","geometry":{"type":"Point","coordinates":[16.996972,51.076554]},"properties":{"name":"Wawrzyniaka","lines":"126, 133, 153, 248, 251","arr":["126","133","153","248","251"],"terminus":0,"mode":"bus","color":"#0059a9","colorDark":"#00294f","angle":293.9,"snapDist":9,"label":0}},{"type":"Feature","geometry":{"type":"Point","coordinates":[16.996857,51.075025]},"properties":{"name":"Chłodna","lines":"126, 133, 153, 248, 251","arr":["126","133","153","248","251"],"terminus":0,"mode":"bus","color":"#0059a9","colorDark":"#00294f","angle":202.2,"snapDist":5,"label":0}},{"type":"Feature","geometry":{"type":"Point","coordinates":[17.001655,51.073801]},"properties":{"name":"Sowia","lines":"126, 133, 153, 248, 251","arr":["126","133","153","248","251"],"terminus":0,"mode":"bus","color":"#0059a9","colorDark":"#00294f","angle":202.8,"snapDist":6,"label":0}},{"type":"Feature","geometry":{"type":"Point","coordinates":[17.011543,51.059154]},"properties":{"name":"ZWYCIĘSKA","lines":"127, 144, 259","arr":["127","144","259"],"terminus":1,"mode":"bus","color":"#0059a9","colorDark":"#00294f","angle":-76.1,"snapDist":24,"label":1}},{"type":"Feature","geometry":{"type":"Point","coordinates":[17.01616,51.074659]},"properties":{"name":"Pułtuska","lines":"127, 259","arr":["127","259"],"terminus":0,"mode":"bus","color":"#0059a9","colorDark":"#00294f","angle":119.6,"snapDist":23,"label":1}},{"type":"Feature","geometry":{"type":"Point","coordinates":[17.018804,51.077515]},"properties":{"name":"Weigla (Szpital)","lines":"127, 259","arr":["127","259"],"terminus":0,"mode":"bus","color":"#0059a9","colorDark":"#00294f","angle":120.3,"snapDist":26,"label":1}},{"type":"Feature","geometry":{"type":"Point","coordinates":[17.022825,51.081834]},"properties":{"name":"Jaworowa","lines":"127, 259","arr":["127","259"],"terminus":0,"mode":"bus","color":"#0059a9","colorDark":"#00294f","angle":120.7,"snapDist":27,"label":1}},{"type":"Feature","geometry":{"type":"Point","coordinates":[17.023594,51.084253]},"properties":{"name":"Wiśniowa","lines":"127, 136","arr":["127","136"],"terminus":0,"mode":"bus","color":"#0059a9","colorDark":"#00294f","angle":17.3,"snapDist":7,"label":1}},{"type":"Feature","geometry":{"type":"Point","coordinates":[17.016596,51.085588]},"properties":{"name":"Sudecka","lines":"127, 136, 144","arr":["127","136","144"],"terminus":0,"mode":"bus","color":"#0059a9","colorDark":"#00294f","angle":6.3,"snapDist":9,"label":1}},{"type":"Feature","geometry":{"type":"Point","coordinates":[17.011429,51.086664]},"properties":{"name":"Hallera","lines":"127, 136, 144, 257","arr":["127","136","144","257"],"terminus":0,"mode":"bus","color":"#0059a9","colorDark":"#00294f","angle":22.7,"snapDist":8,"label":0}},{"type":"Feature","geometry":{"type":"Point","coordinates":[17.00542,51.088385]},"properties":{"name":"Gajowicka","lines":"127, 136, 144, 257","arr":["127","136","144","257"],"terminus":0,"mode":"bus","color":"#0059a9","colorDark":"#00294f","angle":25,"snapDist":7,"label":1}},{"type":"Feature","geometry":{"type":"Point","coordinates":[17.003158,51.093172]},"properties":{"name":"Krucza (Mielecka)","lines":"127, 144","arr":["127","144"],"terminus":0,"mode":"bus","color":"#0059a9","colorDark":"#00294f","angle":104.4,"snapDist":2,"label":0}},{"type":"Feature","geometry":{"type":"Point","coordinates":[17.013878,51.105324]},"properties":{"name":"Tęczowa","lines":"127","arr":["127"],"terminus":0,"mode":"bus","color":"#0059a9","colorDark":"#00294f","angle":161.8,"snapDist":8,"label":1}},{"type":"Feature","geometry":{"type":"Point","coordinates":[17.020977,51.1077]},"properties":{"name":"Pl. Orląt Lwowskich","lines":"127","arr":["127"],"terminus":0,"mode":"bus","color":"#0059a9","colorDark":"#00294f","angle":148.3,"snapDist":3,"label":0}},{"type":"Feature","geometry":{"type":"Point","coordinates":[16.927865,51.157501]},"properties":{"name":"KOZIA","lines":"127","arr":["127"],"terminus":1,"mode":"bus","color":"#0059a9","colorDark":"#00294f","angle":136.7,"snapDist":5,"label":1}},{"type":"Feature","geometry":{"type":"Point","coordinates":[17.019453,51.107076]},"properties":{"name":"Pl. Orląt Lwowskich","lines":"127","arr":["127"],"terminus":0,"mode":"bus","color":"#0059a9","colorDark":"#00294f","angle":326.7,"snapDist":8,"label":0}},{"type":"Feature","geometry":{"type":"Point","coordinates":[17.014948,51.105567]},"properties":{"name":"Tęczowa","lines":"127","arr":["127"],"terminus":0,"mode":"bus","color":"#0059a9","colorDark":"#00294f","angle":340.4,"snapDist":5,"label":0}},{"type":"Feature","geometry":{"type":"Point","coordinates":[17.013657,51.096927]},"properties":{"name":"Zaporoska","lines":"127, 144, 241","arr":["127","144","241"],"terminus":0,"mode":"bus","color":"#0059a9","colorDark":"#00294f","angle":309.4,"snapDist":9,"label":0}},{"type":"Feature","geometry":{"type":"Point","coordinates":[17.009617,51.094096]},"properties":{"name":"Krucza","lines":"127, 144, 241","arr":["127","144","241"],"terminus":0,"mode":"bus","color":"#0059a9","colorDark":"#00294f","angle":305.4,"snapDist":7,"label":0}},{"type":"Feature","geometry":{"type":"Point","coordinates":[17.006837,51.087709]},"properties":{"name":"Gajowicka","lines":"127, 136, 144, 257","arr":["127","136","144","257"],"terminus":0,"mode":"bus","color":"#0059a9","colorDark":"#00294f","angle":205.1,"snapDist":7,"label":0}},{"type":"Feature","geometry":{"type":"Point","coordinates":[17.012584,51.086138]},"properties":{"name":"Hallera","lines":"127, 136, 144","arr":["127","136","144"],"terminus":0,"mode":"bus","color":"#0059a9","colorDark":"#00294f","angle":196.9,"snapDist":8,"label":0}},{"type":"Feature","geometry":{"type":"Point","coordinates":[17.018952,51.084855]},"properties":{"name":"Sudecka","lines":"127, 136","arr":["127","136"],"terminus":0,"mode":"bus","color":"#0059a9","colorDark":"#00294f","angle":194,"snapDist":7,"label":0}},{"type":"Feature","geometry":{"type":"Point","coordinates":[17.024144,51.083196]},"properties":{"name":"Wiśniowa","lines":"127, 259","arr":["127","259"],"terminus":0,"mode":"bus","color":"#0059a9","colorDark":"#00294f","angle":300.1,"snapDist":9,"label":0}},{"type":"Feature","geometry":{"type":"Point","coordinates":[17.021382,51.0803]},"properties":{"name":"Jaworowa","lines":"127, 259","arr":["127","259"],"terminus":0,"mode":"bus","color":"#0059a9","colorDark":"#00294f","angle":300,"snapDist":8,"label":0}},{"type":"Feature","geometry":{"type":"Point","coordinates":[17.017781,51.076411]},"properties":{"name":"Weigla (Szpital)","lines":"127, 259","arr":["127","259"],"terminus":0,"mode":"bus","color":"#0059a9","colorDark":"#00294f","angle":300.2,"snapDist":8,"label":0}},{"type":"Feature","geometry":{"type":"Point","coordinates":[17.016244,51.074749]},"properties":{"name":"Pułtuska","lines":"127, 259","arr":["127","259"],"terminus":0,"mode":"bus","color":"#0059a9","colorDark":"#00294f","angle":300.9,"snapDist":5,"label":0}},{"type":"Feature","geometry":{"type":"Point","coordinates":[17.007946,51.059378]},"properties":{"name":"Rondo Św. Ojca Pio","lines":"127, 144, 259","arr":["127","144","259"],"terminus":0,"mode":"bus","color":"#0059a9","colorDark":"#00294f","angle":191.9,"snapDist":6,"label":0}},{"type":"Feature","geometry":{"type":"Point","coordinates":[16.952046,51.119288]},"properties":{"name":"Wrocław Nowy Dwór (P+R)","lines":"128, 927","arr":["128","927"],"terminus":1,"mode":"bus","color":"#0059a9","colorDark":"#00294f","angle":14,"snapDist":7,"label":0}},{"type":"Feature","geometry":{"type":"Point","coordinates":[17.012517,51.121819]},"properties":{"name":"Wrocław Szczepin","lines":"128","arr":["128"],"terminus":0,"mode":"bus","color":"#0059a9","colorDark":"#00294f","angle":242.8,"snapDist":4,"label":0}},{"type":"Feature","geometry":{"type":"Point","coordinates":[17.014928,51.118925]},"properties":{"name":"Michalczyka","lines":"128","arr":["128"],"terminus":0,"mode":"bus","color":"#0059a9","colorDark":"#00294f","angle":223.3,"snapDist":6,"label":1}},{"type":"Feature","geometry":{"type":"Point","coordinates":[17.025631,51.117043]},"properties":{"name":"Kępa Mieszczańska","lines":"128, 144, 240","arr":["128","144","240"],"terminus":0,"mode":"bus","color":"#0059a9","colorDark":"#00294f","angle":159.5,"snapDist":6,"label":1}},{"type":"Feature","geometry":{"type":"Point","coordinates":[17.03103,51.117835]},"properties":{"name":"Pomorska","lines":"128, 144, 240","arr":["128","144","240"],"terminus":0,"mode":"bus","color":"#0059a9","colorDark":"#00294f","angle":195.8,"snapDist":0,"label":0}},{"type":"Feature","geometry":{"type":"Point","coordinates":[17.033831,51.117014]},"properties":{"name":"Dubois","lines":"128, 144, 240, 242, 244, 247, 248, 251, 259","arr":["128","144","240","242","244","247","248","251","259"],"terminus":0,"mode":"bus","color":"#0059a9","colorDark":"#00294f","angle":122.3,"snapDist":2,"label":1}},{"type":"Feature","geometry":{"type":"Point","coordinates":[17.051199,51.117171]},"properties":{"name":"Ogród Botaniczny","lines":"128, 315, 914, 924, A, N, 246","arr":["128","315","914","924","A","N","246"],"terminus":0,"mode":"bus","color":"#0059a9","colorDark":"#00294f","angle":94.8,"snapDist":19,"label":0}},{"type":"Feature","geometry":{"type":"Point","coordinates":[17.052797,51.122821]},"properties":{"name":"Wyszyńskiego","lines":"128, 315, 914, 924, A, N, 246","arr":["128","315","914","924","A","N","246"],"terminus":0,"mode":"bus","color":"#0059a9","colorDark":"#00294f","angle":111.4,"snapDist":7,"label":1}},{"type":"Feature","geometry":{"type":"Point","coordinates":[17.054757,51.126503]},"properties":{"name":"Damrota","lines":"128, 315, 914, 924, A, N, 246","arr":["128","315","914","924","A","N","246"],"terminus":0,"mode":"bus","color":"#0059a9","colorDark":"#00294f","angle":100.6,"snapDist":8,"label":1}},{"type":"Feature","geometry":{"type":"Point","coordinates":[17.070178,51.136439]},"properties":{"name":"Kromera (Czajkowskiego)","lines":"128, 130, 904, 914, 924, 928, 964, N, 242, 251","arr":["128","130","904","914","924","928","964","N","242","251"],"terminus":0,"mode":"bus","color":"#0059a9","colorDark":"#00294f","angle":126.7,"snapDist":23,"label":1}},{"type":"Feature","geometry":{"type":"Point","coordinates":[17.074971,51.138111]},"properties":{"name":"Grudziądzka","lines":"128, 130, 904, 914, 924, 928, 964, N, 242, 251","arr":["128","130","904","914","924","928","964","N","242","251"],"terminus":0,"mode":"bus","color":"#0059a9","colorDark":"#00294f","angle":160.6,"snapDist":19,"label":1}},{"type":"Feature","geometry":{"type":"Point","coordinates":[17.080703,51.139356]},"properties":{"name":"Brücknera","lines":"128, 130, 904, 914, 924, 928, 964, N, 242, 251","arr":["128","130","904","914","924","928","964","N","242","251"],"terminus":0,"mode":"bus","color":"#0059a9","colorDark":"#00294f","angle":161,"snapDist":22,"label":0}},{"type":"Feature","geometry":{"type":"Point","coordinates":[17.122367,51.160458]},"properties":{"name":"Przedwiośnie (Stacja kolejowa)","lines":"128, 928, 241","arr":["128","928","241"],"terminus":0,"mode":"bus","color":"#0059a9","colorDark":"#00294f","angle":314.7,"snapDist":5,"label":1}},{"type":"Feature","geometry":{"type":"Point","coordinates":[17.124619,51.162031]},"properties":{"name":"ZAKRZÓW","lines":"128, 928","arr":["128","928"],"terminus":1,"mode":"bus","color":"#0059a9","colorDark":"#00294f","angle":112.1,"snapDist":5,"label":1}},{"type":"Feature","geometry":{"type":"Point","coordinates":[17.12509,51.162342]},"properties":{"name":"ZAKRZÓW","lines":"128, 241","arr":["128","241"],"terminus":1,"mode":"bus","color":"#0059a9","colorDark":"#00294f","angle":151.7,"snapDist":9,"label":0}},{"type":"Feature","geometry":{"type":"Point","coordinates":[17.124496,51.161848]},"properties":{"name":"ZAKRZÓW","lines":"128, 928, 241","arr":["128","928","241"],"terminus":0,"mode":"bus","color":"#0059a9","colorDark":"#00294f","angle":293.4,"snapDist":6,"label":0}},{"type":"Feature","geometry":{"type":"Point","coordinates":[17.121597,51.159667]},"properties":{"name":"Przedwiośnie (Stacja kolejowa)","lines":"128, 151, 928, 931, 241","arr":["128","151","928","931","241"],"terminus":0,"mode":"bus","color":"#0059a9","colorDark":"#00294f","angle":267.4,"snapDist":6,"label":0}},{"type":"Feature","geometry":{"type":"Point","coordinates":[17.081117,51.139445]},"properties":{"name":"Brücknera","lines":"128, 130, 904, 914, 924, 928, 964, N, 242, 251","arr":["128","130","904","914","924","928","964","N","242","251"],"terminus":0,"mode":"bus","color":"#0059a9","colorDark":"#00294f","angle":341,"snapDist":8,"label":0}},{"type":"Feature","geometry":{"type":"Point","coordinates":[17.073672,51.137816]},"properties":{"name":"Grudziądzka","lines":"128, 130, 904, 914, 924, 928, 964, N, 242, 251","arr":["128","130","904","914","924","928","964","N","242","251"],"terminus":0,"mode":"bus","color":"#0059a9","colorDark":"#00294f","angle":339.8,"snapDist":8,"label":0}},{"type":"Feature","geometry":{"type":"Point","coordinates":[17.069178,51.13553]},"properties":{"name":"Kromera (Czajkowskiego)","lines":"128, 130, 904, 914, 924, 928, 964, N, 242, 251","arr":["128","130","904","914","924","928","964","N","242","251"],"terminus":0,"mode":"bus","color":"#0059a9","colorDark":"#00294f","angle":305.5,"snapDist":9,"label":0}},{"type":"Feature","geometry":{"type":"Point","coordinates":[17.062696,51.131567]},"properties":{"name":"KROMERA","lines":"128, 914, 924, 930, A, N, 242, 246, 251","arr":["128","914","924","930","A","N","242","246","251"],"terminus":0,"mode":"bus","color":"#0059a9","colorDark":"#00294f","angle":332.8,"snapDist":10,"label":0}},{"type":"Feature","geometry":{"type":"Point","coordinates":[17.054992,51.127994]},"properties":{"name":"Mosty Warszawskie","lines":"128, 914, 924, A, N, 246","arr":["128","914","924","A","N","246"],"terminus":0,"mode":"bus","color":"#0059a9","colorDark":"#00294f","angle":274.8,"snapDist":9,"label":1}},{"type":"Feature","geometry":{"type":"Point","coordinates":[17.052694,51.122654]},"properties":{"name":"Wyszyńskiego","lines":"128, 914, 924, A, N, 246","arr":["128","914","924","A","N","246"],"terminus":0,"mode":"bus","color":"#0059a9","colorDark":"#00294f","angle":289.8,"snapDist":9,"label":0}},{"type":"Feature","geometry":{"type":"Point","coordinates":[17.040967,51.117446]},"properties":{"name":"Pl. Bema","lines":"128, 242, 244, 251, 259","arr":["128","242","244","251","259"],"terminus":0,"mode":"bus","color":"#0059a9","colorDark":"#00294f","angle":35.2,"snapDist":9,"label":0}},{"type":"Feature","geometry":{"type":"Point","coordinates":[17.033831,51.117014]},"properties":{"name":"Dubois","lines":"128, 144, 242, 244, 247, 248, 250, 251, 259","arr":["128","144","242","244","247","248","250","251","259"],"terminus":0,"mode":"bus","color":"#0059a9","colorDark":"#00294f","angle":302.3,"snapDist":2,"label":0}},{"type":"Feature","geometry":{"type":"Point","coordinates":[17.030732,51.117982]},"properties":{"name":"Pomorska","lines":"128, 144, 250","arr":["128","144","250"],"terminus":0,"mode":"bus","color":"#0059a9","colorDark":"#00294f","angle":15.6,"snapDist":3,"label":0}},{"type":"Feature","geometry":{"type":"Point","coordinates":[17.023654,51.116919]},"properties":{"name":"Kępa Mieszczańska","lines":"128","arr":["128"],"terminus":0,"mode":"bus","color":"#0059a9","colorDark":"#00294f","angle":354.3,"snapDist":5,"label":0}},{"type":"Feature","geometry":{"type":"Point","coordinates":[17.015204,51.119036]},"properties":{"name":"Michalczyka","lines":"128","arr":["128"],"terminus":0,"mode":"bus","color":"#0059a9","colorDark":"#00294f","angle":46.6,"snapDist":8,"label":0}},{"type":"Feature","geometry":{"type":"Point","coordinates":[16.883172,51.109129]},"properties":{"name":"PORT LOTNICZY","lines":"129","arr":["129"],"terminus":1,"mode":"bus","color":"#0059a9","colorDark":"#00294f","angle":206.5,"snapDist":47,"label":0}},{"type":"Feature","geometry":{"type":"Point","coordinates":[16.891558,51.122483]},"properties":{"name":"Osiniecka","lines":"129","arr":["129"],"terminus":0,"mode":"bus","color":"#0059a9","colorDark":"#00294f","angle":187,"snapDist":69,"label":1}},{"type":"Feature","geometry":{"type":"Point","coordinates":[16.887843,51.125141]},"properties":{"name":"Jerzmanowo (Cmentarz)","lines":"129","arr":["129"],"terminus":0,"mode":"bus","color":"#0059a9","colorDark":"#00294f","angle":24.4,"snapDist":15,"label":1}},{"type":"Feature","geometry":{"type":"Point","coordinates":[16.880093,51.126255]},"properties":{"name":"Kaczorowskiego","lines":"129","arr":["129"],"terminus":0,"mode":"bus","color":"#0059a9","colorDark":"#00294f","angle":275.8,"snapDist":11,"label":1}},{"type":"Feature","geometry":{"type":"Point","coordinates":[16.879785,51.122699]},"properties":{"name":"Płużna","lines":"129","arr":["129"],"terminus":0,"mode":"bus","color":"#0059a9","colorDark":"#00294f","angle":273.6,"snapDist":2,"label":1}},{"type":"Feature","geometry":{"type":"Point","coordinates":[16.946944,51.121573]},"properties":{"name":"Kołobrzeska","lines":"129, 149","arr":["129","149"],"terminus":0,"mode":"bus","color":"#0059a9","colorDark":"#00294f","angle":138.7,"snapDist":5,"label":0}},{"type":"Feature","geometry":{"type":"Point","coordinates":[17.020017,51.133781]},"properties":{"name":"Serbska (C.K. Agora)","lines":"129, 142, 602","arr":["129","142","602"],"terminus":0,"mode":"bus","color":"#0059a9","colorDark":"#00294f","angle":193.1,"snapDist":13,"label":1}},{"type":"Feature","geometry":{"type":"Point","coordinates":[17.026196,51.133072]},"properties":{"name":"most Osobowicki","lines":"129","arr":["129"],"terminus":0,"mode":"bus","color":"#0059a9","colorDark":"#00294f","angle":188.6,"snapDist":5,"label":1}},{"type":"Feature","geometry":{"type":"Point","coordinates":[17.034065,51.156475]},"properties":{"name":"Poświęcka","lines":"129, 248","arr":["129","248"],"terminus":0,"mode":"bus","color":"#0059a9","colorDark":"#00294f","angle":23.7,"snapDist":5,"label":1}},{"type":"Feature","geometry":{"type":"Point","coordinates":[17.03222,51.156574]},"properties":{"name":"POŚWIĘCKA (Ośrodek zdrowia)","lines":"129, 248","arr":["129","248"],"terminus":1,"mode":"bus","color":"#0059a9","colorDark":"#00294f","angle":258.9,"snapDist":12,"label":1}},{"type":"Feature","geometry":{"type":"Point","coordinates":[17.033704,51.155957]},"properties":{"name":"Poświęcka","lines":"129, 248","arr":["129","248"],"terminus":0,"mode":"bus","color":"#0059a9","colorDark":"#00294f","angle":9.1,"snapDist":8,"label":0}},{"type":"Feature","geometry":{"type":"Point","coordinates":[17.029557,51.13715]},"properties":{"name":"Bałtycka","lines":"129, 257","arr":["129","257"],"terminus":0,"mode":"bus","color":"#0059a9","colorDark":"#00294f","angle":293.8,"snapDist":8,"label":0}},{"type":"Feature","geometry":{"type":"Point","coordinates":[17.026351,51.133191]},"properties":{"name":"most Osobowicki","lines":"129, 142, 602, K","arr":["129","142","602","K"],"terminus":0,"mode":"bus","color":"#0059a9","colorDark":"#00294f","angle":359.6,"snapDist":3,"label":0}},{"type":"Feature","geometry":{"type":"Point","coordinates":[17.01963,51.133827]},"properties":{"name":"Serbska (C.K. Agora)","lines":"129, 142, 602","arr":["129","142","602"],"terminus":0,"mode":"bus","color":"#0059a9","colorDark":"#00294f","angle":8.1,"snapDist":8,"label":0}},{"type":"Feature","geometry":{"type":"Point","coordinates":[16.949931,51.123799]},"properties":{"name":"KUŹNIKI","lines":"129, 149","arr":["129","149"],"terminus":0,"mode":"bus","color":"#0059a9","colorDark":"#00294f","angle":16.8,"snapDist":5,"label":0}},{"type":"Feature","geometry":{"type":"Point","coordinates":[16.9476,51.121948]},"properties":{"name":"Kołobrzeska","lines":"129, 149","arr":["129","149"],"terminus":0,"mode":"bus","color":"#0059a9","colorDark":"#00294f","angle":316,"snapDist":6,"label":0}},{"type":"Feature","geometry":{"type":"Point","coordinates":[16.879782,51.122671]},"properties":{"name":"Płużna","lines":"129","arr":["129"],"terminus":0,"mode":"bus","color":"#0059a9","colorDark":"#00294f","angle":93.6,"snapDist":3,"label":0}},{"type":"Feature","geometry":{"type":"Point","coordinates":[16.88115,51.12651]},"properties":{"name":"Kaczorowskiego","lines":"129","arr":["129"],"terminus":0,"mode":"bus","color":"#0059a9","colorDark":"#00294f","angle":26.8,"snapDist":46,"label":0}},{"type":"Feature","geometry":{"type":"Point","coordinates":[16.888893,51.124848]},"properties":{"name":"Jerzmanowo (Cmentarz)","lines":"129","arr":["129"],"terminus":0,"mode":"bus","color":"#0059a9","colorDark":"#00294f","angle":-156.1,"snapDist":16,"label":0}},{"type":"Feature","geometry":{"type":"Point","coordinates":[16.889984,51.121894]},"properties":{"name":"Osiniecka","lines":"129","arr":["129"],"terminus":0,"mode":"bus","color":"#0059a9","colorDark":"#00294f","angle":106.2,"snapDist":76,"label":0}},{"type":"Feature","geometry":{"type":"Point","coordinates":[17.13283,51.159204]},"properties":{"name":"OSIEDLE SOBIESKIEGO","lines":"130, D","arr":["130","D"],"terminus":1,"mode":"bus","color":"#0059a9","colorDark":"#00294f","angle":311.1,"snapDist":7,"label":0}},{"type":"Feature","geometry":{"type":"Point","coordinates":[17.036507,51.142047]},"properties":{"name":"Mochnackiego","lines":"130, 144, 319, 930, K, 247","arr":["130","144","319","930","K","247"],"terminus":0,"mode":"bus","color":"#0059a9","colorDark":"#00294f","angle":136.6,"snapDist":10,"label":1}},{"type":"Feature","geometry":{"type":"Point","coordinates":[17.039694,51.143893]},"properties":{"name":"Gąsiorowskiego","lines":"130, 144, 319, 930, 247","arr":["130","144","319","930","247"],"terminus":0,"mode":"bus","color":"#0059a9","colorDark":"#00294f","angle":134.8,"snapDist":6,"label":1}},{"type":"Feature","geometry":{"type":"Point","coordinates":[17.041741,51.146406]},"properties":{"name":"Jutrosińska","lines":"130, 144, 319, 930, K, 247","arr":["130","144","319","930","K","247"],"terminus":0,"mode":"bus","color":"#0059a9","colorDark":"#00294f","angle":116.3,"snapDist":11,"label":1}},{"type":"Feature","geometry":{"type":"Point","coordinates":[17.0431,51.149114]},"properties":{"name":"Kamieńskiego (Szpital)","lines":"130, 144, 319, 930, K, 247","arr":["130","144","319","930","K","247"],"terminus":0,"mode":"bus","color":"#0059a9","colorDark":"#00294f","angle":98.8,"snapDist":7,"label":1}},{"type":"Feature","geometry":{"type":"Point","coordinates":[17.04358,51.152771]},"properties":{"name":"Milicka","lines":"130, 144, 930, 247","arr":["130","144","930","247"],"terminus":0,"mode":"bus","color":"#0059a9","colorDark":"#00294f","angle":97,"snapDist":4,"label":1}},{"type":"Feature","geometry":{"type":"Point","coordinates":[17.044246,51.156204]},"properties":{"name":"Kątowa","lines":"130, 144, 930, 247","arr":["130","144","930","247"],"terminus":0,"mode":"bus","color":"#0059a9","colorDark":"#00294f","angle":96.1,"snapDist":10,"label":1}},{"type":"Feature","geometry":{"type":"Point","coordinates":[17.044618,51.159212]},"properties":{"name":"Ługowa","lines":"130, 144, 930, 247","arr":["130","144","930","247"],"terminus":0,"mode":"bus","color":"#0059a9","colorDark":"#00294f","angle":99.6,"snapDist":4,"label":1}},{"type":"Feature","geometry":{"type":"Point","coordinates":[17.045739,51.162277]},"properties":{"name":"Starościńska","lines":"130, 144, 930, 247","arr":["130","144","930","247"],"terminus":0,"mode":"bus","color":"#0059a9","colorDark":"#00294f","angle":106.4,"snapDist":4,"label":1}},{"type":"Feature","geometry":{"type":"Point","coordinates":[17.047241,51.166005]},"properties":{"name":"POLANOWICE","lines":"130, 144, 247","arr":["130","144","247"],"terminus":1,"mode":"bus","color":"#0059a9","colorDark":"#00294f","angle":247.4,"snapDist":4,"label":1}},{"type":"Feature","geometry":{"type":"Point","coordinates":[17.045911,51.162833]},"properties":{"name":"Starościńska","lines":"130, 144, 930, 247","arr":["130","144","930","247"],"terminus":0,"mode":"bus","color":"#0059a9","colorDark":"#00294f","angle":280.9,"snapDist":9,"label":0}},{"type":"Feature","geometry":{"type":"Point","coordinates":[17.044503,51.158773]},"properties":{"name":"Ługowa","lines":"130, 144, 930, 247","arr":["130","144","930","247"],"terminus":0,"mode":"bus","color":"#0059a9","colorDark":"#00294f","angle":279,"snapDist":5,"label":0}},{"type":"Feature","geometry":{"type":"Point","coordinates":[17.044154,51.155671]},"properties":{"name":"Kątowa","lines":"130, 144, 930, 247","arr":["130","144","930","247"],"terminus":0,"mode":"bus","color":"#0059a9","colorDark":"#00294f","angle":276.5,"snapDist":1,"label":0}},{"type":"Feature","geometry":{"type":"Point","coordinates":[17.04354,51.152348]},"properties":{"name":"Milicka","lines":"130, 144, 930, 247","arr":["130","144","930","247"],"terminus":0,"mode":"bus","color":"#0059a9","colorDark":"#00294f","angle":268.6,"snapDist":5,"label":0}},{"type":"Feature","geometry":{"type":"Point","coordinates":[17.042845,51.148277]},"properties":{"name":"Kamieńskiego (Szpital)","lines":"130, 144, 319, 930, K, 247","arr":["130","144","319","930","K","247"],"terminus":0,"mode":"bus","color":"#0059a9","colorDark":"#00294f","angle":285.1,"snapDist":7,"label":0}},{"type":"Feature","geometry":{"type":"Point","coordinates":[17.042151,51.146987]},"properties":{"name":"Jutrosińska","lines":"130, 144, 319, 930, K, 247","arr":["130","144","319","930","K","247"],"terminus":0,"mode":"bus","color":"#0059a9","colorDark":"#00294f","angle":289.6,"snapDist":12,"label":0}},{"type":"Feature","geometry":{"type":"Point","coordinates":[17.039559,51.143816]},"properties":{"name":"Gąsiorowskiego","lines":"130, 144, 319, 930, 247","arr":["130","144","319","930","247"],"terminus":0,"mode":"bus","color":"#0059a9","colorDark":"#00294f","angle":318.7,"snapDist":6,"label":0}},{"type":"Feature","geometry":{"type":"Point","coordinates":[17.03683,51.142235]},"properties":{"name":"Mochnackiego","lines":"130, 144, 319, 930, K, 247","arr":["130","144","319","930","K","247"],"terminus":0,"mode":"bus","color":"#0059a9","colorDark":"#00294f","angle":317,"snapDist":8,"label":0}},{"type":"Feature","geometry":{"type":"Point","coordinates":[17.127691,51.142279]},"properties":{"name":"LITEWSKA","lines":"131, N, 251","arr":["131","N","251"],"terminus":1,"mode":"bus","color":"#0059a9","colorDark":"#00294f","angle":348.5,"snapDist":14,"label":0}},{"type":"Feature","geometry":{"type":"Point","coordinates":[17.135748,51.145647]},"properties":{"name":"Kiełczowska","lines":"131, 150, 931, N, 251","arr":["131","150","931","N","251"],"terminus":0,"mode":"bus","color":"#0059a9","colorDark":"#00294f","angle":3.4,"snapDist":7,"label":1}},{"type":"Feature","geometry":{"type":"Point","coordinates":[17.129023,51.146447]},"properties":{"name":"Poleska","lines":"131, 150, 931, N, 251","arr":["131","150","931","N","251"],"terminus":0,"mode":"bus","color":"#0059a9","colorDark":"#00294f","angle":12,"snapDist":9,"label":1}},{"type":"Feature","geometry":{"type":"Point","coordinates":[17.120938,51.146703]},"properties":{"name":"Kiełczowska (LZN)","lines":"131, 931, N","arr":["131","931","N"],"terminus":0,"mode":"bus","color":"#0059a9","colorDark":"#00294f","angle":8.5,"snapDist":8,"label":1}},{"type":"Feature","geometry":{"type":"Point","coordinates":[17.116714,51.147165]},"properties":{"name":"Psie Pole (Rondo Lotników Polskich)","lines":"131, 931, N","arr":["131","931","N"],"terminus":0,"mode":"bus","color":"#0059a9","colorDark":"#00294f","angle":202.9,"snapDist":9,"label":0}},{"type":"Feature","geometry":{"type":"Point","coordinates":[17.124723,51.146644]},"properties":{"name":"Kiełczowska (LZN)","lines":"131, 931, N","arr":["131","931","N"],"terminus":0,"mode":"bus","color":"#0059a9","colorDark":"#00294f","angle":174.9,"snapDist":7,"label":1}},{"type":"Feature","geometry":{"type":"Point","coordinates":[17.130517,51.146247]},"properties":{"name":"Poleska","lines":"131, 150, 931, N, 251","arr":["131","150","931","N","251"],"terminus":0,"mode":"bus","color":"#0059a9","colorDark":"#00294f","angle":192,"snapDist":8,"label":0}},{"type":"Feature","geometry":{"type":"Point","coordinates":[17.137069,51.145592]},"properties":{"name":"Kiełczowska","lines":"131, 150, 931, N, 251","arr":["131","150","931","N","251"],"terminus":0,"mode":"bus","color":"#0059a9","colorDark":"#00294f","angle":182.8,"snapDist":8,"label":0}},{"type":"Feature","geometry":{"type":"Point","coordinates":[16.971883,51.084149]},"properties":{"name":"OPORÓW","lines":"132, 907, 947, 257","arr":["132","907","947","257"],"terminus":1,"mode":"bus","color":"#0059a9","colorDark":"#00294f","angle":84.5,"snapDist":1,"label":1}},{"type":"Feature","geometry":{"type":"Point","coordinates":[16.957403,51.079651]},"properties":{"name":"Jordanowska","lines":"132","arr":["132"],"terminus":0,"mode":"bus","color":"#0059a9","colorDark":"#00294f","angle":71.8,"snapDist":5,"label":0}},{"type":"Feature","geometry":{"type":"Point","coordinates":[16.955843,51.082206]},"properties":{"name":"Chachaja","lines":"132","arr":["132"],"terminus":0,"mode":"bus","color":"#0059a9","colorDark":"#00294f","angle":69,"snapDist":8,"label":1}},{"type":"Feature","geometry":{"type":"Point","coordinates":[16.952296,51.088313]},"properties":{"name":"Awicenny","lines":"132","arr":["132"],"terminus":0,"mode":"bus","color":"#0059a9","colorDark":"#00294f","angle":69,"snapDist":7,"label":1}},{"type":"Feature","geometry":{"type":"Point","coordinates":[16.950495,51.091541]},"properties":{"name":"Awicenny (Stacja kolejowa)","lines":"132","arr":["132"],"terminus":0,"mode":"bus","color":"#0059a9","colorDark":"#00294f","angle":71.2,"snapDist":5,"label":1}},{"type":"Feature","geometry":{"type":"Point","coordinates":[17.000919,51.112447]},"properties":{"name":"Śrubowa","lines":"132, 142","arr":["132","142"],"terminus":0,"mode":"bus","color":"#0059a9","colorDark":"#00294f","angle":105.2,"snapDist":7,"label":0}},{"type":"Feature","geometry":{"type":"Point","coordinates":[17.007188,51.112849]},"properties":{"name":"Pl. Strzegomski (Muzeum Współczesne)","lines":"132, 142, 243, 253","arr":["132","142","243","253"],"terminus":0,"mode":"bus","color":"#0059a9","colorDark":"#00294f","angle":185.7,"snapDist":11,"label":1}},{"type":"Feature","geometry":{"type":"Point","coordinates":[17.012142,51.112685]},"properties":{"name":"Młodych Techników Akademia Sztuk Teatralnych","lines":"132, 142, 243, 253","arr":["132","142","243","253"],"terminus":0,"mode":"bus","color":"#0059a9","colorDark":"#00294f","angle":181.4,"snapDist":10,"label":1}},{"type":"Feature","geometry":{"type":"Point","coordinates":[17.065601,51.131941]},"properties":{"name":"KROMERA","lines":"132","arr":["132"],"terminus":1,"mode":"bus","color":"#0059a9","colorDark":"#00294f","angle":117,"snapDist":20,"label":0}},{"type":"Feature","geometry":{"type":"Point","coordinates":[17.030705,51.121938]},"properties":{"name":"PL. STASZICA","lines":"132, 142, 602, K, 257","arr":["132","142","602","K","257"],"terminus":0,"mode":"bus","color":"#0059a9","colorDark":"#00294f","angle":259.1,"snapDist":1,"label":0}},{"type":"Feature","geometry":{"type":"Point","coordinates":[17.031824,51.117225]},"properties":{"name":"Pomorska","lines":"132, 142, 602, K, 257","arr":["132","142","602","K","257"],"terminus":0,"mode":"bus","color":"#0059a9","colorDark":"#00294f","angle":281.2,"snapDist":5,"label":0}},{"type":"Feature","geometry":{"type":"Point","coordinates":[17.030686,51.114733]},"properties":{"name":"Mosty Pomorskie","lines":"132, 142, 602, K, 257","arr":["132","142","602","K","257"],"terminus":0,"mode":"bus","color":"#0059a9","colorDark":"#00294f","angle":250.5,"snapDist":3,"label":0}},{"type":"Feature","geometry":{"type":"Point","coordinates":[17.027304,51.111945]},"properties":{"name":"Rynek","lines":"132, 142, 602, K, 247, 248, 257","arr":["132","142","602","K","247","248","257"],"terminus":0,"mode":"bus","color":"#0059a9","colorDark":"#00294f","angle":296.5,"snapDist":7,"label":0}},{"type":"Feature","geometry":{"type":"Point","coordinates":[17.012587,51.112945]},"properties":{"name":"Młodych Techników Akademia Sztuk Teatralnych","lines":"132, 142, 243, 253","arr":["132","142","243","253"],"terminus":0,"mode":"bus","color":"#0059a9","colorDark":"#00294f","angle":4.3,"snapDist":10,"label":0}},{"type":"Feature","geometry":{"type":"Point","coordinates":[17.005175,51.112397]},"properties":{"name":"Strzegomska (Muzeum Współczesne)","lines":"132, 142","arr":["132","142"],"terminus":0,"mode":"bus","color":"#0059a9","colorDark":"#00294f","angle":16.9,"snapDist":7,"label":1}},{"type":"Feature","geometry":{"type":"Point","coordinates":[16.95063,51.091292]},"properties":{"name":"Awicenny (Stacja kolejowa)","lines":"132","arr":["132"],"terminus":0,"mode":"bus","color":"#0059a9","colorDark":"#00294f","angle":251.1,"snapDist":6,"label":0}},{"type":"Feature","geometry":{"type":"Point","coordinates":[16.952971,51.087147]},"properties":{"name":"Awicenny","lines":"132","arr":["132"],"terminus":0,"mode":"bus","color":"#0059a9","colorDark":"#00294f","angle":251.1,"snapDist":11,"label":0}},{"type":"Feature","geometry":{"type":"Point","coordinates":[16.956168,51.081675]},"properties":{"name":"Chachaja","lines":"132","arr":["132"],"terminus":0,"mode":"bus","color":"#0059a9","colorDark":"#00294f","angle":249.2,"snapDist":3,"label":0}},{"type":"Feature","geometry":{"type":"Point","coordinates":[17.098916,51.066791]},"properties":{"name":"Zajezdnia TYSKA","lines":"133, 134, 310, 240","arr":["133","134","310","240"],"terminus":1,"mode":"bus","color":"#0059a9","colorDark":"#00294f","angle":242.1,"snapDist":1,"label":1}},{"type":"Feature","geometry":{"type":"Point","coordinates":[17.047998,51.083137]},"properties":{"name":"Bardzka","lines":"133, 146","arr":["133","146"],"terminus":0,"mode":"bus","color":"#0059a9","colorDark":"#00294f","angle":1.3,"snapDist":9,"label":0}},{"type":"Feature","geometry":{"type":"Point","coordinates":[17.039464,51.083272]},"properties":{"name":"Orzechowa","lines":"133, 146","arr":["133","146"],"terminus":0,"mode":"bus","color":"#0059a9","colorDark":"#00294f","angle":1.7,"snapDist":8,"label":1}},{"type":"Feature","geometry":{"type":"Point","coordinates":[17.000866,51.071992]},"properties":{"name":"Zimowa","lines":"133, 933, D","arr":["133","933","D"],"terminus":0,"mode":"bus","color":"#0059a9","colorDark":"#00294f","angle":313.4,"snapDist":5,"label":0}},{"type":"Feature","geometry":{"type":"Point","coordinates":[16.976883,51.063202]},"properties":{"name":"Wałbrzyska","lines":"133, 607, 933","arr":["133","607","933"],"terminus":0,"mode":"bus","color":"#0059a9","colorDark":"#00294f","angle":290.7,"snapDist":9,"label":0}},{"type":"Feature","geometry":{"type":"Point","coordinates":[16.975884,51.061738]},"properties":{"name":"Marcepanowa","lines":"133, 933","arr":["133","933"],"terminus":0,"mode":"bus","color":"#0059a9","colorDark":"#00294f","angle":293.4,"snapDist":6,"label":1}},{"type":"Feature","geometry":{"type":"Point","coordinates":[16.973864,51.058802]},"properties":{"name":"Słoneczna","lines":"133, 933","arr":["133","933"],"terminus":0,"mode":"bus","color":"#0059a9","colorDark":"#00294f","angle":294.7,"snapDist":6,"label":1}},{"type":"Feature","geometry":{"type":"Point","coordinates":[16.970543,51.056202]},"properties":{"name":"Połabian","lines":"133, 607, 933","arr":["133","607","933"],"terminus":0,"mode":"bus","color":"#0059a9","colorDark":"#00294f","angle":309.7,"snapDist":6,"label":1}},{"type":"Feature","geometry":{"type":"Point","coordinates":[16.977459,51.055279]},"properties":{"name":"ROD Bielany","lines":"133","arr":["133"],"terminus":1,"mode":"bus","color":"#0059a9","colorDark":"#00294f","angle":160.7,"snapDist":8,"label":1}},{"type":"Feature","geometry":{"type":"Point","coordinates":[16.961252,51.04792]},"properties":{"name":"C.H. Aleja Bielany","lines":"133","arr":["133"],"terminus":1,"mode":"bus","color":"#0059a9","colorDark":"#00294f","angle":94.3,"snapDist":2,"label":1}},{"type":"Feature","geometry":{"type":"Point","coordinates":[16.971266,51.056742]},"properties":{"name":"Połabian","lines":"133, 607, 933","arr":["133","607","933"],"terminus":0,"mode":"bus","color":"#0059a9","colorDark":"#00294f","angle":129.7,"snapDist":5,"label":0}},{"type":"Feature","geometry":{"type":"Point","coordinates":[16.974528,51.059755]},"properties":{"name":"Słoneczna","lines":"133, 933","arr":["133","933"],"terminus":0,"mode":"bus","color":"#0059a9","colorDark":"#00294f","angle":113.2,"snapDist":3,"label":0}},{"type":"Feature","geometry":{"type":"Point","coordinates":[16.976326,51.062384]},"properties":{"name":"Marcepanowa","lines":"133, 933","arr":["133","933"],"terminus":0,"mode":"bus","color":"#0059a9","colorDark":"#00294f","angle":114,"snapDist":5,"label":0}},{"type":"Feature","geometry":{"type":"Point","coordinates":[17.036007,51.083089]},"properties":{"name":"ROD Bajki","lines":"133, 146","arr":["133","146"],"terminus":0,"mode":"bus","color":"#0059a9","colorDark":"#00294f","angle":178.7,"snapDist":8,"label":0}},{"type":"Feature","geometry":{"type":"Point","coordinates":[17.041808,51.083035]},"properties":{"name":"Orzechowa","lines":"133, 146","arr":["133","146"],"terminus":0,"mode":"bus","color":"#0059a9","colorDark":"#00294f","angle":181.4,"snapDist":9,"label":0}},{"type":"Feature","geometry":{"type":"Point","coordinates":[17.049403,51.082251]},"properties":{"name":"Bardzka","lines":"133, 146","arr":["133","146"],"terminus":0,"mode":"bus","color":"#0059a9","colorDark":"#00294f","angle":256.8,"snapDist":10,"label":0}},{"type":"Feature","geometry":{"type":"Point","coordinates":[17.050484,51.079429]},"properties":{"name":"Krynicka","lines":"133, 146","arr":["133","146"],"terminus":0,"mode":"bus","color":"#0059a9","colorDark":"#00294f","angle":255.6,"snapDist":10,"label":0}},{"type":"Feature","geometry":{"type":"Point","coordinates":[17.052027,51.075933]},"properties":{"name":"Morwowa","lines":"133","arr":["133"],"terminus":0,"mode":"bus","color":"#0059a9","colorDark":"#00294f","angle":254.6,"snapDist":9,"label":0}},{"type":"Feature","geometry":{"type":"Point","coordinates":[17.05304,51.072308]},"properties":{"name":"Bardzka (Cmentarz)","lines":"133","arr":["133"],"terminus":0,"mode":"bus","color":"#0059a9","colorDark":"#00294f","angle":267.6,"snapDist":6,"label":0}},{"type":"Feature","geometry":{"type":"Point","coordinates":[17.053902,51.069058]},"properties":{"name":"Buforowa (Rondo)","lines":"133","arr":["133"],"terminus":0,"mode":"bus","color":"#0059a9","colorDark":"#00294f","angle":258.2,"snapDist":5,"label":0}},{"type":"Feature","geometry":{"type":"Point","coordinates":[17.059976,51.066099]},"properties":{"name":"ROD Zgoda","lines":"133","arr":["133"],"terminus":0,"mode":"bus","color":"#0059a9","colorDark":"#00294f","angle":199.2,"snapDist":5,"label":1}},{"type":"Feature","geometry":{"type":"Point","coordinates":[17.065507,51.064919]},"properties":{"name":"Tunelowa","lines":"133","arr":["133"],"terminus":0,"mode":"bus","color":"#0059a9","colorDark":"#00294f","angle":199.1,"snapDist":5,"label":1}},{"type":"Feature","geometry":{"type":"Point","coordinates":[17.072504,51.063934]},"properties":{"name":"Park Brochowski","lines":"133","arr":["133"],"terminus":0,"mode":"bus","color":"#0059a9","colorDark":"#00294f","angle":189.2,"snapDist":5,"label":1}},{"type":"Feature","geometry":{"type":"Point","coordinates":[17.075914,51.062757]},"properties":{"name":"Kazachstańska","lines":"133","arr":["133"],"terminus":0,"mode":"bus","color":"#0059a9","colorDark":"#00294f","angle":215.5,"snapDist":6,"label":1}},{"type":"Feature","geometry":{"type":"Point","coordinates":[17.050992,51.076701]},"properties":{"name":"GAJ - pętla","lines":"136, 143, 145, 903","arr":["136","143","145","903"],"terminus":0,"mode":"bus","color":"#0059a9","colorDark":"#00294f","angle":359.1,"snapDist":9,"label":0}},{"type":"Feature","geometry":{"type":"Point","coordinates":[17.046234,51.076965]},"properties":{"name":"Świeradowska","lines":"136, 143, 145, 903, K, 255","arr":["136","143","145","903","K","255"],"terminus":0,"mode":"bus","color":"#0059a9","colorDark":"#00294f","angle":1.7,"snapDist":9,"label":1}},{"type":"Feature","geometry":{"type":"Point","coordinates":[17.039773,51.077081]},"properties":{"name":"GAJ","lines":"136, 143, 145, 903, K, 255","arr":["136","143","145","903","K","255"],"terminus":0,"mode":"bus","color":"#0059a9","colorDark":"#00294f","angle":1.1,"snapDist":8,"label":1}},{"type":"Feature","geometry":{"type":"Point","coordinates":[17.034073,51.083341]},"properties":{"name":"ROD Bajki","lines":"136","arr":["136"],"terminus":0,"mode":"bus","color":"#0059a9","colorDark":"#00294f","angle":0.4,"snapDist":9,"label":0}},{"type":"Feature","geometry":{"type":"Point","coordinates":[17.029958,51.083489]},"properties":{"name":"Spiska (Ośrodek sportu)","lines":"136","arr":["136"],"terminus":0,"mode":"bus","color":"#0059a9","colorDark":"#00294f","angle":7.5,"snapDist":8,"label":1}},{"type":"Feature","geometry":{"type":"Point","coordinates":[17.000141,51.089706]},"properties":{"name":"Mielecka","lines":"136, 257","arr":["136","257"],"terminus":0,"mode":"bus","color":"#0059a9","colorDark":"#00294f","angle":8.3,"snapDist":8,"label":1}},{"type":"Feature","geometry":{"type":"Point","coordinates":[16.992266,51.090583]},"properties":{"name":"Ojca Beyzyma","lines":"136, 152, 257","arr":["136","152","257"],"terminus":0,"mode":"bus","color":"#0059a9","colorDark":"#00294f","angle":11.3,"snapDist":7,"label":1}},{"type":"Feature","geometry":{"type":"Point","coordinates":[16.96865,51.13744]},"properties":{"name":"KOZANÓW","lines":"136, 246","arr":["136","246"],"terminus":1,"mode":"bus","color":"#0059a9","colorDark":"#00294f","angle":180.5,"snapDist":14,"label":0}},{"type":"Feature","geometry":{"type":"Point","coordinates":[16.986582,51.091352]},"properties":{"name":"Aleja Pracy","lines":"136, 152, 257","arr":["136","152","257"],"terminus":0,"mode":"bus","color":"#0059a9","colorDark":"#00294f","angle":193.3,"snapDist":8,"label":0}},{"type":"Feature","geometry":{"type":"Point","coordinates":[16.992177,51.090423]},"properties":{"name":"Ojca Beyzyma","lines":"136, 152, 257","arr":["136","152","257"],"terminus":0,"mode":"bus","color":"#0059a9","colorDark":"#00294f","angle":198.3,"snapDist":10,"label":0}},{"type":"Feature","geometry":{"type":"Point","coordinates":[16.999706,51.089593]},"properties":{"name":"Mielecka","lines":"136, 257","arr":["136","257"],"terminus":0,"mode":"bus","color":"#0059a9","colorDark":"#00294f","angle":188.2,"snapDist":8,"label":0}},{"type":"Feature","geometry":{"type":"Point","coordinates":[17.02644,51.083627]},"properties":{"name":"Wiśniowa","lines":"136","arr":["136"],"terminus":0,"mode":"bus","color":"#0059a9","colorDark":"#00294f","angle":190.9,"snapDist":9,"label":0}},{"type":"Feature","geometry":{"type":"Point","coordinates":[17.031119,51.083223]},"properties":{"name":"Spiska (Ośrodek sportu)","lines":"136","arr":["136"],"terminus":0,"mode":"bus","color":"#0059a9","colorDark":"#00294f","angle":186,"snapDist":9,"label":0}},{"type":"Feature","geometry":{"type":"Point","coordinates":[17.041936,51.077062]},"properties":{"name":"GAJ","lines":"136, 143, 145, 903, K, 255","arr":["136","143","145","903","K","255"],"terminus":0,"mode":"bus","color":"#0059a9","colorDark":"#00294f","angle":180.9,"snapDist":18,"label":0}},{"type":"Feature","geometry":{"type":"Point","coordinates":[17.048012,51.076924]},"properties":{"name":"Świeradowska","lines":"136, 143, 145, 903, K, 255","arr":["136","143","145","903","K","255"],"terminus":0,"mode":"bus","color":"#0059a9","colorDark":"#00294f","angle":185.9,"snapDist":9,"label":0}},{"type":"Feature","geometry":{"type":"Point","coordinates":[16.833592,51.176044]},"properties":{"name":"LAS MOKRZAŃSKI","lines":"137, 937","arr":["137","937"],"terminus":1,"mode":"bus","color":"#0059a9","colorDark":"#00294f","angle":-17.8,"snapDist":7,"label":1}},{"type":"Feature","geometry":{"type":"Point","coordinates":[16.837399,51.171596]},"properties":{"name":"Mokra","lines":"137, 937","arr":["137","937"],"terminus":0,"mode":"bus","color":"#0059a9","colorDark":"#00294f","angle":219.8,"snapDist":5,"label":1}},{"type":"Feature","geometry":{"type":"Point","coordinates":[16.853285,51.158936]},"properties":{"name":"Grzybowa","lines":"137, 937","arr":["137","937"],"terminus":0,"mode":"bus","color":"#0059a9","colorDark":"#00294f","angle":238.4,"snapDist":6,"label":1}},{"type":"Feature","geometry":{"type":"Point","coordinates":[16.85905,51.155057]},"properties":{"name":"Dolnobrzeska","lines":"137, 937","arr":["137","937"],"terminus":0,"mode":"bus","color":"#0059a9","colorDark":"#00294f","angle":194.6,"snapDist":5,"label":1}},{"type":"Feature","geometry":{"type":"Point","coordinates":[16.864752,51.151748]},"properties":{"name":"Owczarska","lines":"137, 937","arr":["137","937"],"terminus":0,"mode":"bus","color":"#0059a9","colorDark":"#00294f","angle":231.8,"snapDist":6,"label":1}},{"type":"Feature","geometry":{"type":"Point","coordinates":[16.866713,51.149444]},"properties":{"name":"Brzezińska","lines":"137, 937","arr":["137","937"],"terminus":0,"mode":"bus","color":"#0059a9","colorDark":"#00294f","angle":261,"snapDist":5,"label":1}},{"type":"Feature","geometry":{"type":"Point","coordinates":[16.867366,51.146495]},"properties":{"name":"Eluarda","lines":"137, 138, 937, 948, 958","arr":["137","138","937","948","958"],"terminus":0,"mode":"bus","color":"#0059a9","colorDark":"#00294f","angle":277.2,"snapDist":5,"label":0}},{"type":"Feature","geometry":{"type":"Point","coordinates":[16.871745,51.144845]},"properties":{"name":"LEŚNICA","lines":"137, 937, 958","arr":["137","937","958"],"terminus":1,"mode":"bus","color":"#0059a9","colorDark":"#00294f","angle":142.6,"snapDist":8,"label":0}},{"type":"Feature","geometry":{"type":"Point","coordinates":[16.866665,51.149646]},"properties":{"name":"Brzezińska","lines":"137, 937","arr":["137","937"],"terminus":0,"mode":"bus","color":"#0059a9","colorDark":"#00294f","angle":82,"snapDist":4,"label":0}},{"type":"Feature","geometry":{"type":"Point","coordinates":[16.863516,51.152736]},"properties":{"name":"Owczarska","lines":"137, 937","arr":["137","937"],"terminus":0,"mode":"bus","color":"#0059a9","colorDark":"#00294f","angle":51.7,"snapDist":4,"label":0}},{"type":"Feature","geometry":{"type":"Point","coordinates":[16.859397,51.154987]},"properties":{"name":"Dolnobrzeska","lines":"137, 937","arr":["137","937"],"terminus":0,"mode":"bus","color":"#0059a9","colorDark":"#00294f","angle":19.9,"snapDist":4,"label":0}},{"type":"Feature","geometry":{"type":"Point","coordinates":[16.853081,51.159146]},"properties":{"name":"Grzybowa","lines":"137, 937","arr":["137","937"],"terminus":0,"mode":"bus","color":"#0059a9","colorDark":"#00294f","angle":57.9,"snapDist":4,"label":0}},{"type":"Feature","geometry":{"type":"Point","coordinates":[16.837707,51.171433]},"properties":{"name":"Mokra","lines":"137, 937","arr":["137","937"],"terminus":0,"mode":"bus","color":"#0059a9","colorDark":"#00294f","angle":40.6,"snapDist":4,"label":0}},{"type":"Feature","geometry":{"type":"Point","coordinates":[16.834577,51.149781]},"properties":{"name":"ŻAR","lines":"138, 938, 948, 958","arr":["138","938","948","958"],"terminus":1,"mode":"bus","color":"#0059a9","colorDark":"#00294f","angle":197.3,"snapDist":10,"label":1}},{"type":"Feature","geometry":{"type":"Point","coordinates":[16.854604,51.149223]},"properties":{"name":"Mokrzańska","lines":"138, 948, 958","arr":["138","948","958"],"terminus":0,"mode":"bus","color":"#0059a9","colorDark":"#00294f","angle":109.3,"snapDist":5,"label":1}},{"type":"Feature","geometry":{"type":"Point","coordinates":[16.856411,51.151279]},"properties":{"name":"Krępicka","lines":"138, 948, 958","arr":["138","948","958"],"terminus":0,"mode":"bus","color":"#0059a9","colorDark":"#00294f","angle":206.8,"snapDist":6,"label":1}},{"type":"Feature","geometry":{"type":"Point","coordinates":[16.860478,51.150064]},"properties":{"name":"Krępicka - Szkoła","lines":"138, 948, 958","arr":["138","948","958"],"terminus":0,"mode":"bus","color":"#0059a9","colorDark":"#00294f","angle":199.9,"snapDist":6,"label":0}},{"type":"Feature","geometry":{"type":"Point","coordinates":[16.865674,51.147884]},"properties":{"name":"Zajazdowa","lines":"138, 948, 958","arr":["138","948","958"],"terminus":0,"mode":"bus","color":"#0059a9","colorDark":"#00294f","angle":221.1,"snapDist":7,"label":0}},{"type":"Feature","geometry":{"type":"Point","coordinates":[16.871493,51.144726]},"properties":{"name":"LEŚNICA","lines":"138, 923, 938, 948, 958","arr":["138","923","938","948","958"],"terminus":1,"mode":"bus","color":"#0059a9","colorDark":"#00294f","angle":143.3,"snapDist":7,"label":0}},{"type":"Feature","geometry":{"type":"Point","coordinates":[16.856163,51.151357]},"properties":{"name":"Krępicka","lines":"138, 938, 948, 958","arr":["138","938","948","958"],"terminus":0,"mode":"bus","color":"#0059a9","colorDark":"#00294f","angle":26.8,"snapDist":3,"label":0}},{"type":"Feature","geometry":{"type":"Point","coordinates":[16.855334,51.150496]},"properties":{"name":"Krępicka","lines":"138, 938, 948, 958","arr":["138","938","948","958"],"terminus":0,"mode":"bus","color":"#0059a9","colorDark":"#00294f","angle":288.7,"snapDist":6,"label":0}},{"type":"Feature","geometry":{"type":"Point","coordinates":[16.853108,51.147495]},"properties":{"name":"Mokrzańska","lines":"138, 938, 948, 958","arr":["138","938","948","958"],"terminus":0,"mode":"bus","color":"#0059a9","colorDark":"#00294f","angle":10.5,"snapDist":5,"label":0}},{"type":"Feature","geometry":{"type":"Point","coordinates":[16.834094,51.149877]},"properties":{"name":"ŻAR","lines":"138","arr":["138"],"terminus":1,"mode":"bus","color":"#0059a9","colorDark":"#00294f","angle":16.7,"snapDist":20,"label":0}},{"type":"Feature","geometry":{"type":"Point","coordinates":[16.843934,51.121395]},"properties":{"name":"JARNOŁTÓW","lines":"142, 249","arr":["142","249"],"terminus":1,"mode":"bus","color":"#0059a9","colorDark":"#00294f","angle":1.2,"snapDist":3,"label":1}},{"type":"Feature","geometry":{"type":"Point","coordinates":[16.850244,51.120125]},"properties":{"name":"Jarnołtowska (Samotworska)","lines":"142, 909, 249","arr":["142","909","249"],"terminus":0,"mode":"bus","color":"#0059a9","colorDark":"#00294f","angle":176.5,"snapDist":5,"label":1}},{"type":"Feature","geometry":{"type":"Point","coordinates":[16.856519,51.120281]},"properties":{"name":"Krzeptowska","lines":"142, 909, 249","arr":["142","909","249"],"terminus":0,"mode":"bus","color":"#0059a9","colorDark":"#00294f","angle":177.4,"snapDist":5,"label":1}},{"type":"Feature","geometry":{"type":"Point","coordinates":[16.863068,51.120511]},"properties":{"name":"Kośnego (Jarnołtowska)","lines":"142, 909, 249","arr":["142","909","249"],"terminus":0,"mode":"bus","color":"#0059a9","colorDark":"#00294f","angle":144.9,"snapDist":9,"label":1}},{"type":"Feature","geometry":{"type":"Point","coordinates":[16.977963,51.112481]},"properties":{"name":"Otyńska","lines":"142","arr":["142"],"terminus":0,"mode":"bus","color":"#0059a9","colorDark":"#00294f","angle":184.7,"snapDist":4,"label":1}},{"type":"Feature","geometry":{"type":"Point","coordinates":[16.98361,51.112381]},"properties":{"name":"Fabryczna","lines":"142","arr":["142"],"terminus":0,"mode":"bus","color":"#0059a9","colorDark":"#00294f","angle":184.9,"snapDist":5,"label":1}},{"type":"Feature","geometry":{"type":"Point","coordinates":[16.990519,51.11217]},"properties":{"name":"Uniwersytet DSW Ideis","lines":"142","arr":["142"],"terminus":0,"mode":"bus","color":"#0059a9","colorDark":"#00294f","angle":182.1,"snapDist":5,"label":1}},{"type":"Feature","geometry":{"type":"Point","coordinates":[16.994191,51.112623]},"properties":{"name":"Wrocławski Park Przemysłowy","lines":"142","arr":["142"],"terminus":0,"mode":"bus","color":"#0059a9","colorDark":"#00294f","angle":155.5,"snapDist":7,"label":0}},{"type":"Feature","geometry":{"type":"Point","coordinates":[17.027548,51.133102]},"properties":{"name":"most Osobowicki","lines":"142, 602, K","arr":["142","602","K"],"terminus":0,"mode":"bus","color":"#0059a9","colorDark":"#00294f","angle":185.1,"snapDist":6,"label":0}},{"type":"Feature","geometry":{"type":"Point","coordinates":[16.993799,51.112512]},"properties":{"name":"Wrocławski Park Przemysłowy","lines":"142","arr":["142"],"terminus":0,"mode":"bus","color":"#0059a9","colorDark":"#00294f","angle":336.4,"snapDist":4,"label":0}},{"type":"Feature","geometry":{"type":"Point","coordinates":[16.989919,51.112185]},"properties":{"name":"Uniwersytet DSW Ideis","lines":"142","arr":["142"],"terminus":0,"mode":"bus","color":"#0059a9","colorDark":"#00294f","angle":2.3,"snapDist":6,"label":0}},{"type":"Feature","geometry":{"type":"Point","coordinates":[16.982602,51.112433]},"properties":{"name":"Fabryczna","lines":"142","arr":["142"],"terminus":0,"mode":"bus","color":"#0059a9","colorDark":"#00294f","angle":4.4,"snapDist":7,"label":0}},{"type":"Feature","geometry":{"type":"Point","coordinates":[16.977113,51.112804]},"properties":{"name":"Otyńska","lines":"142","arr":["142"],"terminus":0,"mode":"bus","color":"#0059a9","colorDark":"#00294f","angle":94.4,"snapDist":5,"label":0}},{"type":"Feature","geometry":{"type":"Point","coordinates":[16.855831,51.120261]},"properties":{"name":"Krzeptowska","lines":"142, 909, 249","arr":["142","909","249"],"terminus":0,"mode":"bus","color":"#0059a9","colorDark":"#00294f","angle":357.3,"snapDist":4,"label":0}},{"type":"Feature","geometry":{"type":"Point","coordinates":[16.849888,51.120112]},"properties":{"name":"Jarnołtowska (Samotworska)","lines":"142, 909, 249","arr":["142","909","249"],"terminus":0,"mode":"bus","color":"#0059a9","colorDark":"#00294f","angle":356.9,"snapDist":5,"label":0}},{"type":"Feature","geometry":{"type":"Point","coordinates":[16.985054,51.077567]},"properties":{"name":"RACŁAWICKA","lines":"143, 153, 248, 251","arr":["143","153","248","251"],"terminus":0,"mode":"bus","color":"#0059a9","colorDark":"#00294f","angle":157.5,"snapDist":9,"label":0}},{"type":"Feature","geometry":{"type":"Point","coordinates":[16.992814,51.079587]},"properties":{"name":"Rymarska","lines":"143, 153, 248, 251","arr":["143","153","248","251"],"terminus":0,"mode":"bus","color":"#0059a9","colorDark":"#00294f","angle":157.1,"snapDist":5,"label":1}},{"type":"Feature","geometry":{"type":"Point","coordinates":[17.070618,51.088176]},"properties":{"name":"Armii Krajowej","lines":"143, 343","arr":["143","343"],"terminus":0,"mode":"bus","color":"#0059a9","colorDark":"#00294f","angle":137,"snapDist":6,"label":0}},{"type":"Feature","geometry":{"type":"Point","coordinates":[17.080141,51.094668]},"properties":{"name":"Międzyrzecka","lines":"143, 343","arr":["143","343"],"terminus":0,"mode":"bus","color":"#0059a9","colorDark":"#00294f","angle":130.4,"snapDist":10,"label":0}},{"type":"Feature","geometry":{"type":"Point","coordinates":[17.086558,51.099847]},"properties":{"name":"Biegasa","lines":"143, 343","arr":["143","343"],"terminus":0,"mode":"bus","color":"#0059a9","colorDark":"#00294f","angle":119.3,"snapDist":9,"label":1}},{"type":"Feature","geometry":{"type":"Point","coordinates":[17.089703,51.1045]},"properties":{"name":"Chełmońskiego","lines":"143, 145, 146, 315, 343","arr":["143","145","146","315","343"],"terminus":0,"mode":"bus","color":"#0059a9","colorDark":"#00294f","angle":108.6,"snapDist":42,"label":1}},{"type":"Feature","geometry":{"type":"Point","coordinates":[17.090482,51.1066]},"properties":{"name":"Dembowskiego (Kosiby)","lines":"143, 715","arr":["143","715"],"terminus":0,"mode":"bus","color":"#0059a9","colorDark":"#00294f","angle":94.2,"snapDist":17,"label":1}},{"type":"Feature","geometry":{"type":"Point","coordinates":[17.108751,51.109977]},"properties":{"name":"Libelta","lines":"143, 315, 343, 345, 715, 253","arr":["143","315","343","345","715","253"],"terminus":0,"mode":"bus","color":"#0059a9","colorDark":"#00294f","angle":298.8,"snapDist":6,"label":1}},{"type":"Feature","geometry":{"type":"Point","coordinates":[17.11056,51.105717]},"properties":{"name":"Bacciarellego","lines":"143, 145, 253, 255","arr":["143","145","253","255"],"terminus":0,"mode":"bus","color":"#0059a9","colorDark":"#00294f","angle":208.2,"snapDist":10,"label":1}},{"type":"Feature","geometry":{"type":"Point","coordinates":[17.116502,51.102176]},"properties":{"name":"BARTOSZOWICE","lines":"143","arr":["143"],"terminus":1,"mode":"bus","color":"#0059a9","colorDark":"#00294f","angle":142.6,"snapDist":14,"label":1}},{"type":"Feature","geometry":{"type":"Point","coordinates":[17.115522,51.102699]},"properties":{"name":"BARTOSZOWICE","lines":"143, 145, 146, 345, 253, 255","arr":["143","145","146","345","253","255"],"terminus":1,"mode":"bus","color":"#0059a9","colorDark":"#00294f","angle":51.7,"snapDist":4,"label":0}},{"type":"Feature","geometry":{"type":"Point","coordinates":[17.111595,51.10537]},"properties":{"name":"Bacciarellego","lines":"143, 145, 146, 345, 253, 255","arr":["143","145","146","345","253","255"],"terminus":0,"mode":"bus","color":"#0059a9","colorDark":"#00294f","angle":27.3,"snapDist":9,"label":0}},{"type":"Feature","geometry":{"type":"Point","coordinates":[17.108344,51.109484]},"properties":{"name":"Libelta","lines":"143, 315, 343, 253","arr":["143","315","343","253"],"terminus":0,"mode":"bus","color":"#0059a9","colorDark":"#00294f","angle":117.9,"snapDist":6,"label":0}},{"type":"Feature","geometry":{"type":"Point","coordinates":[17.090749,51.113065]},"properties":{"name":"8 Maja","lines":"143","arr":["143"],"terminus":0,"mode":"bus","color":"#0059a9","colorDark":"#00294f","angle":265,"snapDist":20,"label":0}},{"type":"Feature","geometry":{"type":"Point","coordinates":[17.090353,51.105837]},"properties":{"name":"Dembowskiego (Kosiby)","lines":"143, 145, 146, 315, 343","arr":["143","145","146","315","343"],"terminus":0,"mode":"bus","color":"#0059a9","colorDark":"#00294f","angle":100.5,"snapDist":10,"label":0}},{"type":"Feature","geometry":{"type":"Point","coordinates":[17.089304,51.103743]},"properties":{"name":"Chełmońskiego","lines":"143, 343","arr":["143","343"],"terminus":0,"mode":"bus","color":"#0059a9","colorDark":"#00294f","angle":286.5,"snapDist":7,"label":0}},{"type":"Feature","geometry":{"type":"Point","coordinates":[17.086487,51.099768]},"properties":{"name":"Biegasa","lines":"143, 343","arr":["143","343"],"terminus":0,"mode":"bus","color":"#0059a9","colorDark":"#00294f","angle":299.3,"snapDist":8,"label":0}},{"type":"Feature","geometry":{"type":"Point","coordinates":[17.080097,51.094635]},"properties":{"name":"Międzyrzecka","lines":"143, 343","arr":["143","343"],"terminus":0,"mode":"bus","color":"#0059a9","colorDark":"#00294f","angle":310.4,"snapDist":3,"label":0}},{"type":"Feature","geometry":{"type":"Point","coordinates":[16.991337,51.079202]},"properties":{"name":"Rymarska","lines":"143, 153, 248, 251","arr":["143","153","248","251"],"terminus":0,"mode":"bus","color":"#0059a9","colorDark":"#00294f","angle":337.6,"snapDist":15,"label":0}},{"type":"Feature","geometry":{"type":"Point","coordinates":[16.98399,51.077299]},"properties":{"name":"RACŁAWICKA","lines":"143, 153, A, 251","arr":["143","153","A","251"],"terminus":0,"mode":"bus","color":"#0059a9","colorDark":"#00294f","angle":341.2,"snapDist":11,"label":0}},{"type":"Feature","geometry":{"type":"Point","coordinates":[16.967254,51.076606]},"properties":{"name":"Wiejska","lines":"143","arr":["143"],"terminus":0,"mode":"bus","color":"#0059a9","colorDark":"#00294f","angle":13.4,"snapDist":1,"label":1}},{"type":"Feature","geometry":{"type":"Point","coordinates":[17.014845,51.078169]},"properties":{"name":"Skierniewicka","lines":"144","arr":["144"],"terminus":0,"mode":"bus","color":"#0059a9","colorDark":"#00294f","angle":108.5,"snapDist":6,"label":1}},{"type":"Feature","geometry":{"type":"Point","coordinates":[17.016496,51.081311]},"properties":{"name":"Jarzębinowa","lines":"144","arr":["144"],"terminus":0,"mode":"bus","color":"#0059a9","colorDark":"#00294f","angle":108.8,"snapDist":5,"label":1}},{"type":"Feature","geometry":{"type":"Point","coordinates":[17.015666,51.097037]},"properties":{"name":"Zaporoska","lines":"144, 241","arr":["144","241"],"terminus":0,"mode":"bus","color":"#0059a9","colorDark":"#00294f","angle":189.8,"snapDist":9,"label":0}},{"type":"Feature","geometry":{"type":"Point","coordinates":[17.020127,51.098155]},"properties":{"name":"Zielińskiego","lines":"144, 241","arr":["144","241"],"terminus":0,"mode":"bus","color":"#0059a9","colorDark":"#00294f","angle":130.6,"snapDist":9,"label":1}},{"type":"Feature","geometry":{"type":"Point","coordinates":[17.022599,51.112345]},"properties":{"name":"PL. JANA PAWŁA II","lines":"144, 240","arr":["144","240"],"terminus":0,"mode":"bus","color":"#0059a9","colorDark":"#00294f","angle":130.3,"snapDist":19,"label":0}},{"type":"Feature","geometry":{"type":"Point","coordinates":[17.035251,51.120273]},"properties":{"name":"Paulińska","lines":"144, 240, 247, 248","arr":["144","240","247","248"],"terminus":0,"mode":"bus","color":"#0059a9","colorDark":"#00294f","angle":81.7,"snapDist":12,"label":1}},{"type":"Feature","geometry":{"type":"Point","coordinates":[17.034407,51.124067]},"properties":{"name":"DWORZEC NADODRZE","lines":"144, 247, 248","arr":["144","247","248"],"terminus":0,"mode":"bus","color":"#0059a9","colorDark":"#00294f","angle":82.3,"snapDist":1,"label":0}},{"type":"Feature","geometry":{"type":"Point","coordinates":[17.034406,51.124071]},"properties":{"name":"DWORZEC NADODRZE","lines":"144, 247, 248","arr":["144","247","248"],"terminus":0,"mode":"bus","color":"#0059a9","colorDark":"#00294f","angle":262.3,"snapDist":4,"label":0}},{"type":"Feature","geometry":{"type":"Point","coordinates":[17.035095,51.12097]},"properties":{"name":"Paulińska","lines":"144, 247, 248, 250","arr":["144","247","248","250"],"terminus":0,"mode":"bus","color":"#0059a9","colorDark":"#00294f","angle":262,"snapDist":0,"label":0}},{"type":"Feature","geometry":{"type":"Point","coordinates":[17.02475,51.116394]},"properties":{"name":"Kępa Mieszczańska","lines":"144, 250","arr":["144","250"],"terminus":0,"mode":"bus","color":"#0059a9","colorDark":"#00294f","angle":258.1,"snapDist":16,"label":0}},{"type":"Feature","geometry":{"type":"Point","coordinates":[17.022142,51.112187]},"properties":{"name":"PL. JANA PAWŁA II","lines":"144, 250","arr":["144","250"],"terminus":0,"mode":"bus","color":"#0059a9","colorDark":"#00294f","angle":133.5,"snapDist":8,"label":0}},{"type":"Feature","geometry":{"type":"Point","coordinates":[17.020584,51.098479]},"properties":{"name":"Zielińskiego","lines":"144, 241","arr":["144","241"],"terminus":0,"mode":"bus","color":"#0059a9","colorDark":"#00294f","angle":311.3,"snapDist":7,"label":0}},{"type":"Feature","geometry":{"type":"Point","coordinates":[17.018162,51.084414]},"properties":{"name":"Sudecka","lines":"144","arr":["144"],"terminus":0,"mode":"bus","color":"#0059a9","colorDark":"#00294f","angle":288.5,"snapDist":7,"label":0}},{"type":"Feature","geometry":{"type":"Point","coordinates":[17.016814,51.0819]},"properties":{"name":"Jarzębinowa","lines":"144","arr":["144"],"terminus":0,"mode":"bus","color":"#0059a9","colorDark":"#00294f","angle":288.7,"snapDist":8,"label":0}},{"type":"Feature","geometry":{"type":"Point","coordinates":[17.014554,51.077631]},"properties":{"name":"Skierniewicka","lines":"144","arr":["144"],"terminus":0,"mode":"bus","color":"#0059a9","colorDark":"#00294f","angle":289.3,"snapDist":7,"label":0}},{"type":"Feature","geometry":{"type":"Point","coordinates":[17.116017,51.102521]},"properties":{"name":"BARTOSZOWICE","lines":"145, 253, 255","arr":["145","253","255"],"terminus":1,"mode":"bus","color":"#0059a9","colorDark":"#00294f","angle":49.2,"snapDist":5,"label":0}},{"type":"Feature","geometry":{"type":"Point","coordinates":[17.104452,51.10651]},"properties":{"name":"Monte Cassino","lines":"145, 146, 315, 343, 715","arr":["145","146","315","343","715"],"terminus":0,"mode":"bus","color":"#0059a9","colorDark":"#00294f","angle":358.5,"snapDist":5,"label":1}},{"type":"Feature","geometry":{"type":"Point","coordinates":[17.098468,51.106391]},"properties":{"name":"Okrzei","lines":"145, 146, 315, 343, 715","arr":["145","146","315","343","715"],"terminus":0,"mode":"bus","color":"#0059a9","colorDark":"#00294f","angle":356.1,"snapDist":4,"label":1}},{"type":"Feature","geometry":{"type":"Point","coordinates":[17.092075,51.106267]},"properties":{"name":"Partyzantów","lines":"145, 146, 315, 343, 715","arr":["145","146","315","343","715"],"terminus":0,"mode":"bus","color":"#0059a9","colorDark":"#00294f","angle":358.8,"snapDist":5,"label":1}},{"type":"Feature","geometry":{"type":"Point","coordinates":[17.083866,51.104206]},"properties":{"name":"Tramwajowa","lines":"145, 146, 315, 345, 253, 255","arr":["145","146","315","345","253","255"],"terminus":0,"mode":"bus","color":"#0059a9","colorDark":"#00294f","angle":4.8,"snapDist":9,"label":1}},{"type":"Feature","geometry":{"type":"Point","coordinates":[17.072608,51.107354]},"properties":{"name":"Hala Stulecia","lines":"145, 146, 315, 345, 253, 255","arr":["145","146","315","345","253","255"],"terminus":0,"mode":"bus","color":"#0059a9","colorDark":"#00294f","angle":29.2,"snapDist":9,"label":1}},{"type":"Feature","geometry":{"type":"Point","coordinates":[17.060005,51.11138]},"properties":{"name":"PL. GRUNWALDZKI","lines":"145, 146, 149, 240","arr":["145","146","149","240"],"terminus":0,"mode":"bus","color":"#0059a9","colorDark":"#00294f","angle":336.2,"snapDist":8,"label":0}},{"type":"Feature","geometry":{"type":"Point","coordinates":[17.055413,51.110165]},"properties":{"name":"most Grunwaldzki","lines":"145, 146, 149, D, 240, 241","arr":["145","146","149","D","240","241"],"terminus":0,"mode":"bus","color":"#0059a9","colorDark":"#00294f","angle":339.5,"snapDist":6,"label":1}},{"type":"Feature","geometry":{"type":"Point","coordinates":[17.045707,51.107769]},"properties":{"name":"Poczta Główna","lines":"145, 146, 149, 914, 924, A, D, N, 241, 246, 253, 255","arr":["145","146","149","914","924","A","D","N","241","246","253","255"],"terminus":0,"mode":"bus","color":"#0059a9","colorDark":"#00294f","angle":333.3,"snapDist":11,"label":1}},{"type":"Feature","geometry":{"type":"Point","coordinates":[17.040055,51.101219]},"properties":{"name":"DWORZEC GŁÓWNY (Dworcowa)","lines":"145, 146, 149, A","arr":["145","146","149","A"],"terminus":0,"mode":"bus","color":"#0059a9","colorDark":"#00294f","angle":199,"snapDist":8,"label":0}},{"type":"Feature","geometry":{"type":"Point","coordinates":[17.042211,51.103413]},"properties":{"name":"skwer Krasińskiego","lines":"145, 146, 149, A","arr":["145","146","149","A"],"terminus":0,"mode":"bus","color":"#0059a9","colorDark":"#00294f","angle":47.9,"snapDist":5,"label":0}},{"type":"Feature","geometry":{"type":"Point","coordinates":[17.043237,51.105882]},"properties":{"name":"Krasińskiego","lines":"145, 146, 149, A","arr":["145","146","149","A"],"terminus":0,"mode":"bus","color":"#0059a9","colorDark":"#00294f","angle":109.7,"snapDist":8,"label":1}},{"type":"Feature","geometry":{"type":"Point","coordinates":[17.050153,51.108588]},"properties":{"name":"Urząd Wojewódzki (Impart)","lines":"145, 146, 149, D, 241, 250","arr":["145","146","149","D","241","250"],"terminus":0,"mode":"bus","color":"#0059a9","colorDark":"#00294f","angle":151.5,"snapDist":9,"label":1}},{"type":"Feature","geometry":{"type":"Point","coordinates":[17.05547,51.110178]},"properties":{"name":"most Grunwaldzki","lines":"145, 146, 149, D, 241, 250","arr":["145","146","149","D","241","250"],"terminus":0,"mode":"bus","color":"#0059a9","colorDark":"#00294f","angle":159.5,"snapDist":5,"label":0}},{"type":"Feature","geometry":{"type":"Point","coordinates":[17.072968,51.107134]},"properties":{"name":"Hala Stulecia","lines":"145, 146, 315, 253, 255","arr":["145","146","315","253","255"],"terminus":0,"mode":"bus","color":"#0059a9","colorDark":"#00294f","angle":243.5,"snapDist":14,"label":0}},{"type":"Feature","geometry":{"type":"Point","coordinates":[17.083129,51.104281]},"properties":{"name":"Tramwajowa","lines":"145, 146, 315, 253, 255","arr":["145","146","315","253","255"],"terminus":0,"mode":"bus","color":"#0059a9","colorDark":"#00294f","angle":192.3,"snapDist":7,"label":0}},{"type":"Feature","geometry":{"type":"Point","coordinates":[17.093989,51.106301]},"properties":{"name":"Partyzantów","lines":"145, 146, 315, 343","arr":["145","146","315","343"],"terminus":0,"mode":"bus","color":"#0059a9","colorDark":"#00294f","angle":176.8,"snapDist":4,"label":0}},{"type":"Feature","geometry":{"type":"Point","coordinates":[17.099251,51.106407]},"properties":{"name":"Okrzei","lines":"145, 146, 315, 343","arr":["145","146","315","343"],"terminus":0,"mode":"bus","color":"#0059a9","colorDark":"#00294f","angle":178.6,"snapDist":6,"label":0}},{"type":"Feature","geometry":{"type":"Point","coordinates":[17.105155,51.106524]},"properties":{"name":"Monte Cassino","lines":"145, 146, 315, 343","arr":["145","146","315","343"],"terminus":0,"mode":"bus","color":"#0059a9","colorDark":"#00294f","angle":177.3,"snapDist":6,"label":0}},{"type":"Feature","geometry":{"type":"Point","coordinates":[17.103096,51.101923]},"properties":{"name":"Spółdzielcza","lines":"146, 345, 253","arr":["146","345","253"],"terminus":1,"mode":"bus","color":"#0059a9","colorDark":"#00294f","angle":195.2,"snapDist":1,"label":1}},{"type":"Feature","geometry":{"type":"Point","coordinates":[17.108805,51.101051]},"properties":{"name":"BISKUPIN","lines":"146, 345, 253","arr":["146","345","253"],"terminus":0,"mode":"bus","color":"#0059a9","colorDark":"#00294f","angle":190.4,"snapDist":7,"label":1}},{"type":"Feature","geometry":{"type":"Point","coordinates":[17.105121,51.105672]},"properties":{"name":"Monte Cassino","lines":"146, 345, 255","arr":["146","345","255"],"terminus":0,"mode":"bus","color":"#0059a9","colorDark":"#00294f","angle":297.5,"snapDist":6,"label":0}},{"type":"Feature","geometry":{"type":"Point","coordinates":[17.102501,51.102635]},"properties":{"name":"Spółdzielcza","lines":"146, 345, 255","arr":["146","345","255"],"terminus":0,"mode":"bus","color":"#0059a9","colorDark":"#00294f","angle":298.4,"snapDist":6,"label":0}},{"type":"Feature","geometry":{"type":"Point","coordinates":[17.104509,51.153708]},"properties":{"name":"ROD Pod Dębem","lines":"147, 747","arr":["147","747"],"terminus":1,"mode":"bus","color":"#0059a9","colorDark":"#00294f","angle":265.3,"snapDist":4,"label":1}},{"type":"Feature","geometry":{"type":"Point","coordinates":[17.108628,51.150727]},"properties":{"name":"ROD Źródło Zdrowia","lines":"147","arr":["147"],"terminus":0,"mode":"bus","color":"#0059a9","colorDark":"#00294f","angle":216.2,"snapDist":6,"label":1}},{"type":"Feature","geometry":{"type":"Point","coordinates":[17.1111,51.149545]},"properties":{"name":"Piwnika-Ponurego","lines":"147","arr":["147"],"terminus":0,"mode":"bus","color":"#0059a9","colorDark":"#00294f","angle":217,"snapDist":5,"label":1}},{"type":"Feature","geometry":{"type":"Point","coordinates":[17.115781,51.150765]},"properties":{"name":"Zakrzowska","lines":"147","arr":["147"],"terminus":0,"mode":"bus","color":"#0059a9","colorDark":"#00294f","angle":121.6,"snapDist":5,"label":0}},{"type":"Feature","geometry":{"type":"Point","coordinates":[17.113761,51.145863]},"properties":{"name":"Psie Pole (Gorlicka)","lines":"147, 944","arr":["147","944"],"terminus":0,"mode":"bus","color":"#0059a9","colorDark":"#00294f","angle":229,"snapDist":4,"label":1}},{"type":"Feature","geometry":{"type":"Point","coordinates":[17.115612,51.150582]},"properties":{"name":"Zakrzowska","lines":"147","arr":["147"],"terminus":0,"mode":"bus","color":"#0059a9","colorDark":"#00294f","angle":296.3,"snapDist":6,"label":0}},{"type":"Feature","geometry":{"type":"Point","coordinates":[17.109791,51.150168]},"properties":{"name":"Piwnika-Ponurego","lines":"147","arr":["147"],"terminus":0,"mode":"bus","color":"#0059a9","colorDark":"#00294f","angle":37.4,"snapDist":6,"label":0}},{"type":"Feature","geometry":{"type":"Point","coordinates":[17.107676,51.151175]},"properties":{"name":"ROD Źródło Zdrowia","lines":"147","arr":["147"],"terminus":0,"mode":"bus","color":"#0059a9","colorDark":"#00294f","angle":38.2,"snapDist":3,"label":0}},{"type":"Feature","geometry":{"type":"Point","coordinates":[17.104586,51.154342]},"properties":{"name":"ROD Pod Dębem","lines":"147, 747","arr":["147","747"],"terminus":1,"mode":"bus","color":"#0059a9","colorDark":"#00294f","angle":102.2,"snapDist":6,"label":0}},{"type":"Feature","geometry":{"type":"Point","coordinates":[16.881864,51.144917]},"properties":{"name":"Wschowska","lines":"148, 253","arr":["148","253"],"terminus":0,"mode":"bus","color":"#0059a9","colorDark":"#00294f","angle":191.3,"snapDist":6,"label":1}},{"type":"Feature","geometry":{"type":"Point","coordinates":[16.889109,51.143264]},"properties":{"name":"Złotnicka","lines":"148, 253","arr":["148","253"],"terminus":0,"mode":"bus","color":"#0059a9","colorDark":"#00294f","angle":289.5,"snapDist":6,"label":1}},{"type":"Feature","geometry":{"type":"Point","coordinates":[16.886964,51.141118]},"properties":{"name":"Wielkopolska","lines":"148, 253","arr":["148","253"],"terminus":0,"mode":"bus","color":"#0059a9","colorDark":"#00294f","angle":307.5,"snapDist":5,"label":1}},{"type":"Feature","geometry":{"type":"Point","coordinates":[16.893431,51.138983]},"properties":{"name":"Złotniki","lines":"148, 253","arr":["148","253"],"terminus":0,"mode":"bus","color":"#0059a9","colorDark":"#00294f","angle":202.7,"snapDist":6,"label":1}},{"type":"Feature","geometry":{"type":"Point","coordinates":[16.898917,51.137504]},"properties":{"name":"Małopolska (Ośrodek dla niewidomych)","lines":"148, 253","arr":["148","253"],"terminus":0,"mode":"bus","color":"#0059a9","colorDark":"#00294f","angle":202.9,"snapDist":6,"label":1}},{"type":"Feature","geometry":{"type":"Point","coordinates":[17.029546,51.102073]},"properties":{"name":"Arkady (Capitol)","lines":"148, 602, A, D, N, 243, 246, 250, 251, 253","arr":["148","602","A","D","N","243","246","250","251","253"],"terminus":0,"mode":"bus","color":"#0059a9","colorDark":"#00294f","angle":288.7,"snapDist":6,"label":1}},{"type":"Feature","geometry":{"type":"Point","coordinates":[17.057044,51.053455]},"properties":{"name":"JAGODNO (P+R)","lines":"148","arr":["148"],"terminus":1,"mode":"bus","color":"#0059a9","colorDark":"#00294f","angle":164.6,"snapDist":1,"label":0}},{"type":"Feature","geometry":{"type":"Point","coordinates":[16.90117,51.136919]},"properties":{"name":"Halicka","lines":"148, 253","arr":["148","253"],"terminus":0,"mode":"bus","color":"#0059a9","colorDark":"#00294f","angle":26.4,"snapDist":7,"label":0}},{"type":"Feature","geometry":{"type":"Point","coordinates":[16.897686,51.137831]},"properties":{"name":"Małopolska (Ośrodek dla niewidomych)","lines":"148, 253","arr":["148","253"],"terminus":0,"mode":"bus","color":"#0059a9","colorDark":"#00294f","angle":23.2,"snapDist":5,"label":0}},{"type":"Feature","geometry":{"type":"Point","coordinates":[16.891644,51.139471]},"properties":{"name":"Złotniki","lines":"148, 253","arr":["148","253"],"terminus":0,"mode":"bus","color":"#0059a9","colorDark":"#00294f","angle":23.5,"snapDist":4,"label":0}},{"type":"Feature","geometry":{"type":"Point","coordinates":[16.88755,51.140557]},"properties":{"name":"Wielkopolska","lines":"148, 253","arr":["148","253"],"terminus":0,"mode":"bus","color":"#0059a9","colorDark":"#00294f","angle":22.4,"snapDist":4,"label":0}},{"type":"Feature","geometry":{"type":"Point","coordinates":[16.889298,51.143636]},"properties":{"name":"Złotnicka","lines":"148, 253","arr":["148","253"],"terminus":0,"mode":"bus","color":"#0059a9","colorDark":"#00294f","angle":108,"snapDist":4,"label":0}},{"type":"Feature","geometry":{"type":"Point","coordinates":[16.880207,51.14512]},"properties":{"name":"Wschowska","lines":"148, 253","arr":["148","253"],"terminus":0,"mode":"bus","color":"#0059a9","colorDark":"#00294f","angle":11.4,"snapDist":5,"label":0}},{"type":"Feature","geometry":{"type":"Point","coordinates":[16.950078,51.123345]},"properties":{"name":"KUŹNIKI","lines":"149","arr":["149"],"terminus":1,"mode":"bus","color":"#0059a9","colorDark":"#00294f","angle":137.9,"snapDist":6,"label":1}},{"type":"Feature","geometry":{"type":"Point","coordinates":[17.063231,51.112364]},"properties":{"name":"PL. GRUNWALDZKI","lines":"149","arr":["149"],"terminus":1,"mode":"bus","color":"#0059a9","colorDark":"#00294f","angle":155.7,"snapDist":21,"label":0}},{"type":"Feature","geometry":{"type":"Point","coordinates":[17.117363,51.148225]},"properties":{"name":"Psie Pole (Rondo Lotników Polskich)","lines":"150, 904, 914, 924, 944","arr":["150","904","914","924","944"],"terminus":0,"mode":"bus","color":"#0059a9","colorDark":"#00294f","angle":136.5,"snapDist":5,"label":1}},{"type":"Feature","geometry":{"type":"Point","coordinates":[17.119933,51.149731]},"properties":{"name":"PSIE POLE (Stacja kolejowa)","lines":"150, 904, 914, 924, 944","arr":["150","904","914","924","944"],"terminus":0,"mode":"bus","color":"#0059a9","colorDark":"#00294f","angle":137.6,"snapDist":7,"label":1}},{"type":"Feature","geometry":{"type":"Point","coordinates":[17.128212,51.151548]},"properties":{"name":"Dobroszycka","lines":"150, 904, 914, 924, 944","arr":["150","904","914","924","944"],"terminus":0,"mode":"bus","color":"#0059a9","colorDark":"#00294f","angle":165.7,"snapDist":11,"label":1}},{"type":"Feature","geometry":{"type":"Point","coordinates":[17.13074,51.151667]},"properties":{"name":"Bierutowska (Ośrodek zdrowia)","lines":"150","arr":["150"],"terminus":0,"mode":"bus","color":"#0059a9","colorDark":"#00294f","angle":162.3,"snapDist":2,"label":1}},{"type":"Feature","geometry":{"type":"Point","coordinates":[17.118859,51.149494]},"properties":{"name":"PSIE POLE (Stacja kolejowa)","lines":"150","arr":["150"],"terminus":0,"mode":"bus","color":"#0059a9","colorDark":"#00294f","angle":47.7,"snapDist":8,"label":0}},{"type":"Feature","geometry":{"type":"Point","coordinates":[17.120532,51.150613]},"properties":{"name":"PSIE POLE (Stacja kolejowa)","lines":"150","arr":["150"],"terminus":0,"mode":"bus","color":"#0059a9","colorDark":"#00294f","angle":160.7,"snapDist":4,"label":0}},{"type":"Feature","geometry":{"type":"Point","coordinates":[17.126702,51.151283]},"properties":{"name":"Dobroszycka","lines":"150, 904, 914, 924, 944","arr":["150","904","914","924","944"],"terminus":0,"mode":"bus","color":"#0059a9","colorDark":"#00294f","angle":342.4,"snapDist":7,"label":0}},{"type":"Feature","geometry":{"type":"Point","coordinates":[17.119691,51.14959]},"properties":{"name":"PSIE POLE (Stacja kolejowa)","lines":"150, 904, 914, 924, 944","arr":["150","904","914","924","944"],"terminus":0,"mode":"bus","color":"#0059a9","colorDark":"#00294f","angle":316.3,"snapDist":8,"label":0}},{"type":"Feature","geometry":{"type":"Point","coordinates":[17.116372,51.173356]},"properties":{"name":"PAWŁOWICE (Widawska)","lines":"151, 241","arr":["151","241"],"terminus":1,"mode":"bus","color":"#0059a9","colorDark":"#00294f","angle":27.6,"snapDist":8,"label":1}},{"type":"Feature","geometry":{"type":"Point","coordinates":[17.113411,51.172517]},"properties":{"name":"Przebiśniegowa","lines":"151, 931, 241","arr":["151","931","241"],"terminus":0,"mode":"bus","color":"#0059a9","colorDark":"#00294f","angle":275.6,"snapDist":5,"label":1}},{"type":"Feature","geometry":{"type":"Point","coordinates":[17.112546,51.168149]},"properties":{"name":"Pawłowicka","lines":"151, 931, 241","arr":["151","931","241"],"terminus":0,"mode":"bus","color":"#0059a9","colorDark":"#00294f","angle":312.6,"snapDist":3,"label":1}},{"type":"Feature","geometry":{"type":"Point","coordinates":[17.110031,51.166894]},"properties":{"name":"Malwowa","lines":"151, 931, 241","arr":["151","931","241"],"terminus":0,"mode":"bus","color":"#0059a9","colorDark":"#00294f","angle":319.7,"snapDist":5,"label":1}},{"type":"Feature","geometry":{"type":"Point","coordinates":[17.106368,51.165509]},"properties":{"name":"Pawłowice","lines":"151, 931, 241","arr":["151","931","241"],"terminus":0,"mode":"bus","color":"#0059a9","colorDark":"#00294f","angle":27.8,"snapDist":4,"label":1}},{"type":"Feature","geometry":{"type":"Point","coordinates":[17.105869,51.167343]},"properties":{"name":"Starodębowa","lines":"151, 931, 241","arr":["151","931","241"],"terminus":0,"mode":"bus","color":"#0059a9","colorDark":"#00294f","angle":152.2,"snapDist":5,"label":1}},{"type":"Feature","geometry":{"type":"Point","coordinates":[17.11201,51.1642]},"properties":{"name":"Azaliowa","lines":"151, 931, 241","arr":["151","931","241"],"terminus":0,"mode":"bus","color":"#0059a9","colorDark":"#00294f","angle":238.5,"snapDist":6,"label":1}},{"type":"Feature","geometry":{"type":"Point","coordinates":[17.120981,51.160192]},"properties":{"name":"Przedwiośnie (Stacja kolejowa)","lines":"151, 931, 241","arr":["151","931","241"],"terminus":0,"mode":"bus","color":"#0059a9","colorDark":"#00294f","angle":17.2,"snapDist":7,"label":0}},{"type":"Feature","geometry":{"type":"Point","coordinates":[17.111947,51.163931]},"properties":{"name":"Azaliowa","lines":"151, 931, 241","arr":["151","931","241"],"terminus":0,"mode":"bus","color":"#0059a9","colorDark":"#00294f","angle":22.3,"snapDist":5,"label":0}},{"type":"Feature","geometry":{"type":"Point","coordinates":[17.106592,51.165435]},"properties":{"name":"Pawłowice","lines":"151, 931","arr":["151","931"],"terminus":0,"mode":"bus","color":"#0059a9","colorDark":"#00294f","angle":27.8,"snapDist":0,"label":0}},{"type":"Feature","geometry":{"type":"Point","coordinates":[17.105945,51.167368]},"properties":{"name":"Starodębowa","lines":"151, 931","arr":["151","931"],"terminus":0,"mode":"bus","color":"#0059a9","colorDark":"#00294f","angle":-27.8,"snapDist":2,"label":0}},{"type":"Feature","geometry":{"type":"Point","coordinates":[17.113149,51.169611]},"properties":{"name":"Pawłowicka","lines":"151, 931, 241","arr":["151","931","241"],"terminus":0,"mode":"bus","color":"#0059a9","colorDark":"#00294f","angle":98.3,"snapDist":4,"label":0}},{"type":"Feature","geometry":{"type":"Point","coordinates":[17.113492,51.172999]},"properties":{"name":"Przebiśniegowa","lines":"151, 931, 241","arr":["151","931","241"],"terminus":0,"mode":"bus","color":"#0059a9","colorDark":"#00294f","angle":95.9,"snapDist":4,"label":0}},{"type":"Feature","geometry":{"type":"Point","coordinates":[16.989628,51.082061]},"properties":{"name":"BLACHARSKA","lines":"152","arr":["152"],"terminus":1,"mode":"bus","color":"#0059a9","colorDark":"#00294f","angle":338.4,"snapDist":5,"label":1}},{"type":"Feature","geometry":{"type":"Point","coordinates":[16.990337,51.084167]},"properties":{"name":"Ślusarska","lines":"152","arr":["152"],"terminus":0,"mode":"bus","color":"#0059a9","colorDark":"#00294f","angle":104.7,"snapDist":3,"label":1}},{"type":"Feature","geometry":{"type":"Point","coordinates":[16.992243,51.088684]},"properties":{"name":"Aleja Wędrowców","lines":"152","arr":["152"],"terminus":0,"mode":"bus","color":"#0059a9","colorDark":"#00294f","angle":104.8,"snapDist":4,"label":1}},{"type":"Feature","geometry":{"type":"Point","coordinates":[16.9549,51.129603]},"properties":{"name":"Metalowców (Ośrodek sportu)","lines":"152","arr":["152"],"terminus":0,"mode":"bus","color":"#0059a9","colorDark":"#00294f","angle":110.4,"snapDist":4,"label":1}},{"type":"Feature","geometry":{"type":"Point","coordinates":[16.956512,51.132308]},"properties":{"name":"Metalowców","lines":"152","arr":["152"],"terminus":0,"mode":"bus","color":"#0059a9","colorDark":"#00294f","angle":110.5,"snapDist":5,"label":0}},{"type":"Feature","geometry":{"type":"Point","coordinates":[16.944468,51.145069]},"properties":{"name":"Królewiecka","lines":"152","arr":["152"],"terminus":0,"mode":"bus","color":"#0059a9","colorDark":"#00294f","angle":299.9,"snapDist":12,"label":0}},{"type":"Feature","geometry":{"type":"Point","coordinates":[16.940189,51.138348]},"properties":{"name":"Tarczyński Arena (Aleja Śląska)","lines":"152","arr":["152"],"terminus":0,"mode":"bus","color":"#0059a9","colorDark":"#00294f","angle":-179.5,"snapDist":16,"label":1}},{"type":"Feature","geometry":{"type":"Point","coordinates":[16.948284,51.136789]},"properties":{"name":"PILCZYCE","lines":"152","arr":["152"],"terminus":0,"mode":"bus","color":"#0059a9","colorDark":"#00294f","angle":210.7,"snapDist":13,"label":1}},{"type":"Feature","geometry":{"type":"Point","coordinates":[16.942549,51.138294]},"properties":{"name":"Tarczyński Arena (Lotnicza)","lines":"152, 243, 253","arr":["152","243","253"],"terminus":0,"mode":"bus","color":"#0059a9","colorDark":"#00294f","angle":5.8,"snapDist":10,"label":1}},{"type":"Feature","geometry":{"type":"Point","coordinates":[16.928603,51.13905]},"properties":{"name":"Aleja Architektów","lines":"152, 243, 253","arr":["152","243","253"],"terminus":0,"mode":"bus","color":"#0059a9","colorDark":"#00294f","angle":12,"snapDist":5,"label":1}},{"type":"Feature","geometry":{"type":"Point","coordinates":[16.929471,51.138597]},"properties":{"name":"Aleja Architektów","lines":"152","arr":["152"],"terminus":0,"mode":"bus","color":"#0059a9","colorDark":"#00294f","angle":279.9,"snapDist":7,"label":0}},{"type":"Feature","geometry":{"type":"Point","coordinates":[16.928436,51.135646]},"properties":{"name":"Barskich","lines":"152","arr":["152"],"terminus":0,"mode":"bus","color":"#0059a9","colorDark":"#00294f","angle":282.3,"snapDist":4,"label":1}},{"type":"Feature","geometry":{"type":"Point","coordinates":[16.923564,51.135902]},"properties":{"name":"Brzozy","lines":"152","arr":["152"],"terminus":0,"mode":"bus","color":"#0059a9","colorDark":"#00294f","angle":11.7,"snapDist":6,"label":1}},{"type":"Feature","geometry":{"type":"Point","coordinates":[16.921312,51.137831]},"properties":{"name":"Konińska","lines":"152","arr":["152"],"terminus":0,"mode":"bus","color":"#0059a9","colorDark":"#00294f","angle":67.7,"snapDist":8,"label":1}},{"type":"Feature","geometry":{"type":"Point","coordinates":[16.920924,51.139986]},"properties":{"name":"Grabowa","lines":"152, 243, 253","arr":["152","243","253"],"terminus":0,"mode":"bus","color":"#0059a9","colorDark":"#00294f","angle":11.7,"snapDist":8,"label":1}},{"type":"Feature","geometry":{"type":"Point","coordinates":[16.914039,51.140861]},"properties":{"name":"Kosmonautów","lines":"152, 243, 253","arr":["152","243","253"],"terminus":0,"mode":"bus","color":"#0059a9","colorDark":"#00294f","angle":191.2,"snapDist":19,"label":0}},{"type":"Feature","geometry":{"type":"Point","coordinates":[16.922279,51.139799]},"properties":{"name":"Grabowa","lines":"152, 243, 253","arr":["152","243","253"],"terminus":0,"mode":"bus","color":"#0059a9","colorDark":"#00294f","angle":191.2,"snapDist":2,"label":0}},{"type":"Feature","geometry":{"type":"Point","coordinates":[16.928545,51.139058]},"properties":{"name":"Aleja Architektów","lines":"152, 243, 253","arr":["152","243","253"],"terminus":0,"mode":"bus","color":"#0059a9","colorDark":"#00294f","angle":192,"snapDist":9,"label":0}},{"type":"Feature","geometry":{"type":"Point","coordinates":[16.942653,51.138197]},"properties":{"name":"Tarczyński Arena (Lotnicza)","lines":"152, 243, 253","arr":["152","243","253"],"terminus":0,"mode":"bus","color":"#0059a9","colorDark":"#00294f","angle":185.1,"snapDist":10,"label":0}},{"type":"Feature","geometry":{"type":"Point","coordinates":[16.948131,51.136758]},"properties":{"name":"PILCZYCE","lines":"152","arr":["152"],"terminus":0,"mode":"bus","color":"#0059a9","colorDark":"#00294f","angle":212.5,"snapDist":14,"label":0}},{"type":"Feature","geometry":{"type":"Point","coordinates":[16.941824,51.143004]},"properties":{"name":"Tarczyński Arena (Aleja Śląska)","lines":"152","arr":["152"],"terminus":0,"mode":"bus","color":"#0059a9","colorDark":"#00294f","angle":113.1,"snapDist":4,"label":1}},{"type":"Feature","geometry":{"type":"Point","coordinates":[16.956461,51.132224]},"properties":{"name":"Metalowców","lines":"152","arr":["152"],"terminus":0,"mode":"bus","color":"#0059a9","colorDark":"#00294f","angle":291.1,"snapDist":7,"label":0}},{"type":"Feature","geometry":{"type":"Point","coordinates":[16.955044,51.129847]},"properties":{"name":"Metalowców (Ośrodek sportu)","lines":"152","arr":["152"],"terminus":0,"mode":"bus","color":"#0059a9","colorDark":"#00294f","angle":290.3,"snapDist":6,"label":0}},{"type":"Feature","geometry":{"type":"Point","coordinates":[16.954035,51.127158]},"properties":{"name":"KUŹNIKI (Stacja kolejowa)","lines":"152","arr":["152"],"terminus":0,"mode":"bus","color":"#0059a9","colorDark":"#00294f","angle":232.4,"snapDist":3,"label":0}},{"type":"Feature","geometry":{"type":"Point","coordinates":[16.972779,51.095781]},"properties":{"name":"Ostrowskiego","lines":"152, 241","arr":["152","241"],"terminus":0,"mode":"bus","color":"#0059a9","colorDark":"#00294f","angle":143.7,"snapDist":8,"label":0}},{"type":"Feature","geometry":{"type":"Point","coordinates":[16.991945,51.087976]},"properties":{"name":"Aleja Wędrowców","lines":"152","arr":["152"],"terminus":0,"mode":"bus","color":"#0059a9","colorDark":"#00294f","angle":284.8,"snapDist":5,"label":0}},{"type":"Feature","geometry":{"type":"Point","coordinates":[16.990584,51.084751]},"properties":{"name":"Ślusarska","lines":"152","arr":["152"],"terminus":0,"mode":"bus","color":"#0059a9","colorDark":"#00294f","angle":283.9,"snapDist":5,"label":0}},{"type":"Feature","geometry":{"type":"Point","coordinates":[17.009449,51.157405]},"properties":{"name":"Obornicka (Obwodnica)","lines":"153","arr":["153"],"terminus":0,"mode":"bus","color":"#0059a9","colorDark":"#00294f","angle":338.1,"snapDist":8,"label":0}},{"type":"Feature","geometry":{"type":"Point","coordinates":[17.006491,51.074997]},"properties":{"name":"KRZYKI","lines":"153, 251","arr":["153","251"],"terminus":1,"mode":"bus","color":"#0059a9","colorDark":"#00294f","angle":84.6,"snapDist":14,"label":0}},{"type":"Feature","geometry":{"type":"Point","coordinates":[17.128092,51.114714]},"properties":{"name":"SWOJCZYCE","lines":"315, 715","arr":["315","715"],"terminus":1,"mode":"bus","color":"#0059a9","colorDark":"#00294f","angle":7.2,"snapDist":9,"label":1}},{"type":"Feature","geometry":{"type":"Point","coordinates":[17.052853,51.137402]},"properties":{"name":"Kasprowicza","lines":"315","arr":["315"],"terminus":0,"mode":"bus","color":"#0059a9","colorDark":"#00294f","angle":40.7,"snapDist":6,"label":0}},{"type":"Feature","geometry":{"type":"Point","coordinates":[17.062423,51.112135]},"properties":{"name":"PL. GRUNWALDZKI","lines":"315, 945, 955, 259","arr":["315","945","955","259"],"terminus":1,"mode":"bus","color":"#0059a9","colorDark":"#00294f","angle":156,"snapDist":22,"label":0}},{"type":"Feature","geometry":{"type":"Point","coordinates":[17.030505,51.137615]},"properties":{"name":"Bałtycka","lines":"319","arr":["319"],"terminus":0,"mode":"bus","color":"#0059a9","colorDark":"#00294f","angle":113.3,"snapDist":8,"label":0}},{"type":"Feature","geometry":{"type":"Point","coordinates":[17.043148,51.150709]},"properties":{"name":"KAMIEŃSKIEGO (pętla)","lines":"319","arr":["319"],"terminus":1,"mode":"bus","color":"#0059a9","colorDark":"#00294f","angle":258.4,"snapDist":5,"label":1}},{"type":"Feature","geometry":{"type":"Point","coordinates":[17.031285,51.139387]},"properties":{"name":"Kamieńskiego","lines":"319","arr":["319"],"terminus":0,"mode":"bus","color":"#0059a9","colorDark":"#00294f","angle":303.1,"snapDist":9,"label":0}},{"type":"Feature","geometry":{"type":"Point","coordinates":[17.069556,51.086698]},"properties":{"name":"Armii Krajowej","lines":"343, 243","arr":["343","243"],"terminus":0,"mode":"bus","color":"#0059a9","colorDark":"#00294f","angle":227.6,"snapDist":0,"label":0}},{"type":"Feature","geometry":{"type":"Point","coordinates":[17.090192,51.116832]},"properties":{"name":"Stadion Olimpijski","lines":"345, 715, 941, 253, 259","arr":["345","715","941","253","259"],"terminus":1,"mode":"bus","color":"#0059a9","colorDark":"#00294f","angle":265.1,"snapDist":8,"label":1}},{"type":"Feature","geometry":{"type":"Point","coordinates":[17.09695,51.10295]},"properties":{"name":"Piramowicza (Kampus Biskupin)","lines":"345, 253, 255","arr":["345","253","255"],"terminus":0,"mode":"bus","color":"#0059a9","colorDark":"#00294f","angle":13.1,"snapDist":4,"label":1}},{"type":"Feature","geometry":{"type":"Point","coordinates":[17.090856,51.103714]},"properties":{"name":"Chełmońskiego","lines":"345, 253, 255","arr":["345","253","255"],"terminus":0,"mode":"bus","color":"#0059a9","colorDark":"#00294f","angle":11.3,"snapDist":5,"label":0}},{"type":"Feature","geometry":{"type":"Point","coordinates":[17.073691,51.112459]},"properties":{"name":"Witelona","lines":"345","arr":["345"],"terminus":0,"mode":"bus","color":"#0059a9","colorDark":"#00294f","angle":50.7,"snapDist":1,"label":1}},{"type":"Feature","geometry":{"type":"Point","coordinates":[17.073546,51.114393]},"properties":{"name":"Kochanowskiego","lines":"345","arr":["345"],"terminus":0,"mode":"bus","color":"#0059a9","colorDark":"#00294f","angle":106,"snapDist":3,"label":0}},{"type":"Feature","geometry":{"type":"Point","coordinates":[17.08515,51.119487]},"properties":{"name":"Moniuszki","lines":"345, 259","arr":["345","259"],"terminus":0,"mode":"bus","color":"#0059a9","colorDark":"#00294f","angle":180,"snapDist":6,"label":1}},{"type":"Feature","geometry":{"type":"Point","coordinates":[16.880629,51.017242]},"properties":{"name":"Biskupice Podg. LG Energy Solution Wr. I","lines":"602, 607","arr":["602","607"],"terminus":1,"mode":"bus","color":"#0059a9","colorDark":"#00294f","angle":196.1,"snapDist":6,"label":1}},{"type":"Feature","geometry":{"type":"Point","coordinates":[16.891019,51.023649]},"properties":{"name":"Biskupice Podg. LG Electronics","lines":"602, 607","arr":["602","607"],"terminus":0,"mode":"bus","color":"#0059a9","colorDark":"#00294f","angle":285.7,"snapDist":2,"label":1}},{"type":"Feature","geometry":{"type":"Point","coordinates":[16.888813,51.018386]},"properties":{"name":"Biskupice Podg. LG Innotek","lines":"602, 607","arr":["602","607"],"terminus":0,"mode":"bus","color":"#0059a9","colorDark":"#00294f","angle":105.8,"snapDist":1,"label":1}},{"type":"Feature","geometry":{"type":"Point","coordinates":[16.896277,51.020875]},"properties":{"name":"Biskupice Podg. DSC Poland/Top Run Poland","lines":"602, 607","arr":["602","607"],"terminus":0,"mode":"bus","color":"#0059a9","colorDark":"#00294f","angle":285.8,"snapDist":2,"label":1}},{"type":"Feature","geometry":{"type":"Point","coordinates":[17.007358,51.075744]},"properties":{"name":"KRZYKI","lines":"602, D, 247, 248","arr":["602","D","247","248"],"terminus":0,"mode":"bus","color":"#0059a9","colorDark":"#00294f","angle":91.5,"snapDist":20,"label":0}},{"type":"Feature","geometry":{"type":"Point","coordinates":[17.037407,51.107943]},"properties":{"name":"GALERIA DOMINIKAŃSKA","lines":"602, K, 245","arr":["602","K","245"],"terminus":0,"mode":"bus","color":"#0059a9","colorDark":"#00294f","angle":348.7,"snapDist":9,"label":0}},{"type":"Feature","geometry":{"type":"Point","coordinates":[17.032708,51.107369]},"properties":{"name":"Świdnicka","lines":"602, K, 243, 245, 247, 248, 253, 257","arr":["602","K","243","245","247","248","253","257"],"terminus":0,"mode":"bus","color":"#0059a9","colorDark":"#00294f","angle":13.2,"snapDist":7,"label":1}},{"type":"Feature","geometry":{"type":"Point","coordinates":[17.027091,51.111085]},"properties":{"name":"Rynek","lines":"602, K, 243, 245, 247, 248, 253, 257","arr":["602","K","243","245","247","248","253","257"],"terminus":0,"mode":"bus","color":"#0059a9","colorDark":"#00294f","angle":108.2,"snapDist":9,"label":0}},{"type":"Feature","geometry":{"type":"Point","coordinates":[17.026372,51.107857]},"properties":{"name":"Narodowe Forum Muzyki","lines":"602, 243, 247, 248, 253, 257","arr":["602","243","247","248","253","257"],"terminus":0,"mode":"bus","color":"#0059a9","colorDark":"#00294f","angle":310.8,"snapDist":7,"label":1}},{"type":"Feature","geometry":{"type":"Point","coordinates":[16.99605,51.061231]},"properties":{"name":"Partynice (tor wyścigów konnych)","lines":"602, 612","arr":["602","612"],"terminus":0,"mode":"bus","color":"#0059a9","colorDark":"#00294f","angle":326.4,"snapDist":10,"label":0}},{"type":"Feature","geometry":{"type":"Point","coordinates":[16.896204,51.020714]},"properties":{"name":"Biskupice Podg. DSC Poland/Top Run Poland","lines":"602, 607","arr":["602","607"],"terminus":0,"mode":"bus","color":"#0059a9","colorDark":"#00294f","angle":285.9,"snapDist":3,"label":0}},{"type":"Feature","geometry":{"type":"Point","coordinates":[16.888163,51.016938]},"properties":{"name":"Biskupice Podg. LG Energy Solution Wr. II","lines":"602, 607","arr":["602","607"],"terminus":0,"mode":"bus","color":"#0059a9","colorDark":"#00294f","angle":285.5,"snapDist":3,"label":1}},{"type":"Feature","geometry":{"type":"Point","coordinates":[16.89051,51.024248]},"properties":{"name":"Biskupice Podg. LG Electronics","lines":"602, 607","arr":["602","607"],"terminus":0,"mode":"bus","color":"#0059a9","colorDark":"#00294f","angle":195.8,"snapDist":1,"label":0}},{"type":"Feature","geometry":{"type":"Point","coordinates":[17.008672,51.067999]},"properties":{"name":"Hippiczna","lines":"612, 249","arr":["612","249"],"terminus":0,"mode":"bus","color":"#0059a9","colorDark":"#00294f","angle":115.4,"snapDist":14,"label":1}},{"type":"Feature","geometry":{"type":"Point","coordinates":[16.970529,51.04667]},"properties":{"name":"Bielany Wrocławskie - Makro","lines":"612","arr":["612"],"terminus":0,"mode":"bus","color":"#0059a9","colorDark":"#00294f","angle":272.3,"snapDist":11,"label":1}},{"type":"Feature","geometry":{"type":"Point","coordinates":[16.969174,51.040064]},"properties":{"name":"Bielany Wrocławskie - Kościół","lines":"612","arr":["612"],"terminus":0,"mode":"bus","color":"#0059a9","colorDark":"#00294f","angle":277.2,"snapDist":8,"label":1}},{"type":"Feature","geometry":{"type":"Point","coordinates":[16.968311,51.03736]},"properties":{"name":"Bielany Wrocławskie - Boczna","lines":"612","arr":["612"],"terminus":0,"mode":"bus","color":"#0059a9","colorDark":"#00294f","angle":-80.2,"snapDist":11,"label":1}},{"type":"Feature","geometry":{"type":"Point","coordinates":[16.967875,51.032702]},"properties":{"name":"Bielany Wrocławskie - Kwiatowa","lines":"612","arr":["612"],"terminus":0,"mode":"bus","color":"#0059a9","colorDark":"#00294f","angle":275.7,"snapDist":2,"label":1}},{"type":"Feature","geometry":{"type":"Point","coordinates":[16.968462,51.037814]},"properties":{"name":"Bielany Wrocławskie - Boczna","lines":"612","arr":["612"],"terminus":0,"mode":"bus","color":"#0059a9","colorDark":"#00294f","angle":281.9,"snapDist":6,"label":0}},{"type":"Feature","geometry":{"type":"Point","coordinates":[16.970974,51.03915]},"properties":{"name":"Bielany Wrocławskie - skrzyżowanie","lines":"612","arr":["612"],"terminus":0,"mode":"bus","color":"#0059a9","colorDark":"#00294f","angle":200,"snapDist":7,"label":1}},{"type":"Feature","geometry":{"type":"Point","coordinates":[16.977403,51.037654]},"properties":{"name":"Bielany Wrocławskie - PKP","lines":"612","arr":["612"],"terminus":0,"mode":"bus","color":"#0059a9","colorDark":"#00294f","angle":201.1,"snapDist":10,"label":1}},{"type":"Feature","geometry":{"type":"Point","coordinates":[16.984736,51.037011]},"properties":{"name":"Ślęza - skrzyżowanie","lines":"612","arr":["612"],"terminus":0,"mode":"bus","color":"#0059a9","colorDark":"#00294f","angle":147.9,"snapDist":2,"label":1}},{"type":"Feature","geometry":{"type":"Point","coordinates":[16.986817,51.039126]},"properties":{"name":"Ślęza - Dębowa","lines":"612","arr":["612"],"terminus":0,"mode":"bus","color":"#0059a9","colorDark":"#00294f","angle":126.2,"snapDist":1,"label":1}},{"type":"Feature","geometry":{"type":"Point","coordinates":[16.991199,51.042886]},"properties":{"name":"Ślęza - autostrada","lines":"612","arr":["612"],"terminus":0,"mode":"bus","color":"#0059a9","colorDark":"#00294f","angle":127.4,"snapDist":5,"label":1}},{"type":"Feature","geometry":{"type":"Point","coordinates":[17.039506,51.096781]},"properties":{"name":"SUCHA","lines":"612","arr":["612"],"terminus":1,"mode":"bus","color":"#0059a9","colorDark":"#00294f","angle":6.1,"snapDist":2,"label":1}},{"type":"Feature","geometry":{"type":"Point","coordinates":[16.991257,51.042935]},"properties":{"name":"Ślęza - autostrada","lines":"612","arr":["612"],"terminus":0,"mode":"bus","color":"#0059a9","colorDark":"#00294f","angle":306.1,"snapDist":5,"label":0}},{"type":"Feature","geometry":{"type":"Point","coordinates":[16.987072,51.039343]},"properties":{"name":"Ślęza - Szyszkowa","lines":"612","arr":["612"],"terminus":0,"mode":"bus","color":"#0059a9","colorDark":"#00294f","angle":306.9,"snapDist":1,"label":1}},{"type":"Feature","geometry":{"type":"Point","coordinates":[16.985962,51.037403]},"properties":{"name":"Ślęza - skrzyżowanie","lines":"612","arr":["612"],"terminus":0,"mode":"bus","color":"#0059a9","colorDark":"#00294f","angle":7.4,"snapDist":9,"label":0}},{"type":"Feature","geometry":{"type":"Point","coordinates":[16.975335,51.038142]},"properties":{"name":"Bielany Wrocławskie - PKP","lines":"612","arr":["612"],"terminus":0,"mode":"bus","color":"#0059a9","colorDark":"#00294f","angle":20.1,"snapDist":8,"label":0}},{"type":"Feature","geometry":{"type":"Point","coordinates":[16.971889,51.038944]},"properties":{"name":"Bielany Wrocławskie - skrzyżowanie","lines":"612","arr":["612"],"terminus":0,"mode":"bus","color":"#0059a9","colorDark":"#00294f","angle":20.3,"snapDist":8,"label":0}},{"type":"Feature","geometry":{"type":"Point","coordinates":[16.969296,51.040685]},"properties":{"name":"Bielany Wrocławskie - Kościół","lines":"612","arr":["612"],"terminus":0,"mode":"bus","color":"#0059a9","colorDark":"#00294f","angle":96.4,"snapDist":9,"label":0}},{"type":"Feature","geometry":{"type":"Point","coordinates":[16.970338,51.044531]},"properties":{"name":"Bielany Wrocławskie - Makro","lines":"612","arr":["612"],"terminus":0,"mode":"bus","color":"#0059a9","colorDark":"#00294f","angle":107.3,"snapDist":7,"label":1}},{"type":"Feature","geometry":{"type":"Point","coordinates":[17.009017,51.068459]},"properties":{"name":"Hippiczna","lines":"612, 249","arr":["612","249"],"terminus":0,"mode":"bus","color":"#0059a9","colorDark":"#00294f","angle":115.1,"snapDist":5,"label":0}},{"type":"Feature","geometry":{"type":"Point","coordinates":[17.123683,51.109368]},"properties":{"name":"Vasco da Gamy","lines":"715","arr":["715"],"terminus":0,"mode":"bus","color":"#0059a9","colorDark":"#00294f","angle":325.7,"snapDist":0,"label":1}},{"type":"Feature","geometry":{"type":"Point","coordinates":[17.119858,51.109446]},"properties":{"name":"Osiedle Olimpia Port","lines":"715","arr":["715"],"terminus":0,"mode":"bus","color":"#0059a9","colorDark":"#00294f","angle":317.3,"snapDist":2,"label":1}},{"type":"Feature","geometry":{"type":"Point","coordinates":[17.116754,51.111095]},"properties":{"name":"Marca Polo","lines":"715","arr":["715"],"terminus":0,"mode":"bus","color":"#0059a9","colorDark":"#00294f","angle":47.8,"snapDist":1,"label":1}},{"type":"Feature","geometry":{"type":"Point","coordinates":[17.090599,51.113796]},"properties":{"name":"8 Maja","lines":"715","arr":["715"],"terminus":0,"mode":"bus","color":"#0059a9","colorDark":"#00294f","angle":84.9,"snapDist":5,"label":0}},{"type":"Feature","geometry":{"type":"Point","coordinates":[17.090176,51.116964]},"properties":{"name":"Stadion Olimpijski","lines":"715, 941, 259","arr":["715","941","259"],"terminus":1,"mode":"bus","color":"#0059a9","colorDark":"#00294f","angle":85.9,"snapDist":6,"label":0}},{"type":"Feature","geometry":{"type":"Point","coordinates":[17.116637,51.111176]},"properties":{"name":"Marca Polo","lines":"715","arr":["715"],"terminus":0,"mode":"bus","color":"#0059a9","colorDark":"#00294f","angle":228.3,"snapDist":1,"label":0}},{"type":"Feature","geometry":{"type":"Point","coordinates":[17.11994,51.109493]},"properties":{"name":"Osiedle Olimpia Port","lines":"715","arr":["715"],"terminus":0,"mode":"bus","color":"#0059a9","colorDark":"#00294f","angle":137.2,"snapDist":2,"label":0}},{"type":"Feature","geometry":{"type":"Point","coordinates":[17.123788,51.109412]},"properties":{"name":"Vasco da Gamy","lines":"715","arr":["715"],"terminus":0,"mode":"bus","color":"#0059a9","colorDark":"#00294f","angle":145.7,"snapDist":0,"label":0}},{"type":"Feature","geometry":{"type":"Point","coordinates":[17.096284,51.156951]},"properties":{"name":"KŁOKOCZYCE","lines":"747","arr":["747"],"terminus":1,"mode":"bus","color":"#0059a9","colorDark":"#00294f","angle":352.3,"snapDist":1,"label":1}},{"type":"Feature","geometry":{"type":"Point","coordinates":[17.100956,51.156851]},"properties":{"name":"Białych Goździków","lines":"747","arr":["747"],"terminus":0,"mode":"bus","color":"#0059a9","colorDark":"#00294f","angle":186.1,"snapDist":5,"label":1}},{"type":"Feature","geometry":{"type":"Point","coordinates":[17.09932,51.156891]},"properties":{"name":"Białych Goździków","lines":"747","arr":["747"],"terminus":0,"mode":"bus","color":"#0059a9","colorDark":"#00294f","angle":358.4,"snapDist":4,"label":0}},{"type":"Feature","geometry":{"type":"Point","coordinates":[17.039572,50.980418]},"properties":{"name":"Żórawina - kościół Św. Trójcy","lines":"903","arr":["903"],"terminus":1,"mode":"bus","color":"#0059a9","colorDark":"#00294f","angle":22.5,"snapDist":1,"label":1}},{"type":"Feature","geometry":{"type":"Point","coordinates":[17.012111,50.98763]},"properties":{"name":"Żórawina - osiedle","lines":"903, 913","arr":["903","913"],"terminus":0,"mode":"bus","color":"#0059a9","colorDark":"#00294f","angle":3.8,"snapDist":0,"label":1}},{"type":"Feature","geometry":{"type":"Point","coordinates":[17.006431,50.999001]},"properties":{"name":"Szukalice","lines":"903, 913","arr":["903","913"],"terminus":0,"mode":"bus","color":"#0059a9","colorDark":"#00294f","angle":105.3,"snapDist":2,"label":1}},{"type":"Feature","geometry":{"type":"Point","coordinates":[17.019118,51.003231]},"properties":{"name":"Rzeplin - Al. Lipowa","lines":"903, 913","arr":["903","913"],"terminus":0,"mode":"bus","color":"#0059a9","colorDark":"#00294f","angle":181.3,"snapDist":1,"label":1}},{"type":"Feature","geometry":{"type":"Point","coordinates":[17.037671,51.006765]},"properties":{"name":"Suchy Dwór - skrzy. Mędłów","lines":"903","arr":["903"],"terminus":0,"mode":"bus","color":"#0059a9","colorDark":"#00294f","angle":84.6,"snapDist":2,"label":1}},{"type":"Feature","geometry":{"type":"Point","coordinates":[17.035903,51.019008]},"properties":{"name":"Suchy Dwór - skrzy. (Wrocławska/Główna)","lines":"903","arr":["903"],"terminus":0,"mode":"bus","color":"#0059a9","colorDark":"#00294f","angle":89.1,"snapDist":1,"label":1}},{"type":"Feature","geometry":{"type":"Point","coordinates":[17.030487,51.035247]},"properties":{"name":"Biestrzyków - Wrocławska","lines":"903","arr":["903"],"terminus":0,"mode":"bus","color":"#0059a9","colorDark":"#00294f","angle":76.4,"snapDist":3,"label":1}},{"type":"Feature","geometry":{"type":"Point","coordinates":[17.030339,51.035599]},"properties":{"name":"Biestrzyków - Wrocławska","lines":"903","arr":["903"],"terminus":0,"mode":"bus","color":"#0059a9","colorDark":"#00294f","angle":254.6,"snapDist":4,"label":0}},{"type":"Feature","geometry":{"type":"Point","coordinates":[17.035925,51.019449]},"properties":{"name":"Suchy Dwór - skrzy. (Wrocławska/Główna)","lines":"903","arr":["903"],"terminus":0,"mode":"bus","color":"#0059a9","colorDark":"#00294f","angle":271.6,"snapDist":3,"label":0}},{"type":"Feature","geometry":{"type":"Point","coordinates":[17.037522,51.007785]},"properties":{"name":"Suchy Dwór - skrzy. Mędłów","lines":"903","arr":["903"],"terminus":0,"mode":"bus","color":"#0059a9","colorDark":"#00294f","angle":265.1,"snapDist":2,"label":0}},{"type":"Feature","geometry":{"type":"Point","coordinates":[17.018795,51.003236]},"properties":{"name":"Rzeplin - Al. Lipowa","lines":"903, 913","arr":["903","913"],"terminus":0,"mode":"bus","color":"#0059a9","colorDark":"#00294f","angle":1.3,"snapDist":1,"label":0}},{"type":"Feature","geometry":{"type":"Point","coordinates":[17.006575,50.999331]},"properties":{"name":"Szukalice","lines":"903, 913","arr":["903","913"],"terminus":0,"mode":"bus","color":"#0059a9","colorDark":"#00294f","angle":287.3,"snapDist":1,"label":0}},{"type":"Feature","geometry":{"type":"Point","coordinates":[17.012689,50.987608]},"properties":{"name":"Żórawina - osiedle","lines":"903, 913","arr":["903","913"],"terminus":0,"mode":"bus","color":"#0059a9","colorDark":"#00294f","angle":183.3,"snapDist":1,"label":0}},{"type":"Feature","geometry":{"type":"Point","coordinates":[17.035515,50.981055]},"properties":{"name":"Żórawina - skrzy.","lines":"903, 913","arr":["903","913"],"terminus":0,"mode":"bus","color":"#0059a9","colorDark":"#00294f","angle":187.9,"snapDist":2,"label":1}},{"type":"Feature","geometry":{"type":"Point","coordinates":[17.040727,50.979723]},"properties":{"name":"Żórawina - Niepodległości (Mostek)","lines":"903","arr":["903"],"terminus":1,"mode":"bus","color":"#0059a9","colorDark":"#00294f","angle":306.5,"snapDist":3,"label":1}},{"type":"Feature","geometry":{"type":"Point","coordinates":[17.175334,51.232512]},"properties":{"name":"Łozina - skrzy.","lines":"904, 928, 941","arr":["904","928","941"],"terminus":1,"mode":"bus","color":"#0059a9","colorDark":"#00294f","angle":200.3,"snapDist":9,"label":1}},{"type":"Feature","geometry":{"type":"Point","coordinates":[17.177475,51.233221]},"properties":{"name":"Łozina - Milicka/poczta","lines":"904","arr":["904"],"terminus":0,"mode":"bus","color":"#0059a9","colorDark":"#00294f","angle":146.6,"snapDist":6,"label":0}},{"type":"Feature","geometry":{"type":"Point","coordinates":[17.181266,51.234788]},"properties":{"name":"Łozina - Milicka/szkoła","lines":"904","arr":["904"],"terminus":0,"mode":"bus","color":"#0059a9","colorDark":"#00294f","angle":146,"snapDist":7,"label":1}},{"type":"Feature","geometry":{"type":"Point","coordinates":[17.183733,51.235818]},"properties":{"name":"Bierzyce","lines":"904","arr":["904"],"terminus":0,"mode":"bus","color":"#0059a9","colorDark":"#00294f","angle":148.2,"snapDist":5,"label":1}},{"type":"Feature","geometry":{"type":"Point","coordinates":[17.195725,51.241187]},"properties":{"name":"Kępa - skrzy.","lines":"904","arr":["904"],"terminus":0,"mode":"bus","color":"#0059a9","colorDark":"#00294f","angle":133,"snapDist":2,"label":1}},{"type":"Feature","geometry":{"type":"Point","coordinates":[17.200683,51.240277]},"properties":{"name":"Kępa (na wys. nr 36)","lines":"904","arr":["904"],"terminus":0,"mode":"bus","color":"#0059a9","colorDark":"#00294f","angle":202.7,"snapDist":3,"label":1}},{"type":"Feature","geometry":{"type":"Point","coordinates":[17.209777,51.238465]},"properties":{"name":"Kępa","lines":"904","arr":["904"],"terminus":0,"mode":"bus","color":"#0059a9","colorDark":"#00294f","angle":193.6,"snapDist":2,"label":1}},{"type":"Feature","geometry":{"type":"Point","coordinates":[17.219849,51.235964]},"properties":{"name":"Michałowice Skrzyżowanie","lines":"904","arr":["904"],"terminus":0,"mode":"bus","color":"#0059a9","colorDark":"#00294f","angle":204.2,"snapDist":1,"label":1}},{"type":"Feature","geometry":{"type":"Point","coordinates":[17.236554,51.232792]},"properties":{"name":"Januszkowice - skrzy. Kępa","lines":"904","arr":["904"],"terminus":0,"mode":"bus","color":"#0059a9","colorDark":"#00294f","angle":97,"snapDist":12,"label":1}},{"type":"Feature","geometry":{"type":"Point","coordinates":[17.238268,51.223868]},"properties":{"name":"Januszkowice - Wierzbowa","lines":"904","arr":["904"],"terminus":0,"mode":"bus","color":"#0059a9","colorDark":"#00294f","angle":273.6,"snapDist":3,"label":1}},{"type":"Feature","geometry":{"type":"Point","coordinates":[17.238475,51.221135]},"properties":{"name":"Januszkowice - Wrocławska","lines":"904, 928","arr":["904","928"],"terminus":1,"mode":"bus","color":"#0059a9","colorDark":"#00294f","angle":339.7,"snapDist":6,"label":1}},{"type":"Feature","geometry":{"type":"Point","coordinates":[17.228709,51.216371]},"properties":{"name":"Dobroszów Oleśnicki","lines":"904, 928","arr":["904","928"],"terminus":0,"mode":"bus","color":"#0059a9","colorDark":"#00294f","angle":277.7,"snapDist":0,"label":1}},{"type":"Feature","geometry":{"type":"Point","coordinates":[17.226689,51.21263]},"properties":{"name":"Dobroszów - skrzy. Węgierska","lines":"904, 928","arr":["904","928"],"terminus":0,"mode":"bus","color":"#0059a9","colorDark":"#00294f","angle":346.7,"snapDist":3,"label":1}},{"type":"Feature","geometry":{"type":"Point","coordinates":[17.217383,51.209516]},"properties":{"name":"Dobroszów - Nowe Osiedle","lines":"904","arr":["904"],"terminus":0,"mode":"bus","color":"#0059a9","colorDark":"#00294f","angle":327.2,"snapDist":2,"label":1}},{"type":"Feature","geometry":{"type":"Point","coordinates":[17.205033,51.204457]},"properties":{"name":"Szczodre - stawy","lines":"904, 941","arr":["904","941"],"terminus":0,"mode":"bus","color":"#0059a9","colorDark":"#00294f","angle":333.9,"snapDist":5,"label":1}},{"type":"Feature","geometry":{"type":"Point","coordinates":[17.189048,51.197886]},"properties":{"name":"Szczodre - Szkoła","lines":"904, 941","arr":["904","941"],"terminus":0,"mode":"bus","color":"#0059a9","colorDark":"#00294f","angle":139.1,"snapDist":13,"label":1}},{"type":"Feature","geometry":{"type":"Point","coordinates":[17.184433,51.195268]},"properties":{"name":"Szczodre - Trzebnicka (na wys. nr 39)","lines":"904, 941","arr":["904","941"],"terminus":0,"mode":"bus","color":"#0059a9","colorDark":"#00294f","angle":330.8,"snapDist":0,"label":1}},{"type":"Feature","geometry":{"type":"Point","coordinates":[17.182854,51.194457]},"properties":{"name":"Szczodre - pętla","lines":"904, 914, 941","arr":["904","914","941"],"terminus":0,"mode":"bus","color":"#0059a9","colorDark":"#00294f","angle":236.2,"snapDist":1,"label":1}},{"type":"Feature","geometry":{"type":"Point","coordinates":[17.18442,51.189578]},"properties":{"name":"Szczodre - Trzebnicka","lines":"904, 914, 941","arr":["904","914","941"],"terminus":0,"mode":"bus","color":"#0059a9","colorDark":"#00294f","angle":256.6,"snapDist":4,"label":1}},{"type":"Feature","geometry":{"type":"Point","coordinates":[17.187027,51.184751]},"properties":{"name":"Długołęka - Parkowa skrzy. Konopnicka","lines":"904, 914, 941","arr":["904","914","941"],"terminus":0,"mode":"bus","color":"#0059a9","colorDark":"#00294f","angle":239.1,"snapDist":6,"label":1}},{"type":"Feature","geometry":{"type":"Point","coordinates":[17.190516,51.178912]},"properties":{"name":"Długołęka - Parkowa/skrzy.","lines":"904, 914, 941","arr":["904","914","941"],"terminus":0,"mode":"bus","color":"#0059a9","colorDark":"#00294f","angle":256,"snapDist":6,"label":1}},{"type":"Feature","geometry":{"type":"Point","coordinates":[17.188135,51.177624]},"properties":{"name":"Długołęka - Kasztanowa","lines":"904, 914, 924","arr":["904","914","924"],"terminus":0,"mode":"bus","color":"#0059a9","colorDark":"#00294f","angle":333.2,"snapDist":9,"label":1}},{"type":"Feature","geometry":{"type":"Point","coordinates":[17.177909,51.174688]},"properties":{"name":"Długołęka - Wiejska","lines":"904, 914, 924","arr":["904","914","924"],"terminus":0,"mode":"bus","color":"#0059a9","colorDark":"#00294f","angle":335.1,"snapDist":1,"label":1}},{"type":"Feature","geometry":{"type":"Point","coordinates":[17.164714,51.168051]},"properties":{"name":"Mirków - Jagiellońska","lines":"904, 914, 924","arr":["904","914","924"],"terminus":0,"mode":"bus","color":"#0059a9","colorDark":"#00294f","angle":311.8,"snapDist":13,"label":1}},{"type":"Feature","geometry":{"type":"Point","coordinates":[17.157203,51.163597]},"properties":{"name":"Mirków - Sportowa","lines":"904, 914, 924, 944","arr":["904","914","924","944"],"terminus":0,"mode":"bus","color":"#0059a9","colorDark":"#00294f","angle":313.7,"snapDist":10,"label":1}},{"type":"Feature","geometry":{"type":"Point","coordinates":[17.146548,51.158191]},"properties":{"name":"Bierutowska (Wiadukt)","lines":"904, 914, 924, 944","arr":["904","914","924","944"],"terminus":0,"mode":"bus","color":"#0059a9","colorDark":"#00294f","angle":331.9,"snapDist":0,"label":1}},{"type":"Feature","geometry":{"type":"Point","coordinates":[17.140029,51.15572]},"properties":{"name":"Bierutowska 75","lines":"904, 914, 924, 944","arr":["904","914","924","944"],"terminus":0,"mode":"bus","color":"#0059a9","colorDark":"#00294f","angle":323.4,"snapDist":5,"label":1}},{"type":"Feature","geometry":{"type":"Point","coordinates":[17.136817,51.154107]},"properties":{"name":"Bierutowska","lines":"904, 914, 924, 944","arr":["904","914","924","944"],"terminus":0,"mode":"bus","color":"#0059a9","colorDark":"#00294f","angle":320.4,"snapDist":6,"label":1}},{"type":"Feature","geometry":{"type":"Point","coordinates":[17.131706,51.152204]},"properties":{"name":"Bierutowska 65","lines":"904, 914, 924, 944","arr":["904","914","924","944"],"terminus":0,"mode":"bus","color":"#0059a9","colorDark":"#00294f","angle":340.9,"snapDist":0,"label":1}},{"type":"Feature","geometry":{"type":"Point","coordinates":[17.065077,51.131856]},"properties":{"name":"KROMERA","lines":"904, 930, 964","arr":["904","930","964"],"terminus":1,"mode":"bus","color":"#0059a9","colorDark":"#00294f","angle":3.7,"snapDist":41,"label":0}},{"type":"Feature","geometry":{"type":"Point","coordinates":[17.132024,51.152275]},"properties":{"name":"Bierutowska 65","lines":"904, 914, 924, 944","arr":["904","914","924","944"],"terminus":0,"mode":"bus","color":"#0059a9","colorDark":"#00294f","angle":160,"snapDist":0,"label":0}},{"type":"Feature","geometry":{"type":"Point","coordinates":[17.136295,51.153838]},"properties":{"name":"Bierutowska","lines":"904, 914, 924, 944","arr":["904","914","924","944"],"terminus":0,"mode":"bus","color":"#0059a9","colorDark":"#00294f","angle":140.8,"snapDist":7,"label":0}},{"type":"Feature","geometry":{"type":"Point","coordinates":[17.140639,51.156001]},"properties":{"name":"Bierutowska 75","lines":"904, 914, 924, 944","arr":["904","914","924","944"],"terminus":0,"mode":"bus","color":"#0059a9","colorDark":"#00294f","angle":143.7,"snapDist":5,"label":0}},{"type":"Feature","geometry":{"type":"Point","coordinates":[17.147682,51.158471]},"properties":{"name":"Bierutowska (Wiadukt)","lines":"904, 914, 924, 944","arr":["904","914","924","944"],"terminus":0,"mode":"bus","color":"#0059a9","colorDark":"#00294f","angle":154.5,"snapDist":1,"label":0}},{"type":"Feature","geometry":{"type":"Point","coordinates":[17.157194,51.163461]},"properties":{"name":"Mirków - Sportowa","lines":"904, 914, 924, 944","arr":["904","914","924","944"],"terminus":0,"mode":"bus","color":"#0059a9","colorDark":"#00294f","angle":129.1,"snapDist":9,"label":0}},{"type":"Feature","geometry":{"type":"Point","coordinates":[17.164275,51.167586]},"properties":{"name":"Mirków - Jagiellońska","lines":"904, 914, 924","arr":["904","914","924"],"terminus":0,"mode":"bus","color":"#0059a9","colorDark":"#00294f","angle":134.6,"snapDist":9,"label":0}},{"type":"Feature","geometry":{"type":"Point","coordinates":[17.179929,51.175145]},"properties":{"name":"Długołęka - Wiejska","lines":"904, 914, 924","arr":["904","914","924"],"terminus":0,"mode":"bus","color":"#0059a9","colorDark":"#00294f","angle":155.8,"snapDist":6,"label":0}},{"type":"Feature","geometry":{"type":"Point","coordinates":[17.187391,51.177312]},"properties":{"name":"Długołęka - Kasztanowa","lines":"904, 914, 924","arr":["904","914","924"],"terminus":0,"mode":"bus","color":"#0059a9","colorDark":"#00294f","angle":155.7,"snapDist":1,"label":0}},{"type":"Feature","geometry":{"type":"Point","coordinates":[17.190277,51.179493]},"properties":{"name":"Długołęka - Parkowa/skrzy.","lines":"904, 914, 941","arr":["904","914","941"],"terminus":0,"mode":"bus","color":"#0059a9","colorDark":"#00294f","angle":76.6,"snapDist":8,"label":0}},{"type":"Feature","geometry":{"type":"Point","coordinates":[17.186478,51.185326]},"properties":{"name":"Szczodre - Trzebnicka (na wys. nr 3a)","lines":"904, 914, 941","arr":["904","914","941"],"terminus":0,"mode":"bus","color":"#0059a9","colorDark":"#00294f","angle":-120.7,"snapDist":6,"label":1}},{"type":"Feature","geometry":{"type":"Point","coordinates":[17.184122,51.19035]},"properties":{"name":"Szczodre - Trzebnicka","lines":"904, 914, 941","arr":["904","914","941"],"terminus":0,"mode":"bus","color":"#0059a9","colorDark":"#00294f","angle":76.2,"snapDist":5,"label":0}},{"type":"Feature","geometry":{"type":"Point","coordinates":[17.185266,51.195571]},"properties":{"name":"Szczodre - Trzebnicka (na wys. nr 44)","lines":"904, 941","arr":["904","941"],"terminus":0,"mode":"bus","color":"#0059a9","colorDark":"#00294f","angle":149.6,"snapDist":1,"label":1}},{"type":"Feature","geometry":{"type":"Point","coordinates":[17.189555,51.198154]},"properties":{"name":"Szczodre - Szkoła","lines":"904, 941","arr":["904","941"],"terminus":0,"mode":"bus","color":"#0059a9","colorDark":"#00294f","angle":140.9,"snapDist":6,"label":0}},{"type":"Feature","geometry":{"type":"Point","coordinates":[17.205356,51.204557]},"properties":{"name":"Szczodre - stawy","lines":"904, 941","arr":["904","941"],"terminus":0,"mode":"bus","color":"#0059a9","colorDark":"#00294f","angle":153.9,"snapDist":7,"label":0}},{"type":"Feature","geometry":{"type":"Point","coordinates":[17.217721,51.209652]},"properties":{"name":"Dobroszów - Nowe Osiedle","lines":"904","arr":["904"],"terminus":0,"mode":"bus","color":"#0059a9","colorDark":"#00294f","angle":147.2,"snapDist":3,"label":0}},{"type":"Feature","geometry":{"type":"Point","coordinates":[17.22609,51.212562]},"properties":{"name":"Dobroszów - skrzy. Węgierska","lines":"904, 928","arr":["904","928"],"terminus":0,"mode":"bus","color":"#0059a9","colorDark":"#00294f","angle":174,"snapDist":7,"label":0}},{"type":"Feature","geometry":{"type":"Point","coordinates":[17.228657,51.21613]},"properties":{"name":"Dobroszów Oleśnicki","lines":"904, 928","arr":["904","928"],"terminus":0,"mode":"bus","color":"#0059a9","colorDark":"#00294f","angle":97.7,"snapDist":0,"label":0}},{"type":"Feature","geometry":{"type":"Point","coordinates":[17.238866,51.221234]},"properties":{"name":"Januszkowice - Wrocławska","lines":"904","arr":["904"],"terminus":0,"mode":"bus","color":"#0059a9","colorDark":"#00294f","angle":158,"snapDist":2,"label":0}},{"type":"Feature","geometry":{"type":"Point","coordinates":[17.238284,51.224026]},"properties":{"name":"Januszkowice - Wierzbowa","lines":"904","arr":["904"],"terminus":0,"mode":"bus","color":"#0059a9","colorDark":"#00294f","angle":93.6,"snapDist":12,"label":0}},{"type":"Feature","geometry":{"type":"Point","coordinates":[17.23654,51.23272]},"properties":{"name":"Januszkowice - skrzy. Kępa","lines":"904","arr":["904"],"terminus":0,"mode":"bus","color":"#0059a9","colorDark":"#00294f","angle":97,"snapDist":0,"label":0}},{"type":"Feature","geometry":{"type":"Point","coordinates":[17.219829,51.23597]},"properties":{"name":"Michałowice Skrzyżowanie","lines":"904","arr":["904"],"terminus":0,"mode":"bus","color":"#0059a9","colorDark":"#00294f","angle":24.2,"snapDist":9,"label":0}},{"type":"Feature","geometry":{"type":"Point","coordinates":[17.20919,51.238553]},"properties":{"name":"Kępa","lines":"904","arr":["904"],"terminus":0,"mode":"bus","color":"#0059a9","colorDark":"#00294f","angle":15,"snapDist":7,"label":0}},{"type":"Feature","geometry":{"type":"Point","coordinates":[17.199533,51.240579]},"properties":{"name":"Kępa (na wys. nr 36)","lines":"904","arr":["904"],"terminus":0,"mode":"bus","color":"#0059a9","colorDark":"#00294f","angle":22.8,"snapDist":0,"label":0}},{"type":"Feature","geometry":{"type":"Point","coordinates":[17.19572,51.241183]},"properties":{"name":"Kępa - skrzy.","lines":"904","arr":["904"],"terminus":0,"mode":"bus","color":"#0059a9","colorDark":"#00294f","angle":313,"snapDist":6,"label":0}},{"type":"Feature","geometry":{"type":"Point","coordinates":[17.184123,51.235971]},"properties":{"name":"Bierzyce","lines":"904","arr":["904"],"terminus":0,"mode":"bus","color":"#0059a9","colorDark":"#00294f","angle":327.3,"snapDist":5,"label":0}},{"type":"Feature","geometry":{"type":"Point","coordinates":[17.181294,51.2348]},"properties":{"name":"Łozina - Milicka/szkoła","lines":"904","arr":["904"],"terminus":0,"mode":"bus","color":"#0059a9","colorDark":"#00294f","angle":326,"snapDist":7,"label":0}},{"type":"Feature","geometry":{"type":"Point","coordinates":[17.177798,51.233355]},"properties":{"name":"Łozina - Milicka/poczta","lines":"904","arr":["904"],"terminus":1,"mode":"bus","color":"#0059a9","colorDark":"#00294f","angle":326.8,"snapDist":11,"label":1}},{"type":"Feature","geometry":{"type":"Point","coordinates":[16.978052,51.238922]},"properties":{"name":"Ozorowice","lines":"905","arr":["905"],"terminus":1,"mode":"bus","color":"#0059a9","colorDark":"#00294f","angle":162.4,"snapDist":0,"label":1}},{"type":"Feature","geometry":{"type":"Point","coordinates":[16.984731,51.227386]},"properties":{"name":"Szewce - cmentarz","lines":"905","arr":["905"],"terminus":0,"mode":"bus","color":"#0059a9","colorDark":"#00294f","angle":274.2,"snapDist":3,"label":1}},{"type":"Feature","geometry":{"type":"Point","coordinates":[16.985704,51.222873]},"properties":{"name":"Szewce - Nowa","lines":"905","arr":["905"],"terminus":0,"mode":"bus","color":"#0059a9","colorDark":"#00294f","angle":267.9,"snapDist":2,"label":1}},{"type":"Feature","geometry":{"type":"Point","coordinates":[16.982946,51.222314]},"properties":{"name":"Szewce - Strzeszowska","lines":"905","arr":["905"],"terminus":0,"mode":"bus","color":"#0059a9","colorDark":"#00294f","angle":8.7,"snapDist":4,"label":1}},{"type":"Feature","geometry":{"type":"Point","coordinates":[16.976601,51.222211]},"properties":{"name":"Szewce - Kościół","lines":"905","arr":["905"],"terminus":0,"mode":"bus","color":"#0059a9","colorDark":"#00294f","angle":2.8,"snapDist":1,"label":1}},{"type":"Feature","geometry":{"type":"Point","coordinates":[16.969252,51.22215]},"properties":{"name":"Szewce - Szkoła","lines":"905","arr":["905"],"terminus":0,"mode":"bus","color":"#0059a9","colorDark":"#00294f","angle":355.7,"snapDist":1,"label":1}},{"type":"Feature","geometry":{"type":"Point","coordinates":[16.96757,51.220671]},"properties":{"name":"Szewce - Wrocławska/Długa","lines":"905","arr":["905"],"terminus":0,"mode":"bus","color":"#0059a9","colorDark":"#00294f","angle":274.7,"snapDist":5,"label":1}},{"type":"Feature","geometry":{"type":"Point","coordinates":[16.966102,51.21468]},"properties":{"name":"Szewce - Topolowa/Liliowa","lines":"905","arr":["905"],"terminus":0,"mode":"bus","color":"#0059a9","colorDark":"#00294f","angle":278.8,"snapDist":6,"label":1}},{"type":"Feature","geometry":{"type":"Point","coordinates":[16.964672,51.20889]},"properties":{"name":"Szewce - Topolowa/Kwiatowa","lines":"905","arr":["905"],"terminus":0,"mode":"bus","color":"#0059a9","colorDark":"#00294f","angle":278.2,"snapDist":4,"label":1}},{"type":"Feature","geometry":{"type":"Point","coordinates":[16.974714,51.198986]},"properties":{"name":"Zaziębie","lines":"905","arr":["905"],"terminus":0,"mode":"bus","color":"#0059a9","colorDark":"#00294f","angle":255.2,"snapDist":4,"label":1}},{"type":"Feature","geometry":{"type":"Point","coordinates":[16.974805,51.19859]},"properties":{"name":"Zaziębie","lines":"905","arr":["905"],"terminus":0,"mode":"bus","color":"#0059a9","colorDark":"#00294f","angle":89.5,"snapDist":4,"label":0}},{"type":"Feature","geometry":{"type":"Point","coordinates":[16.964663,51.208855]},"properties":{"name":"Szewce - Topolowa/Kwiatowa","lines":"905","arr":["905"],"terminus":0,"mode":"bus","color":"#0059a9","colorDark":"#00294f","angle":98.2,"snapDist":6,"label":0}},{"type":"Feature","geometry":{"type":"Point","coordinates":[16.967612,51.22135]},"properties":{"name":"Szewce - Wrocławska/Długa","lines":"905","arr":["905"],"terminus":0,"mode":"bus","color":"#0059a9","colorDark":"#00294f","angle":90.8,"snapDist":5,"label":0}},{"type":"Feature","geometry":{"type":"Point","coordinates":[16.969501,51.222161]},"properties":{"name":"Szewce - Szkoła","lines":"905","arr":["905"],"terminus":0,"mode":"bus","color":"#0059a9","colorDark":"#00294f","angle":176.4,"snapDist":0,"label":0}},{"type":"Feature","geometry":{"type":"Point","coordinates":[16.977373,51.222191]},"properties":{"name":"Szewce - Kościół","lines":"905","arr":["905"],"terminus":0,"mode":"bus","color":"#0059a9","colorDark":"#00294f","angle":180.9,"snapDist":1,"label":0}},{"type":"Feature","geometry":{"type":"Point","coordinates":[16.982451,51.222362]},"properties":{"name":"Szewce - Strzeszowska","lines":"905","arr":["905"],"terminus":0,"mode":"bus","color":"#0059a9","colorDark":"#00294f","angle":188.7,"snapDist":3,"label":0}},{"type":"Feature","geometry":{"type":"Point","coordinates":[16.985749,51.222209]},"properties":{"name":"Szewce - Nowa","lines":"905","arr":["905"],"terminus":0,"mode":"bus","color":"#0059a9","colorDark":"#00294f","angle":87.3,"snapDist":2,"label":0}},{"type":"Feature","geometry":{"type":"Point","coordinates":[16.984698,51.227103]},"properties":{"name":"Szewce - cmentarz","lines":"905","arr":["905"],"terminus":0,"mode":"bus","color":"#0059a9","colorDark":"#00294f","angle":94.2,"snapDist":5,"label":0}},{"type":"Feature","geometry":{"type":"Point","coordinates":[16.837446,51.051285]},"properties":{"name":"Sadków - Szkolna/szkoła","lines":"907","arr":["907"],"terminus":1,"mode":"bus","color":"#0059a9","colorDark":"#00294f","angle":19.9,"snapDist":9,"label":1}},{"type":"Feature","geometry":{"type":"Point","coordinates":[16.878428,51.053611]},"properties":{"name":"Pietrzykowice - Sportowa/Główna","lines":"907","arr":["907"],"terminus":0,"mode":"bus","color":"#0059a9","colorDark":"#00294f","angle":189.6,"snapDist":2,"label":1}},{"type":"Feature","geometry":{"type":"Point","coordinates":[16.881733,51.047974]},"properties":{"name":"Pietrzykowice - zakład","lines":"907","arr":["907"],"terminus":0,"mode":"bus","color":"#0059a9","colorDark":"#00294f","angle":228.8,"snapDist":4,"label":1}},{"type":"Feature","geometry":{"type":"Point","coordinates":[16.910454,51.043746]},"properties":{"name":"Nowa Wieś Wr. - Relaksowa (na wys. nr 13)","lines":"907","arr":["907"],"terminus":0,"mode":"bus","color":"#0059a9","colorDark":"#00294f","angle":146.9,"snapDist":5,"label":1}},{"type":"Feature","geometry":{"type":"Point","coordinates":[16.918457,51.045493]},"properties":{"name":"Nowa Wieś Wr. - pętla","lines":"907","arr":["907"],"terminus":0,"mode":"bus","color":"#0059a9","colorDark":"#00294f","angle":36.6,"snapDist":6,"label":1}},{"type":"Feature","geometry":{"type":"Point","coordinates":[16.911207,51.046946]},"properties":{"name":"Gądów - Świerkowa","lines":"907","arr":["907"],"terminus":0,"mode":"bus","color":"#0059a9","colorDark":"#00294f","angle":28.8,"snapDist":4,"label":1}},{"type":"Feature","geometry":{"type":"Point","coordinates":[16.909671,51.051157]},"properties":{"name":"Gądów","lines":"907","arr":["907"],"terminus":0,"mode":"bus","color":"#0059a9","colorDark":"#00294f","angle":105.4,"snapDist":4,"label":1}},{"type":"Feature","geometry":{"type":"Point","coordinates":[16.903402,51.056464]},"properties":{"name":"Jaszkotle - Palmowa","lines":"907","arr":["907"],"terminus":0,"mode":"bus","color":"#0059a9","colorDark":"#00294f","angle":59.6,"snapDist":0,"label":1}},{"type":"Feature","geometry":{"type":"Point","coordinates":[16.923568,51.062609]},"properties":{"name":"Cesarzowice skrz.","lines":"907","arr":["907"],"terminus":0,"mode":"bus","color":"#0059a9","colorDark":"#00294f","angle":144.6,"snapDist":1,"label":1}},{"type":"Feature","geometry":{"type":"Point","coordinates":[16.938128,51.070637]},"properties":{"name":"Mokronos Dolny - Parkowa/Stawowa","lines":"907, 947","arr":["907","947"],"terminus":0,"mode":"bus","color":"#0059a9","colorDark":"#00294f","angle":116.1,"snapDist":4,"label":1}},{"type":"Feature","geometry":{"type":"Point","coordinates":[16.938526,51.071138]},"properties":{"name":"Mokronos Dolny - Parkowa/Stawowa","lines":"907, 947","arr":["907","947"],"terminus":0,"mode":"bus","color":"#0059a9","colorDark":"#00294f","angle":296.5,"snapDist":7,"label":0}},{"type":"Feature","geometry":{"type":"Point","coordinates":[16.923606,51.062626]},"properties":{"name":"Cesarzowice skrz.","lines":"907","arr":["907"],"terminus":0,"mode":"bus","color":"#0059a9","colorDark":"#00294f","angle":324.6,"snapDist":3,"label":0}},{"type":"Feature","geometry":{"type":"Point","coordinates":[16.903515,51.056343]},"properties":{"name":"Jaszkotle - Palmowa","lines":"907","arr":["907"],"terminus":0,"mode":"bus","color":"#0059a9","colorDark":"#00294f","angle":239.6,"snapDist":0,"label":0}},{"type":"Feature","geometry":{"type":"Point","coordinates":[16.909667,51.051147]},"properties":{"name":"Gądów","lines":"907","arr":["907"],"terminus":0,"mode":"bus","color":"#0059a9","colorDark":"#00294f","angle":285.4,"snapDist":4,"label":0}},{"type":"Feature","geometry":{"type":"Point","coordinates":[16.911017,51.047002]},"properties":{"name":"Gądów - Świerkowa","lines":"907","arr":["907"],"terminus":0,"mode":"bus","color":"#0059a9","colorDark":"#00294f","angle":204.7,"snapDist":4,"label":0}},{"type":"Feature","geometry":{"type":"Point","coordinates":[16.910393,51.043721]},"properties":{"name":"Nowa Wieś Wr. - Relaksowa (na wys. nr 13)","lines":"907","arr":["907"],"terminus":0,"mode":"bus","color":"#0059a9","colorDark":"#00294f","angle":326.9,"snapDist":4,"label":0}},{"type":"Feature","geometry":{"type":"Point","coordinates":[16.881657,51.04803]},"properties":{"name":"Pietrzykowice - zakład","lines":"907","arr":["907"],"terminus":0,"mode":"bus","color":"#0059a9","colorDark":"#00294f","angle":49.6,"snapDist":3,"label":0}},{"type":"Feature","geometry":{"type":"Point","coordinates":[16.878869,51.053565]},"properties":{"name":"Pietrzykowice - Sportowa/Główna","lines":"907","arr":["907"],"terminus":0,"mode":"bus","color":"#0059a9","colorDark":"#00294f","angle":9.5,"snapDist":4,"label":0}},{"type":"Feature","geometry":{"type":"Point","coordinates":[17.038982,51.207104]},"properties":{"name":"Kryniczno - Kościół","lines":"908","arr":["908"],"terminus":1,"mode":"bus","color":"#0059a9","colorDark":"#00294f","angle":289.9,"snapDist":10,"label":1}},{"type":"Feature","geometry":{"type":"Point","coordinates":[17.032207,51.196236]},"properties":{"name":"Psary - Trzebnicka/Pogodna","lines":"908","arr":["908"],"terminus":0,"mode":"bus","color":"#0059a9","colorDark":"#00294f","angle":281.2,"snapDist":1,"label":1}},{"type":"Feature","geometry":{"type":"Point","coordinates":[17.029566,51.185892]},"properties":{"name":"Psary - Szkoła","lines":"908","arr":["908"],"terminus":0,"mode":"bus","color":"#0059a9","colorDark":"#00294f","angle":303,"snapDist":1,"label":1}},{"type":"Feature","geometry":{"type":"Point","coordinates":[17.022878,51.175286]},"properties":{"name":"Widawa","lines":"908","arr":["908"],"terminus":0,"mode":"bus","color":"#0059a9","colorDark":"#00294f","angle":288.3,"snapDist":8,"label":0}},{"type":"Feature","geometry":{"type":"Point","coordinates":[17.023118,51.175779]},"properties":{"name":"Widawa","lines":"908","arr":["908"],"terminus":0,"mode":"bus","color":"#0059a9","colorDark":"#00294f","angle":105.7,"snapDist":7,"label":0}},{"type":"Feature","geometry":{"type":"Point","coordinates":[17.028685,51.18418]},"properties":{"name":"PSARY - Wolności","lines":"908","arr":["908"],"terminus":0,"mode":"bus","color":"#0059a9","colorDark":"#00294f","angle":127.3,"snapDist":1,"label":1}},{"type":"Feature","geometry":{"type":"Point","coordinates":[17.030752,51.187148]},"properties":{"name":"Psary - Szkoła","lines":"908","arr":["908"],"terminus":0,"mode":"bus","color":"#0059a9","colorDark":"#00294f","angle":108.6,"snapDist":1,"label":0}},{"type":"Feature","geometry":{"type":"Point","coordinates":[17.032327,51.196577]},"properties":{"name":"Psary - Trzebnicka/Pogodna","lines":"908","arr":["908"],"terminus":0,"mode":"bus","color":"#0059a9","colorDark":"#00294f","angle":104.1,"snapDist":0,"label":0}},{"type":"Feature","geometry":{"type":"Point","coordinates":[17.039593,51.208203]},"properties":{"name":"Kryniczno - Kościół","lines":"908","arr":["908"],"terminus":1,"mode":"bus","color":"#0059a9","colorDark":"#00294f","angle":108,"snapDist":6,"label":0}},{"type":"Feature","geometry":{"type":"Point","coordinates":[16.771247,51.087763]},"properties":{"name":"Bogdaszowice - Słoneczna","lines":"909","arr":["909"],"terminus":1,"mode":"bus","color":"#0059a9","colorDark":"#00294f","angle":192.2,"snapDist":22,"label":1}},{"type":"Feature","geometry":{"type":"Point","coordinates":[16.776626,51.086798]},"properties":{"name":"Bogdaszowice - Główna (na wys. nr 58)","lines":"909","arr":["909"],"terminus":0,"mode":"bus","color":"#0059a9","colorDark":"#00294f","angle":196.3,"snapDist":4,"label":1}},{"type":"Feature","geometry":{"type":"Point","coordinates":[16.783457,51.085964]},"properties":{"name":"Bogdaszowice - Główna (na wys. nr 38)","lines":"909","arr":["909"],"terminus":0,"mode":"bus","color":"#0059a9","colorDark":"#00294f","angle":188.4,"snapDist":5,"label":1}},{"type":"Feature","geometry":{"type":"Point","coordinates":[16.829076,51.092796]},"properties":{"name":"Skałka","lines":"909","arr":["909"],"terminus":0,"mode":"bus","color":"#0059a9","colorDark":"#00294f","angle":70.7,"snapDist":1,"label":1}},{"type":"Feature","geometry":{"type":"Point","coordinates":[16.83118,51.103084]},"properties":{"name":"Samotwór - Leśna","lines":"909","arr":["909"],"terminus":0,"mode":"bus","color":"#0059a9","colorDark":"#00294f","angle":147,"snapDist":8,"label":1}},{"type":"Feature","geometry":{"type":"Point","coordinates":[16.835933,51.1065]},"properties":{"name":"Samotwór - Dębowa","lines":"909","arr":["909"],"terminus":0,"mode":"bus","color":"#0059a9","colorDark":"#00294f","angle":158,"snapDist":3,"label":1}},{"type":"Feature","geometry":{"type":"Point","coordinates":[16.84518,51.113519]},"properties":{"name":"Gałowska","lines":"909","arr":["909"],"terminus":0,"mode":"bus","color":"#0059a9","colorDark":"#00294f","angle":91.9,"snapDist":4,"label":1}},{"type":"Feature","geometry":{"type":"Point","coordinates":[16.847441,51.118254]},"properties":{"name":"Samotworska","lines":"909","arr":["909"],"terminus":0,"mode":"bus","color":"#0059a9","colorDark":"#00294f","angle":109,"snapDist":4,"label":1}},{"type":"Feature","geometry":{"type":"Point","coordinates":[16.847703,51.118731]},"properties":{"name":"Samotworska","lines":"909","arr":["909"],"terminus":0,"mode":"bus","color":"#0059a9","colorDark":"#00294f","angle":289,"snapDist":3,"label":0}},{"type":"Feature","geometry":{"type":"Point","coordinates":[16.845163,51.113233]},"properties":{"name":"Gałowska","lines":"909","arr":["909"],"terminus":0,"mode":"bus","color":"#0059a9","colorDark":"#00294f","angle":274.1,"snapDist":5,"label":0}},{"type":"Feature","geometry":{"type":"Point","coordinates":[16.836617,51.106669]},"properties":{"name":"Samotwór - Dębowa","lines":"909","arr":["909"],"terminus":0,"mode":"bus","color":"#0059a9","colorDark":"#00294f","angle":341.8,"snapDist":6,"label":0}},{"type":"Feature","geometry":{"type":"Point","coordinates":[16.828288,51.0941]},"properties":{"name":"Skałka","lines":"909","arr":["909"],"terminus":0,"mode":"bus","color":"#0059a9","colorDark":"#00294f","angle":247.4,"snapDist":5,"label":0}},{"type":"Feature","geometry":{"type":"Point","coordinates":[16.827928,51.089637]},"properties":{"name":"Skałka - Łąkowa","lines":"909","arr":["909"],"terminus":0,"mode":"bus","color":"#0059a9","colorDark":"#00294f","angle":326.1,"snapDist":4,"label":1}},{"type":"Feature","geometry":{"type":"Point","coordinates":[16.776533,51.086815]},"properties":{"name":"Bogdaszowice - Główna (na wys. nr 58)","lines":"909","arr":["909"],"terminus":0,"mode":"bus","color":"#0059a9","colorDark":"#00294f","angle":16.3,"snapDist":4,"label":0}},{"type":"Feature","geometry":{"type":"Point","coordinates":[16.771652,51.087704]},"properties":{"name":"Bogdaszowice - Słoneczna","lines":"909","arr":["909"],"terminus":1,"mode":"bus","color":"#0059a9","colorDark":"#00294f","angle":14.1,"snapDist":5,"label":0}},{"type":"Feature","geometry":{"type":"Point","coordinates":[17.217523,51.144533]},"properties":{"name":"Piecowice","lines":"911, 941","arr":["911","941"],"terminus":1,"mode":"bus","color":"#0059a9","colorDark":"#00294f","angle":186.1,"snapDist":15,"label":1}},{"type":"Feature","geometry":{"type":"Point","coordinates":[17.192725,51.138082]},"properties":{"name":"Kiełczów - Akacjowa","lines":"911, 921, 941, 961, 964","arr":["911","921","941","961","964"],"terminus":0,"mode":"bus","color":"#0059a9","colorDark":"#00294f","angle":317.9,"snapDist":3,"label":1}},{"type":"Feature","geometry":{"type":"Point","coordinates":[17.188622,51.137377]},"properties":{"name":"Kiełczów - Boczna","lines":"911, 921, 941, 961, 964","arr":["911","921","941","961","964"],"terminus":0,"mode":"bus","color":"#0059a9","colorDark":"#00294f","angle":12.2,"snapDist":6,"label":1}},{"type":"Feature","geometry":{"type":"Point","coordinates":[17.179073,51.139552]},"properties":{"name":"Kiełczów - pętla (Plac Jana Gdaka)","lines":"911, 931, 941, 961","arr":["911","931","941","961"],"terminus":0,"mode":"bus","color":"#0059a9","colorDark":"#00294f","angle":289.6,"snapDist":4,"label":1}},{"type":"Feature","geometry":{"type":"Point","coordinates":[17.175382,51.134434]},"properties":{"name":"Kiełczów - WODROL","lines":"911, 931, 941, 961","arr":["911","931","941","961"],"terminus":0,"mode":"bus","color":"#0059a9","colorDark":"#00294f","angle":291.1,"snapDist":7,"label":1}},{"type":"Feature","geometry":{"type":"Point","coordinates":[17.171768,51.132411]},"properties":{"name":"Kiełczów - osiedle","lines":"911, 941, 961","arr":["911","941","961"],"terminus":0,"mode":"bus","color":"#0059a9","colorDark":"#00294f","angle":339.6,"snapDist":5,"label":1}},{"type":"Feature","geometry":{"type":"Point","coordinates":[17.168205,51.131594]},"properties":{"name":"Wilczyce - Sosnowa","lines":"911, 941, 961","arr":["911","941","961"],"terminus":0,"mode":"bus","color":"#0059a9","colorDark":"#00294f","angle":340.1,"snapDist":5,"label":1}},{"type":"Feature","geometry":{"type":"Point","coordinates":[17.161297,51.130086]},"properties":{"name":"Wilczyce - Dębowa","lines":"911, 941, 961","arr":["911","941","961"],"terminus":0,"mode":"bus","color":"#0059a9","colorDark":"#00294f","angle":344.8,"snapDist":1,"label":1}},{"type":"Feature","geometry":{"type":"Point","coordinates":[17.155042,51.129335]},"properties":{"name":"Wilczyce - Dworska","lines":"911, 941, 961","arr":["911","941","961"],"terminus":0,"mode":"bus","color":"#0059a9","colorDark":"#00294f","angle":358.3,"snapDist":4,"label":1}},{"type":"Feature","geometry":{"type":"Point","coordinates":[17.150582,51.130014]},"properties":{"name":"Wilczyce - Borowa","lines":"911, 961","arr":["911","961"],"terminus":0,"mode":"bus","color":"#0059a9","colorDark":"#00294f","angle":25.1,"snapDist":6,"label":1}},{"type":"Feature","geometry":{"type":"Point","coordinates":[17.146732,51.131327]},"properties":{"name":"Wilczyce - Wrocławska (na wys. nr 1F)","lines":"911, 961","arr":["911","961"],"terminus":0,"mode":"bus","color":"#0059a9","colorDark":"#00294f","angle":36.1,"snapDist":4,"label":1}},{"type":"Feature","geometry":{"type":"Point","coordinates":[17.142869,51.133055]},"properties":{"name":"Wilczyce","lines":"911, 961","arr":["911","961"],"terminus":0,"mode":"bus","color":"#0059a9","colorDark":"#00294f","angle":35.7,"snapDist":6,"label":1}},{"type":"Feature","geometry":{"type":"Point","coordinates":[17.138398,51.134821]},"properties":{"name":"Mroźna","lines":"911, 961","arr":["911","961"],"terminus":0,"mode":"bus","color":"#0059a9","colorDark":"#00294f","angle":28.9,"snapDist":5,"label":1}},{"type":"Feature","geometry":{"type":"Point","coordinates":[17.133703,51.137025]},"properties":{"name":"Kurlandzka","lines":"911, 961","arr":["911","961"],"terminus":0,"mode":"bus","color":"#0059a9","colorDark":"#00294f","angle":35.3,"snapDist":8,"label":1}},{"type":"Feature","geometry":{"type":"Point","coordinates":[17.13051,51.138824]},"properties":{"name":"Zgorzelisko","lines":"911, 961","arr":["911","961"],"terminus":0,"mode":"bus","color":"#0059a9","colorDark":"#00294f","angle":32.2,"snapDist":13,"label":1}},{"type":"Feature","geometry":{"type":"Point","coordinates":[17.126389,51.140534]},"properties":{"name":"Palacha","lines":"911, 961","arr":["911","961"],"terminus":0,"mode":"bus","color":"#0059a9","colorDark":"#00294f","angle":34.9,"snapDist":5,"label":1}},{"type":"Feature","geometry":{"type":"Point","coordinates":[17.065141,51.112908]},"properties":{"name":"PL. GRUNWALDZKI","lines":"911, 961","arr":["911","961"],"terminus":1,"mode":"bus","color":"#0059a9","colorDark":"#00294f","angle":155.6,"snapDist":23,"label":0}},{"type":"Feature","geometry":{"type":"Point","coordinates":[17.126371,51.140542]},"properties":{"name":"Palacha","lines":"911, 961","arr":["911","961"],"terminus":0,"mode":"bus","color":"#0059a9","colorDark":"#00294f","angle":217.3,"snapDist":6,"label":0}},{"type":"Feature","geometry":{"type":"Point","coordinates":[17.13137,51.138408]},"properties":{"name":"Zgorzelisko","lines":"911, 961","arr":["911","961"],"terminus":0,"mode":"bus","color":"#0059a9","colorDark":"#00294f","angle":221.8,"snapDist":5,"label":0}},{"type":"Feature","geometry":{"type":"Point","coordinates":[17.134884,51.13654]},"properties":{"name":"Kurlandzka","lines":"911, 961","arr":["911","961"],"terminus":0,"mode":"bus","color":"#0059a9","colorDark":"#00294f","angle":213.4,"snapDist":5,"label":0}},{"type":"Feature","geometry":{"type":"Point","coordinates":[17.137937,51.13497]},"properties":{"name":"Mroźna","lines":"911, 961","arr":["911","961"],"terminus":0,"mode":"bus","color":"#0059a9","colorDark":"#00294f","angle":206.4,"snapDist":6,"label":0}},{"type":"Feature","geometry":{"type":"Point","coordinates":[17.143536,51.13276]},"properties":{"name":"Wilczyce","lines":"911, 961","arr":["911","961"],"terminus":0,"mode":"bus","color":"#0059a9","colorDark":"#00294f","angle":215.4,"snapDist":4,"label":0}},{"type":"Feature","geometry":{"type":"Point","coordinates":[17.146455,51.131454]},"properties":{"name":"Wilczyce - Wrocławska (na wys. nr 1F)","lines":"911, 961","arr":["911","961"],"terminus":0,"mode":"bus","color":"#0059a9","colorDark":"#00294f","angle":216.2,"snapDist":8,"label":0}},{"type":"Feature","geometry":{"type":"Point","coordinates":[17.151992,51.129688]},"properties":{"name":"Wilczyce - szkoła","lines":"911, 961","arr":["911","961"],"terminus":0,"mode":"bus","color":"#0059a9","colorDark":"#00294f","angle":195.5,"snapDist":5,"label":1}},{"type":"Feature","geometry":{"type":"Point","coordinates":[17.15494,51.129333]},"properties":{"name":"Wilczyce - Dworska","lines":"911, 941, 961","arr":["911","941","961"],"terminus":0,"mode":"bus","color":"#0059a9","colorDark":"#00294f","angle":178.3,"snapDist":5,"label":0}},{"type":"Feature","geometry":{"type":"Point","coordinates":[17.161856,51.13019]},"properties":{"name":"Wilczyce - Dębowa","lines":"911, 941, 961","arr":["911","941","961"],"terminus":0,"mode":"bus","color":"#0059a9","colorDark":"#00294f","angle":163,"snapDist":10,"label":0}},{"type":"Feature","geometry":{"type":"Point","coordinates":[17.16803,51.131555]},"properties":{"name":"Wilczyce - Sosnowa","lines":"911, 941, 961","arr":["911","941","961"],"terminus":0,"mode":"bus","color":"#0059a9","colorDark":"#00294f","angle":159.1,"snapDist":8,"label":0}},{"type":"Feature","geometry":{"type":"Point","coordinates":[17.172491,51.132577]},"properties":{"name":"Kiełczów - osiedle","lines":"911, 941, 961","arr":["911","941","961"],"terminus":0,"mode":"bus","color":"#0059a9","colorDark":"#00294f","angle":162,"snapDist":4,"label":0}},{"type":"Feature","geometry":{"type":"Point","coordinates":[17.176818,51.136661]},"properties":{"name":"Kiełczów - cmentarz","lines":"911, 931, 941, 961","arr":["911","931","941","961"],"terminus":0,"mode":"bus","color":"#0059a9","colorDark":"#00294f","angle":112.2,"snapDist":6,"label":1}},{"type":"Feature","geometry":{"type":"Point","coordinates":[17.180078,51.139477]},"properties":{"name":"Kiełczów - pętla/Wrocławska","lines":"911, 921, 941, 961, 964","arr":["911","921","941","961","964"],"terminus":0,"mode":"bus","color":"#0059a9","colorDark":"#00294f","angle":206.2,"snapDist":7,"label":1}},{"type":"Feature","geometry":{"type":"Point","coordinates":[17.186948,51.137663]},"properties":{"name":"Kiełczów - Zgodna","lines":"911, 921, 941, 961, 964","arr":["911","921","941","961","964"],"terminus":0,"mode":"bus","color":"#0059a9","colorDark":"#00294f","angle":196.8,"snapDist":5,"label":1}},{"type":"Feature","geometry":{"type":"Point","coordinates":[17.194216,51.138959]},"properties":{"name":"Kiełczów - Akacjowa","lines":"911, 921, 941, 961, 964","arr":["911","921","941","961","964"],"terminus":0,"mode":"bus","color":"#0059a9","colorDark":"#00294f","angle":137.7,"snapDist":9,"label":0}},{"type":"Feature","geometry":{"type":"Point","coordinates":[17.003667,50.982886]},"properties":{"name":"Galowice - Muzeum Powozów","lines":"913","arr":["913"],"terminus":1,"mode":"bus","color":"#0059a9","colorDark":"#00294f","angle":6.3,"snapDist":14,"label":1}},{"type":"Feature","geometry":{"type":"Point","coordinates":[17.003209,50.985628]},"properties":{"name":"Galowice - skrzy. Sportowa","lines":"913","arr":["913"],"terminus":0,"mode":"bus","color":"#0059a9","colorDark":"#00294f","angle":92.1,"snapDist":1,"label":1}},{"type":"Feature","geometry":{"type":"Point","coordinates":[17.038631,50.986512]},"properties":{"name":"Żórawina - Wrocławska","lines":"913","arr":["913"],"terminus":0,"mode":"bus","color":"#0059a9","colorDark":"#00294f","angle":113.2,"snapDist":3,"label":1}},{"type":"Feature","geometry":{"type":"Point","coordinates":[17.005593,50.998425]},"properties":{"name":"Szukalice","lines":"913","arr":["913"],"terminus":0,"mode":"bus","color":"#0059a9","colorDark":"#00294f","angle":329.6,"snapDist":3,"label":0}},{"type":"Feature","geometry":{"type":"Point","coordinates":[17.000866,51.015447]},"properties":{"name":"Komorowice","lines":"913","arr":["913"],"terminus":0,"mode":"bus","color":"#0059a9","colorDark":"#00294f","angle":120.9,"snapDist":0,"label":1}},{"type":"Feature","geometry":{"type":"Point","coordinates":[17.004236,51.022255]},"properties":{"name":"Karwiany - skrzy. (Wrocławska/Majowa)","lines":"913","arr":["913"],"terminus":0,"mode":"bus","color":"#0059a9","colorDark":"#00294f","angle":105.6,"snapDist":1,"label":1}},{"type":"Feature","geometry":{"type":"Point","coordinates":[17.014432,51.042667]},"properties":{"name":"Wysoka - Lipowa/Parkowa","lines":"913","arr":["913"],"terminus":0,"mode":"bus","color":"#0059a9","colorDark":"#00294f","angle":90,"snapDist":1,"label":1}},{"type":"Feature","geometry":{"type":"Point","coordinates":[17.014441,51.041574]},"properties":{"name":"Wysoka - Lipowa/Jeżynowa","lines":"913","arr":["913"],"terminus":0,"mode":"bus","color":"#0059a9","colorDark":"#00294f","angle":270,"snapDist":3,"label":1}},{"type":"Feature","geometry":{"type":"Point","coordinates":[17.00381,51.021293]},"properties":{"name":"Karwiany - skrzy. (Wrocławska/Majowa)","lines":"913","arr":["913"],"terminus":0,"mode":"bus","color":"#0059a9","colorDark":"#00294f","angle":285.4,"snapDist":1,"label":0}},{"type":"Feature","geometry":{"type":"Point","coordinates":[17.000944,51.01554]},"properties":{"name":"Komorowice","lines":"913","arr":["913"],"terminus":0,"mode":"bus","color":"#0059a9","colorDark":"#00294f","angle":296.7,"snapDist":1,"label":0}},{"type":"Feature","geometry":{"type":"Point","coordinates":[17.004935,50.998192]},"properties":{"name":"Szukalice","lines":"913","arr":["913"],"terminus":0,"mode":"bus","color":"#0059a9","colorDark":"#00294f","angle":152,"snapDist":4,"label":0}},{"type":"Feature","geometry":{"type":"Point","coordinates":[17.038359,50.986123]},"properties":{"name":"Żórawina - Wrocławska","lines":"913","arr":["913"],"terminus":0,"mode":"bus","color":"#0059a9","colorDark":"#00294f","angle":293,"snapDist":2,"label":0}},{"type":"Feature","geometry":{"type":"Point","coordinates":[17.035685,50.981298]},"properties":{"name":"Żórawina - skrzy. Niepodległości","lines":"913","arr":["913"],"terminus":0,"mode":"bus","color":"#0059a9","colorDark":"#00294f","angle":254.2,"snapDist":3,"label":1}},{"type":"Feature","geometry":{"type":"Point","coordinates":[17.003159,50.985235]},"properties":{"name":"Galowice - skrzy. Parkowa","lines":"913","arr":["913"],"terminus":0,"mode":"bus","color":"#0059a9","colorDark":"#00294f","angle":276.7,"snapDist":1,"label":1}},{"type":"Feature","geometry":{"type":"Point","coordinates":[17.134234,51.188612]},"properties":{"name":"Pruszowice","lines":"914, 928","arr":["914","928"],"terminus":1,"mode":"bus","color":"#0059a9","colorDark":"#00294f","angle":277.8,"snapDist":4,"label":1}},{"type":"Feature","geometry":{"type":"Point","coordinates":[17.150474,51.188796]},"properties":{"name":"Domaszczyn - Stawowa","lines":"914, 928","arr":["914","928"],"terminus":0,"mode":"bus","color":"#0059a9","colorDark":"#00294f","angle":213.8,"snapDist":2,"label":1}},{"type":"Feature","geometry":{"type":"Point","coordinates":[17.153271,51.187909]},"properties":{"name":"Domaszczyn - Wrocławska Skrzyżowanie","lines":"914","arr":["914"],"terminus":0,"mode":"bus","color":"#0059a9","colorDark":"#00294f","angle":204.9,"snapDist":4,"label":1}},{"type":"Feature","geometry":{"type":"Point","coordinates":[17.165013,51.188088]},"properties":{"name":"Domaszczyn - Kościół","lines":"914","arr":["914"],"terminus":0,"mode":"bus","color":"#0059a9","colorDark":"#00294f","angle":160.5,"snapDist":6,"label":1}},{"type":"Feature","geometry":{"type":"Point","coordinates":[17.170834,51.190079]},"properties":{"name":"Domaszczyn - Wrocławska sklep","lines":"914","arr":["914"],"terminus":0,"mode":"bus","color":"#0059a9","colorDark":"#00294f","angle":153.6,"snapDist":4,"label":1}},{"type":"Feature","geometry":{"type":"Point","coordinates":[17.049973,51.113287]},"properties":{"name":"Katedra","lines":"914, 924, A, N, 246, 253, 255","arr":["914","924","A","N","246","253","255"],"terminus":0,"mode":"bus","color":"#0059a9","colorDark":"#00294f","angle":283.6,"snapDist":9,"label":0}},{"type":"Feature","geometry":{"type":"Point","coordinates":[17.047802,51.10988]},"properties":{"name":"Urząd Wojewódzki (Muzeum Narodowe)","lines":"914, 924, A, N, 240, 246, 253, 255","arr":["914","924","A","N","240","246","253","255"],"terminus":0,"mode":"bus","color":"#0059a9","colorDark":"#00294f","angle":294.9,"snapDist":9,"label":1}},{"type":"Feature","geometry":{"type":"Point","coordinates":[17.039905,51.109011]},"properties":{"name":"GALERIA DOMINIKAŃSKA","lines":"914, 924","arr":["914","924"],"terminus":1,"mode":"bus","color":"#0059a9","colorDark":"#00294f","angle":178.4,"snapDist":11,"label":0}},{"type":"Feature","geometry":{"type":"Point","coordinates":[17.04826,51.110546]},"properties":{"name":"Urząd Wojewódzki (Muzeum Narodowe)","lines":"914, 924, A, N, 246, 253, 255","arr":["914","924","A","N","246","253","255"],"terminus":0,"mode":"bus","color":"#0059a9","colorDark":"#00294f","angle":115.4,"snapDist":25,"label":0}},{"type":"Feature","geometry":{"type":"Point","coordinates":[17.182055,51.194371]},"properties":{"name":"Szczodre - Zakrzowska","lines":"914","arr":["914"],"terminus":0,"mode":"bus","color":"#0059a9","colorDark":"#00294f","angle":326.2,"snapDist":1,"label":1}},{"type":"Feature","geometry":{"type":"Point","coordinates":[17.170749,51.190053]},"properties":{"name":"Domaszczyn - Wrocławska sklep","lines":"914","arr":["914"],"terminus":0,"mode":"bus","color":"#0059a9","colorDark":"#00294f","angle":332.5,"snapDist":7,"label":0}},{"type":"Feature","geometry":{"type":"Point","coordinates":[17.164808,51.188019]},"properties":{"name":"Domaszczyn - Kościół","lines":"914","arr":["914"],"terminus":0,"mode":"bus","color":"#0059a9","colorDark":"#00294f","angle":324.9,"snapDist":7,"label":0}},{"type":"Feature","geometry":{"type":"Point","coordinates":[17.153113,51.187949]},"properties":{"name":"Domaszczyn - Wrocławska Skrzyżowanie","lines":"914","arr":["914"],"terminus":0,"mode":"bus","color":"#0059a9","colorDark":"#00294f","angle":19.8,"snapDist":3,"label":0}},{"type":"Feature","geometry":{"type":"Point","coordinates":[17.150352,51.188847]},"properties":{"name":"Domaszczyn - Stawowa","lines":"914, 928","arr":["914","928"],"terminus":0,"mode":"bus","color":"#0059a9","colorDark":"#00294f","angle":-146.2,"snapDist":7,"label":0}},{"type":"Feature","geometry":{"type":"Point","coordinates":[16.810747,51.111862]},"properties":{"name":"GAŁÓW (pętla)","lines":"917","arr":["917"],"terminus":1,"mode":"bus","color":"#0059a9","colorDark":"#00294f","angle":202.7,"snapDist":9,"label":1}},{"type":"Feature","geometry":{"type":"Point","coordinates":[16.816681,51.111809]},"properties":{"name":"Gałów Przedszkole","lines":"917","arr":["917"],"terminus":0,"mode":"bus","color":"#0059a9","colorDark":"#00294f","angle":113.9,"snapDist":0,"label":1}},{"type":"Feature","geometry":{"type":"Point","coordinates":[16.825778,51.118253]},"properties":{"name":"Ferma - stadnina koni","lines":"917","arr":["917"],"terminus":0,"mode":"bus","color":"#0059a9","colorDark":"#00294f","angle":133.4,"snapDist":3,"label":1}},{"type":"Feature","geometry":{"type":"Point","coordinates":[16.832982,51.123287]},"properties":{"name":"Las Ratyński","lines":"917","arr":["917"],"terminus":0,"mode":"bus","color":"#0059a9","colorDark":"#00294f","angle":115.6,"snapDist":3,"label":1}},{"type":"Feature","geometry":{"type":"Point","coordinates":[16.840391,51.129158]},"properties":{"name":"Krajobrazowa","lines":"917","arr":["917"],"terminus":0,"mode":"bus","color":"#0059a9","colorDark":"#00294f","angle":155.7,"snapDist":5,"label":1}},{"type":"Feature","geometry":{"type":"Point","coordinates":[16.846644,51.129941]},"properties":{"name":"Ratyń - skrzyżowanie","lines":"917","arr":["917"],"terminus":0,"mode":"bus","color":"#0059a9","colorDark":"#00294f","angle":24,"snapDist":5,"label":0}},{"type":"Feature","geometry":{"type":"Point","coordinates":[16.839675,51.128942]},"properties":{"name":"Krajobrazowa","lines":"917","arr":["917"],"terminus":0,"mode":"bus","color":"#0059a9","colorDark":"#00294f","angle":332.9,"snapDist":5,"label":0}},{"type":"Feature","geometry":{"type":"Point","coordinates":[16.833135,51.123499]},"properties":{"name":"Las Ratyński","lines":"917","arr":["917"],"terminus":0,"mode":"bus","color":"#0059a9","colorDark":"#00294f","angle":294.2,"snapDist":5,"label":0}},{"type":"Feature","geometry":{"type":"Point","coordinates":[16.825401,51.118003]},"properties":{"name":"Ferma - stadnina koni","lines":"917","arr":["917"],"terminus":0,"mode":"bus","color":"#0059a9","colorDark":"#00294f","angle":313.4,"snapDist":4,"label":0}},{"type":"Feature","geometry":{"type":"Point","coordinates":[16.816725,51.111872]},"properties":{"name":"Gałów przy posesji nr 2","lines":"917","arr":["917"],"terminus":0,"mode":"bus","color":"#0059a9","colorDark":"#00294f","angle":294.6,"snapDist":1,"label":1}},{"type":"Feature","geometry":{"type":"Point","coordinates":[17.262829,51.0627]},"properties":{"name":"Wojnowice - pętla","lines":"920","arr":["920"],"terminus":1,"mode":"bus","color":"#0059a9","colorDark":"#00294f","angle":345.9,"snapDist":1,"label":1}},{"type":"Feature","geometry":{"type":"Point","coordinates":[17.251912,51.063365]},"properties":{"name":"Wojnowice - Główna I","lines":"920","arr":["920"],"terminus":0,"mode":"bus","color":"#0059a9","colorDark":"#00294f","angle":351.7,"snapDist":0,"label":1}},{"type":"Feature","geometry":{"type":"Point","coordinates":[17.244293,51.064459]},"properties":{"name":"Wojnowice - Tymiankowa","lines":"920","arr":["920"],"terminus":0,"mode":"bus","color":"#0059a9","colorDark":"#00294f","angle":6.4,"snapDist":5,"label":1}},{"type":"Feature","geometry":{"type":"Point","coordinates":[17.22986,51.065696]},"properties":{"name":"Jeszkowice - Zielonego Dębu","lines":"920","arr":["920"],"terminus":0,"mode":"bus","color":"#0059a9","colorDark":"#00294f","angle":3.7,"snapDist":0,"label":1}},{"type":"Feature","geometry":{"type":"Point","coordinates":[17.225246,51.066122]},"properties":{"name":"Jeszkowice - pętla","lines":"920","arr":["920"],"terminus":0,"mode":"bus","color":"#0059a9","colorDark":"#00294f","angle":5.9,"snapDist":0,"label":1}},{"type":"Feature","geometry":{"type":"Point","coordinates":[17.224082,51.061119]},"properties":{"name":"Jeszkowice - Główna/Słoneczna","lines":"920","arr":["920"],"terminus":0,"mode":"bus","color":"#0059a9","colorDark":"#00294f","angle":270.6,"snapDist":1,"label":1}},{"type":"Feature","geometry":{"type":"Point","coordinates":[17.22314,51.056115]},"properties":{"name":"Jeszkowice - Główna/świetlica","lines":"920","arr":["920"],"terminus":0,"mode":"bus","color":"#0059a9","colorDark":"#00294f","angle":250.2,"snapDist":1,"label":1}},{"type":"Feature","geometry":{"type":"Point","coordinates":[17.211675,51.054906]},"properties":{"name":"Jeszkowice - Jelczańska/Wrocławska","lines":"920, 955","arr":["920","955"],"terminus":0,"mode":"bus","color":"#0059a9","colorDark":"#00294f","angle":36.6,"snapDist":6,"label":1}},{"type":"Feature","geometry":{"type":"Point","coordinates":[17.205237,51.059287]},"properties":{"name":"Gajków - Polna skrzyż.","lines":"920, 955","arr":["920","955"],"terminus":0,"mode":"bus","color":"#0059a9","colorDark":"#00294f","angle":61.5,"snapDist":6,"label":1}},{"type":"Feature","geometry":{"type":"Point","coordinates":[17.19304,51.065588]},"properties":{"name":"Gajków - Lipowa","lines":"920","arr":["920"],"terminus":0,"mode":"bus","color":"#0059a9","colorDark":"#00294f","angle":34.3,"snapDist":2,"label":1}},{"type":"Feature","geometry":{"type":"Point","coordinates":[17.186461,51.068699]},"properties":{"name":"Kamieniec Wrocławski - Wrocławska/Boczna","lines":"920","arr":["920"],"terminus":0,"mode":"bus","color":"#0059a9","colorDark":"#00294f","angle":44.9,"snapDist":0,"label":1}},{"type":"Feature","geometry":{"type":"Point","coordinates":[17.179189,51.072252]},"properties":{"name":"Kamieniec Wrocławski - Wrocławska/Szkolna","lines":"920, 955","arr":["920","955"],"terminus":0,"mode":"bus","color":"#0059a9","colorDark":"#00294f","angle":38.4,"snapDist":3,"label":1}},{"type":"Feature","geometry":{"type":"Point","coordinates":[17.172718,51.075858]},"properties":{"name":"Kamieniec Wrocławski - Wrocławska/Kolejowa","lines":"920, 955","arr":["920","955"],"terminus":0,"mode":"bus","color":"#0059a9","colorDark":"#00294f","angle":54.3,"snapDist":1,"label":1}},{"type":"Feature","geometry":{"type":"Point","coordinates":[17.170094,51.081022]},"properties":{"name":"Kamieniec Wrocławski - Łany","lines":"920","arr":["920"],"terminus":0,"mode":"bus","color":"#0059a9","colorDark":"#00294f","angle":75.5,"snapDist":0,"label":1}},{"type":"Feature","geometry":{"type":"Point","coordinates":[17.067324,51.102113]},"properties":{"name":"Okólna","lines":"920","arr":["920"],"terminus":0,"mode":"bus","color":"#0059a9","colorDark":"#00294f","angle":18.5,"snapDist":3,"label":1}},{"type":"Feature","geometry":{"type":"Point","coordinates":[17.055186,51.104785]},"properties":{"name":"Na Grobli (Hydropolis)","lines":"920","arr":["920"],"terminus":0,"mode":"bus","color":"#0059a9","colorDark":"#00294f","angle":27.2,"snapDist":2,"label":1}},{"type":"Feature","geometry":{"type":"Point","coordinates":[17.046701,51.105993]},"properties":{"name":"Pl. Wróblewskiego","lines":"920","arr":["920"],"terminus":0,"mode":"bus","color":"#0059a9","colorDark":"#00294f","angle":38.6,"snapDist":7,"label":1}},{"type":"Feature","geometry":{"type":"Point","coordinates":[17.048813,51.105367]},"properties":{"name":"Pl. Wróblewskiego","lines":"920, 243, 250","arr":["920","243","250"],"terminus":0,"mode":"bus","color":"#0059a9","colorDark":"#00294f","angle":107.5,"snapDist":9,"label":0}},{"type":"Feature","geometry":{"type":"Point","coordinates":[17.055802,51.104614]},"properties":{"name":"Na Grobli (Hydropolis)","lines":"920","arr":["920"],"terminus":0,"mode":"bus","color":"#0059a9","colorDark":"#00294f","angle":197.5,"snapDist":1,"label":0}},{"type":"Feature","geometry":{"type":"Point","coordinates":[17.067635,51.102048]},"properties":{"name":"Okólna","lines":"920","arr":["920"],"terminus":0,"mode":"bus","color":"#0059a9","colorDark":"#00294f","angle":199.5,"snapDist":3,"label":0}},{"type":"Feature","geometry":{"type":"Point","coordinates":[17.16972,51.08193]},"properties":{"name":"Kamieniec Wrocławski - Łany","lines":"920","arr":["920"],"terminus":0,"mode":"bus","color":"#0059a9","colorDark":"#00294f","angle":255.6,"snapDist":0,"label":0}},{"type":"Feature","geometry":{"type":"Point","coordinates":[17.173751,51.07495]},"properties":{"name":"Kamieniec Wrocławski - Wrocławska/Kolejowa","lines":"920, 955","arr":["920","955"],"terminus":0,"mode":"bus","color":"#0059a9","colorDark":"#00294f","angle":234,"snapDist":2,"label":0}},{"type":"Feature","geometry":{"type":"Point","coordinates":[17.178953,51.072368]},"properties":{"name":"Kamieniec Wrocławski - Wrocławska/Szkolna","lines":"920","arr":["920"],"terminus":0,"mode":"bus","color":"#0059a9","colorDark":"#00294f","angle":217.7,"snapDist":3,"label":0}},{"type":"Feature","geometry":{"type":"Point","coordinates":[17.185498,51.069305]},"properties":{"name":"Kamieniec Wrocławski - Wrocławska/Boczna","lines":"920","arr":["920"],"terminus":0,"mode":"bus","color":"#0059a9","colorDark":"#00294f","angle":225.1,"snapDist":20,"label":0}},{"type":"Feature","geometry":{"type":"Point","coordinates":[17.195062,51.06491]},"properties":{"name":"Gajków - Lipowa","lines":"920, 955","arr":["920","955"],"terminus":0,"mode":"bus","color":"#0059a9","colorDark":"#00294f","angle":197.8,"snapDist":1,"label":0}},{"type":"Feature","geometry":{"type":"Point","coordinates":[17.205487,51.059005]},"properties":{"name":"Gajków - Polna skrzyż.","lines":"920, 955","arr":["920","955"],"terminus":0,"mode":"bus","color":"#0059a9","colorDark":"#00294f","angle":241.2,"snapDist":5,"label":0}},{"type":"Feature","geometry":{"type":"Point","coordinates":[17.209373,51.055706]},"properties":{"name":"Jeszkowice - Jelczańska/Wrocławska","lines":"920, 955","arr":["920","955"],"terminus":0,"mode":"bus","color":"#0059a9","colorDark":"#00294f","angle":199.4,"snapDist":3,"label":0}},{"type":"Feature","geometry":{"type":"Point","coordinates":[17.223058,51.056255]},"properties":{"name":"Jeszkowice - Główna/świetlica","lines":"920","arr":["920"],"terminus":0,"mode":"bus","color":"#0059a9","colorDark":"#00294f","angle":68.5,"snapDist":0,"label":0}},{"type":"Feature","geometry":{"type":"Point","coordinates":[17.224081,51.061037]},"properties":{"name":"Jeszkowice - Główna/Słoneczna","lines":"920","arr":["920"],"terminus":0,"mode":"bus","color":"#0059a9","colorDark":"#00294f","angle":90.6,"snapDist":1,"label":0}},{"type":"Feature","geometry":{"type":"Point","coordinates":[17.230287,51.065673]},"properties":{"name":"Jeszkowice - Zielonego Dębu","lines":"920","arr":["920"],"terminus":0,"mode":"bus","color":"#0059a9","colorDark":"#00294f","angle":184.2,"snapDist":1,"label":0}},{"type":"Feature","geometry":{"type":"Point","coordinates":[17.245067,51.064405]},"properties":{"name":"Wojnowice - Tymiankowa","lines":"920","arr":["920"],"terminus":0,"mode":"bus","color":"#0059a9","colorDark":"#00294f","angle":186.4,"snapDist":3,"label":0}},{"type":"Feature","geometry":{"type":"Point","coordinates":[17.251753,51.063353]},"properties":{"name":"Wojnowice - Główna I","lines":"920","arr":["920"],"terminus":0,"mode":"bus","color":"#0059a9","colorDark":"#00294f","angle":173.5,"snapDist":0,"label":0}},{"type":"Feature","geometry":{"type":"Point","coordinates":[17.213372,51.128798]},"properties":{"name":"Śliwice","lines":"921","arr":["921"],"terminus":1,"mode":"bus","color":"#0059a9","colorDark":"#00294f","angle":25.7,"snapDist":2,"label":1}},{"type":"Feature","geometry":{"type":"Point","coordinates":[17.178037,51.140135]},"properties":{"name":"Kiełczów - Mleczna","lines":"921, 931, 964","arr":["921","931","964"],"terminus":0,"mode":"bus","color":"#0059a9","colorDark":"#00294f","angle":23.9,"snapDist":8,"label":1}},{"type":"Feature","geometry":{"type":"Point","coordinates":[17.17333,51.141244]},"properties":{"name":"Kiełczów - Wrocławska","lines":"921, 931, 964","arr":["921","931","964"],"terminus":0,"mode":"bus","color":"#0059a9","colorDark":"#00294f","angle":24.5,"snapDist":4,"label":1}},{"type":"Feature","geometry":{"type":"Point","coordinates":[17.16655,51.142612]},"properties":{"name":"Kiełczów - Biedronka","lines":"921, 931, 964","arr":["921","931","964"],"terminus":0,"mode":"bus","color":"#0059a9","colorDark":"#00294f","angle":8.2,"snapDist":7,"label":1}},{"type":"Feature","geometry":{"type":"Point","coordinates":[17.159987,51.143557]},"properties":{"name":"Kiełczów - Ładna","lines":"921, 931, 964","arr":["921","931","964"],"terminus":0,"mode":"bus","color":"#0059a9","colorDark":"#00294f","angle":11.3,"snapDist":7,"label":1}},{"type":"Feature","geometry":{"type":"Point","coordinates":[17.150903,51.14472]},"properties":{"name":"KIEŁCZOWSKA (Cmentarz)","lines":"921, 931, 964","arr":["921","931","964"],"terminus":0,"mode":"bus","color":"#0059a9","colorDark":"#00294f","angle":190.9,"snapDist":2,"label":0}},{"type":"Feature","geometry":{"type":"Point","coordinates":[17.158682,51.143721]},"properties":{"name":"Kiełczów - Sosnowa","lines":"921, 931, 964","arr":["921","931","964"],"terminus":0,"mode":"bus","color":"#0059a9","colorDark":"#00294f","angle":191.7,"snapDist":8,"label":1}},{"type":"Feature","geometry":{"type":"Point","coordinates":[17.164877,51.142848]},"properties":{"name":"Kiełczów - Biedronka","lines":"921, 931, 964","arr":["921","931","964"],"terminus":0,"mode":"bus","color":"#0059a9","colorDark":"#00294f","angle":193.6,"snapDist":1,"label":0}},{"type":"Feature","geometry":{"type":"Point","coordinates":[17.174346,51.140977]},"properties":{"name":"Kiełczów - Wrocławska","lines":"921, 931, 964","arr":["921","931","964"],"terminus":0,"mode":"bus","color":"#0059a9","colorDark":"#00294f","angle":200.7,"snapDist":5,"label":0}},{"type":"Feature","geometry":{"type":"Point","coordinates":[17.213118,51.129116]},"properties":{"name":"Śliwice","lines":"921, 961, 964","arr":["921","961","964"],"terminus":1,"mode":"bus","color":"#0059a9","colorDark":"#00294f","angle":212.5,"snapDist":2,"label":0}},{"type":"Feature","geometry":{"type":"Point","coordinates":[16.826486,51.203192]},"properties":{"name":"BRZEZINA (pętla)","lines":"923, 937","arr":["923","937"],"terminus":1,"mode":"bus","color":"#0059a9","colorDark":"#00294f","angle":68.9,"snapDist":2,"label":1}},{"type":"Feature","geometry":{"type":"Point","coordinates":[16.83278,51.202311]},"properties":{"name":"Brzezina - Kościół","lines":"923, 937","arr":["923","937"],"terminus":0,"mode":"bus","color":"#0059a9","colorDark":"#00294f","angle":204.8,"snapDist":3,"label":1}},{"type":"Feature","geometry":{"type":"Point","coordinates":[16.837004,51.215808]},"properties":{"name":"Brzezinka Średzka - Główna","lines":"923, 937","arr":["923","937"],"terminus":0,"mode":"bus","color":"#0059a9","colorDark":"#00294f","angle":93.1,"snapDist":5,"label":1}},{"type":"Feature","geometry":{"type":"Point","coordinates":[16.825231,51.21614]},"properties":{"name":"Brzezinka Średzka - Parkowa","lines":"923, 937","arr":["923","937"],"terminus":0,"mode":"bus","color":"#0059a9","colorDark":"#00294f","angle":13.2,"snapDist":3,"label":1}},{"type":"Feature","geometry":{"type":"Point","coordinates":[16.837428,51.21919]},"properties":{"name":"Brzezinka Średzka - PKP","lines":"923, 937","arr":["923","937"],"terminus":1,"mode":"bus","color":"#0059a9","colorDark":"#00294f","angle":196.8,"snapDist":5,"label":1}},{"type":"Feature","geometry":{"type":"Point","coordinates":[16.838833,51.218715]},"properties":{"name":"Brzezinka Średzka - Kolejowa","lines":"923","arr":["923"],"terminus":0,"mode":"bus","color":"#0059a9","colorDark":"#00294f","angle":213,"snapDist":2,"label":1}},{"type":"Feature","geometry":{"type":"Point","coordinates":[16.847434,51.213736]},"properties":{"name":"Pisarzowice - Kolejowa","lines":"923","arr":["923"],"terminus":0,"mode":"bus","color":"#0059a9","colorDark":"#00294f","angle":226.6,"snapDist":1,"label":1}},{"type":"Feature","geometry":{"type":"Point","coordinates":[16.851325,51.209693]},"properties":{"name":"Pisarzowice - Szkolna","lines":"923","arr":["923"],"terminus":0,"mode":"bus","color":"#0059a9","colorDark":"#00294f","angle":274.6,"snapDist":11,"label":1}},{"type":"Feature","geometry":{"type":"Point","coordinates":[16.852524,51.205054]},"properties":{"name":"Pisarzowice - Odrzańska","lines":"923","arr":["923"],"terminus":0,"mode":"bus","color":"#0059a9","colorDark":"#00294f","angle":262.5,"snapDist":2,"label":1}},{"type":"Feature","geometry":{"type":"Point","coordinates":[16.855049,51.196838]},"properties":{"name":"Pisarzowice - Graniczna","lines":"923","arr":["923"],"terminus":0,"mode":"bus","color":"#0059a9","colorDark":"#00294f","angle":246,"snapDist":4,"label":1}},{"type":"Feature","geometry":{"type":"Point","coordinates":[16.862637,51.191688]},"properties":{"name":"WILKSZYN (Pętla)","lines":"923","arr":["923"],"terminus":0,"mode":"bus","color":"#0059a9","colorDark":"#00294f","angle":262.1,"snapDist":6,"label":1}},{"type":"Feature","geometry":{"type":"Point","coordinates":[16.866542,51.188627]},"properties":{"name":"Wilkszyn - Polna","lines":"923","arr":["923"],"terminus":0,"mode":"bus","color":"#0059a9","colorDark":"#00294f","angle":235.9,"snapDist":1,"label":1}},{"type":"Feature","geometry":{"type":"Point","coordinates":[16.87258,51.182754]},"properties":{"name":"Wilkszyn - Miłoszyn","lines":"923","arr":["923"],"terminus":0,"mode":"bus","color":"#0059a9","colorDark":"#00294f","angle":236.8,"snapDist":7,"label":1}},{"type":"Feature","geometry":{"type":"Point","coordinates":[16.878656,51.177493]},"properties":{"name":"Krzelowska","lines":"923","arr":["923"],"terminus":0,"mode":"bus","color":"#0059a9","colorDark":"#00294f","angle":228.3,"snapDist":5,"label":1}},{"type":"Feature","geometry":{"type":"Point","coordinates":[16.881177,51.175761]},"properties":{"name":"Łososiowicka","lines":"923","arr":["923"],"terminus":0,"mode":"bus","color":"#0059a9","colorDark":"#00294f","angle":223.4,"snapDist":0,"label":1}},{"type":"Feature","geometry":{"type":"Point","coordinates":[16.886813,51.173457]},"properties":{"name":"Wilkszyńska","lines":"923","arr":["923"],"terminus":0,"mode":"bus","color":"#0059a9","colorDark":"#00294f","angle":214.4,"snapDist":4,"label":1}},{"type":"Feature","geometry":{"type":"Point","coordinates":[16.889382,51.171337]},"properties":{"name":"Białkowska","lines":"923","arr":["923"],"terminus":0,"mode":"bus","color":"#0059a9","colorDark":"#00294f","angle":239.8,"snapDist":1,"label":1}},{"type":"Feature","geometry":{"type":"Point","coordinates":[16.890583,51.167848]},"properties":{"name":"Marszowice","lines":"923","arr":["923"],"terminus":0,"mode":"bus","color":"#0059a9","colorDark":"#00294f","angle":274.4,"snapDist":6,"label":0}},{"type":"Feature","geometry":{"type":"Point","coordinates":[16.888579,51.172556]},"properties":{"name":"Białkowska","lines":"923","arr":["923"],"terminus":0,"mode":"bus","color":"#0059a9","colorDark":"#00294f","angle":66.5,"snapDist":1,"label":0}},{"type":"Feature","geometry":{"type":"Point","coordinates":[16.887006,51.173374]},"properties":{"name":"Wilkszyńska","lines":"923","arr":["923"],"terminus":0,"mode":"bus","color":"#0059a9","colorDark":"#00294f","angle":34.6,"snapDist":5,"label":0}},{"type":"Feature","geometry":{"type":"Point","coordinates":[16.880682,51.17608]},"properties":{"name":"Łososiowicka","lines":"923","arr":["923"],"terminus":0,"mode":"bus","color":"#0059a9","colorDark":"#00294f","angle":46.9,"snapDist":1,"label":0}},{"type":"Feature","geometry":{"type":"Point","coordinates":[16.877883,51.178023]},"properties":{"name":"Krzelowska","lines":"923","arr":["923"],"terminus":0,"mode":"bus","color":"#0059a9","colorDark":"#00294f","angle":47.6,"snapDist":4,"label":0}},{"type":"Feature","geometry":{"type":"Point","coordinates":[16.870996,51.18429]},"properties":{"name":"Wilkszyn - Miłoszyn","lines":"923","arr":["923"],"terminus":0,"mode":"bus","color":"#0059a9","colorDark":"#00294f","angle":56.9,"snapDist":7,"label":0}},{"type":"Feature","geometry":{"type":"Point","coordinates":[16.866145,51.189028]},"properties":{"name":"Wilkszyn - Polna","lines":"923","arr":["923"],"terminus":0,"mode":"bus","color":"#0059a9","colorDark":"#00294f","angle":56.6,"snapDist":4,"label":0}},{"type":"Feature","geometry":{"type":"Point","coordinates":[16.862567,51.191843]},"properties":{"name":"WILKSZYN (Pętla)","lines":"923","arr":["923"],"terminus":0,"mode":"bus","color":"#0059a9","colorDark":"#00294f","angle":358.4,"snapDist":8,"label":0}},{"type":"Feature","geometry":{"type":"Point","coordinates":[16.854768,51.197226]},"properties":{"name":"Pisarzowice - Graniczna","lines":"923","arr":["923"],"terminus":0,"mode":"bus","color":"#0059a9","colorDark":"#00294f","angle":65.2,"snapDist":4,"label":0}},{"type":"Feature","geometry":{"type":"Point","coordinates":[16.852487,51.205233]},"properties":{"name":"Pisarzowice - Odrzańska","lines":"923","arr":["923"],"terminus":0,"mode":"bus","color":"#0059a9","colorDark":"#00294f","angle":82.5,"snapDist":5,"label":0}},{"type":"Feature","geometry":{"type":"Point","coordinates":[16.851346,51.209947]},"properties":{"name":"Pisarzowice - Szkolna","lines":"923","arr":["923"],"terminus":0,"mode":"bus","color":"#0059a9","colorDark":"#00294f","angle":89.9,"snapDist":5,"label":0}},{"type":"Feature","geometry":{"type":"Point","coordinates":[16.847326,51.213808]},"properties":{"name":"Pisarzowice - Kolejowa","lines":"923","arr":["923"],"terminus":0,"mode":"bus","color":"#0059a9","colorDark":"#00294f","angle":43,"snapDist":4,"label":0}},{"type":"Feature","geometry":{"type":"Point","coordinates":[16.838592,51.218813]},"properties":{"name":"Brzezinka Średzka - Kolejowa","lines":"923","arr":["923"],"terminus":0,"mode":"bus","color":"#0059a9","colorDark":"#00294f","angle":33,"snapDist":2,"label":0}},{"type":"Feature","geometry":{"type":"Point","coordinates":[16.836309,51.219481]},"properties":{"name":"Brzezinka Średzka - PKP","lines":"923","arr":["923"],"terminus":0,"mode":"bus","color":"#0059a9","colorDark":"#00294f","angle":22.8,"snapDist":4,"label":0}},{"type":"Feature","geometry":{"type":"Point","coordinates":[16.825115,51.216162]},"properties":{"name":"Brzezinka Średzka - Parkowa","lines":"923","arr":["923"],"terminus":0,"mode":"bus","color":"#0059a9","colorDark":"#00294f","angle":198.4,"snapDist":4,"label":0}},{"type":"Feature","geometry":{"type":"Point","coordinates":[16.836907,51.21593]},"properties":{"name":"Brzezinka Średzka - Główna","lines":"923, 937","arr":["923","937"],"terminus":0,"mode":"bus","color":"#0059a9","colorDark":"#00294f","angle":184.6,"snapDist":5,"label":0}},{"type":"Feature","geometry":{"type":"Point","coordinates":[16.832755,51.202318]},"properties":{"name":"Brzezina - Kościół","lines":"923, 937","arr":["923","937"],"terminus":0,"mode":"bus","color":"#0059a9","colorDark":"#00294f","angle":24.8,"snapDist":2,"label":0}},{"type":"Feature","geometry":{"type":"Point","coordinates":[17.285559,51.213412]},"properties":{"name":"Stępin - Kościół","lines":"924","arr":["924"],"terminus":1,"mode":"bus","color":"#0059a9","colorDark":"#00294f","angle":344.3,"snapDist":3,"label":1}},{"type":"Feature","geometry":{"type":"Point","coordinates":[17.280689,51.208808]},"properties":{"name":"Stępin","lines":"924","arr":["924"],"terminus":0,"mode":"bus","color":"#0059a9","colorDark":"#00294f","angle":266.5,"snapDist":6,"label":1}},{"type":"Feature","geometry":{"type":"Point","coordinates":[17.279973,51.196237]},"properties":{"name":"Borowa - skrzy. inw","lines":"924","arr":["924"],"terminus":0,"mode":"bus","color":"#0059a9","colorDark":"#00294f","angle":267.1,"snapDist":7,"label":1}},{"type":"Feature","geometry":{"type":"Point","coordinates":[17.279227,51.19487]},"properties":{"name":"Borowa - skrzy.","lines":"924","arr":["924"],"terminus":0,"mode":"bus","color":"#0059a9","colorDark":"#00294f","angle":333.1,"snapDist":8,"label":1}},{"type":"Feature","geometry":{"type":"Point","coordinates":[17.240024,51.191957]},"properties":{"name":"Byków - Ogrodowa","lines":"924","arr":["924"],"terminus":0,"mode":"bus","color":"#0059a9","colorDark":"#00294f","angle":354.2,"snapDist":9,"label":1}},{"type":"Feature","geometry":{"type":"Point","coordinates":[17.224187,51.16719]},"properties":{"name":"Kamień - Diamentowa","lines":"924","arr":["924"],"terminus":0,"mode":"bus","color":"#0059a9","colorDark":"#00294f","angle":348.9,"snapDist":3,"label":1}},{"type":"Feature","geometry":{"type":"Point","coordinates":[17.21915,51.16695]},"properties":{"name":"Kamień - skrzy.","lines":"924, 941","arr":["924","941"],"terminus":0,"mode":"bus","color":"#0059a9","colorDark":"#00294f","angle":20.2,"snapDist":2,"label":1}},{"type":"Feature","geometry":{"type":"Point","coordinates":[17.21333,51.16874]},"properties":{"name":"Kamień - Bursztynowa","lines":"924, 941","arr":["924","941"],"terminus":0,"mode":"bus","color":"#0059a9","colorDark":"#00294f","angle":27.8,"snapDist":8,"label":1}},{"type":"Feature","geometry":{"type":"Point","coordinates":[17.202331,51.173591]},"properties":{"name":"Długołęka - Nowy Urząd","lines":"924, 941","arr":["924","941"],"terminus":0,"mode":"bus","color":"#0059a9","colorDark":"#00294f","angle":78.5,"snapDist":5,"label":1}},{"type":"Feature","geometry":{"type":"Point","coordinates":[17.193302,51.172786]},"properties":{"name":"Długołęka - Kościół","lines":"924, 941","arr":["924","941"],"terminus":0,"mode":"bus","color":"#0059a9","colorDark":"#00294f","angle":355.8,"snapDist":2,"label":1}},{"type":"Feature","geometry":{"type":"Point","coordinates":[17.191541,51.176206]},"properties":{"name":"Długołęka - Broniewskiego/Szkolna","lines":"924, 941","arr":["924","941"],"terminus":0,"mode":"bus","color":"#0059a9","colorDark":"#00294f","angle":77.3,"snapDist":3,"label":1}},{"type":"Feature","geometry":{"type":"Point","coordinates":[17.191634,51.175945]},"properties":{"name":"Długołęka - Broniewskiego/Szkolna","lines":"924, 941","arr":["924","941"],"terminus":0,"mode":"bus","color":"#0059a9","colorDark":"#00294f","angle":257.3,"snapDist":0,"label":0}},{"type":"Feature","geometry":{"type":"Point","coordinates":[17.192542,51.17303]},"properties":{"name":"Długołęka - Kościół","lines":"924, 941","arr":["924","941"],"terminus":0,"mode":"bus","color":"#0059a9","colorDark":"#00294f","angle":281.7,"snapDist":1,"label":0}},{"type":"Feature","geometry":{"type":"Point","coordinates":[17.202194,51.174011]},"properties":{"name":"Długołęka - Nowy Urząd","lines":"924, 941","arr":["924","941"],"terminus":0,"mode":"bus","color":"#0059a9","colorDark":"#00294f","angle":258.1,"snapDist":7,"label":0}},{"type":"Feature","geometry":{"type":"Point","coordinates":[17.214217,51.16804]},"properties":{"name":"Kamień - Bursztynowa","lines":"924, 941","arr":["924","941"],"terminus":0,"mode":"bus","color":"#0059a9","colorDark":"#00294f","angle":280.7,"snapDist":3,"label":0}},{"type":"Feature","geometry":{"type":"Point","coordinates":[17.219308,51.166915]},"properties":{"name":"Kamień - skrzy.","lines":"924, 941","arr":["924","941"],"terminus":0,"mode":"bus","color":"#0059a9","colorDark":"#00294f","angle":198.6,"snapDist":2,"label":0}},{"type":"Feature","geometry":{"type":"Point","coordinates":[17.224112,51.167181]},"properties":{"name":"Kamień - Diamentowa","lines":"924","arr":["924"],"terminus":0,"mode":"bus","color":"#0059a9","colorDark":"#00294f","angle":168.9,"snapDist":1,"label":0}},{"type":"Feature","geometry":{"type":"Point","coordinates":[17.234693,51.190825]},"properties":{"name":"Byków - Ogrodowa","lines":"924","arr":["924"],"terminus":0,"mode":"bus","color":"#0059a9","colorDark":"#00294f","angle":155.3,"snapDist":7,"label":1}},{"type":"Feature","geometry":{"type":"Point","coordinates":[17.247423,51.192345]},"properties":{"name":"Byków - Jaśminowa","lines":"924","arr":["924"],"terminus":0,"mode":"bus","color":"#0059a9","colorDark":"#00294f","angle":173.7,"snapDist":4,"label":1}},{"type":"Feature","geometry":{"type":"Point","coordinates":[17.280012,51.195764]},"properties":{"name":"Borowa - skrzy.","lines":"924","arr":["924"],"terminus":0,"mode":"bus","color":"#0059a9","colorDark":"#00294f","angle":87,"snapDist":6,"label":0}},{"type":"Feature","geometry":{"type":"Point","coordinates":[17.280725,51.208477]},"properties":{"name":"Stępin","lines":"924","arr":["924"],"terminus":0,"mode":"bus","color":"#0059a9","colorDark":"#00294f","angle":86.4,"snapDist":11,"label":0}},{"type":"Feature","geometry":{"type":"Point","coordinates":[16.907934,51.088354]},"properties":{"name":"Smolec - Wiśniowa","lines":"927, 967","arr":["927","967"],"terminus":1,"mode":"bus","color":"#0059a9","colorDark":"#00294f","angle":28,"snapDist":16,"label":1}},{"type":"Feature","geometry":{"type":"Point","coordinates":[16.892468,51.092283]},"properties":{"name":"Krzeptów - Dolina Krzeptowa","lines":"927, 967","arr":["927","967"],"terminus":0,"mode":"bus","color":"#0059a9","colorDark":"#00294f","angle":328.5,"snapDist":4,"label":1}},{"type":"Feature","geometry":{"type":"Point","coordinates":[16.885034,51.090622]},"properties":{"name":"Krzeptów - Boisko","lines":"927, 967","arr":["927","967"],"terminus":0,"mode":"bus","color":"#0059a9","colorDark":"#00294f","angle":349,"snapDist":6,"label":1}},{"type":"Feature","geometry":{"type":"Point","coordinates":[16.880461,51.090112]},"properties":{"name":"Krzeptów - pętla","lines":"927, 967","arr":["927","967"],"terminus":0,"mode":"bus","color":"#0059a9","colorDark":"#00294f","angle":66.5,"snapDist":9,"label":1}},{"type":"Feature","geometry":{"type":"Point","coordinates":[16.875761,51.08874]},"properties":{"name":"Krzeptów - skrzy.","lines":"927, 947, 967","arr":["927","947","967"],"terminus":0,"mode":"bus","color":"#0059a9","colorDark":"#00294f","angle":270.4,"snapDist":5,"label":1}},{"type":"Feature","geometry":{"type":"Point","coordinates":[16.882879,51.075812]},"properties":{"name":"Smolec - Główna (na wys. nr 83)","lines":"927, 947, 967","arr":["927","947","967"],"terminus":0,"mode":"bus","color":"#0059a9","colorDark":"#00294f","angle":231.5,"snapDist":6,"label":1}},{"type":"Feature","geometry":{"type":"Point","coordinates":[16.884603,51.073932]},"properties":{"name":"Smolec - Chłopska/Główna","lines":"927, 947, 967","arr":["927","947","967"],"terminus":0,"mode":"bus","color":"#0059a9","colorDark":"#00294f","angle":135,"snapDist":4,"label":1}},{"type":"Feature","geometry":{"type":"Point","coordinates":[16.897343,51.080614]},"properties":{"name":"Smolec - Chłopska/Cisowa","lines":"927, 967","arr":["927","967"],"terminus":0,"mode":"bus","color":"#0059a9","colorDark":"#00294f","angle":143.6,"snapDist":7,"label":1}},{"type":"Feature","geometry":{"type":"Point","coordinates":[16.906025,51.084518]},"properties":{"name":"Smolec - Chłopska/Śliwkowa","lines":"927, 967","arr":["927","967"],"terminus":0,"mode":"bus","color":"#0059a9","colorDark":"#00294f","angle":144.7,"snapDist":7,"label":1}},{"type":"Feature","geometry":{"type":"Point","coordinates":[16.910284,51.086407]},"properties":{"name":"Smolec - Chłopska/Wrzosowa","lines":"927, 967","arr":["927","967"],"terminus":0,"mode":"bus","color":"#0059a9","colorDark":"#00294f","angle":144.8,"snapDist":4,"label":1}},{"type":"Feature","geometry":{"type":"Point","coordinates":[16.910592,51.086542]},"properties":{"name":"Smolec - Chłopska/Wrzosowa","lines":"927, 967","arr":["927","967"],"terminus":0,"mode":"bus","color":"#0059a9","colorDark":"#00294f","angle":325.1,"snapDist":5,"label":0}},{"type":"Feature","geometry":{"type":"Point","coordinates":[16.904885,51.084008]},"properties":{"name":"Smolec - Chłopska/Śliwkowa","lines":"927, 967","arr":["927","967"],"terminus":0,"mode":"bus","color":"#0059a9","colorDark":"#00294f","angle":324.6,"snapDist":7,"label":0}},{"type":"Feature","geometry":{"type":"Point","coordinates":[16.89733,51.080608]},"properties":{"name":"Smolec - Chłopska/Cisowa","lines":"927, 967","arr":["927","967"],"terminus":0,"mode":"bus","color":"#0059a9","colorDark":"#00294f","angle":323.6,"snapDist":7,"label":0}},{"type":"Feature","geometry":{"type":"Point","coordinates":[16.884418,51.075003]},"properties":{"name":"Smolec - Lipowa/pętla","lines":"927, 947, 967","arr":["927","947","967"],"terminus":0,"mode":"bus","color":"#0059a9","colorDark":"#00294f","angle":35.6,"snapDist":0,"label":1}},{"type":"Feature","geometry":{"type":"Point","coordinates":[16.881516,51.076915]},"properties":{"name":"Smolec - Dębowa (sklep)","lines":"927, 947, 967","arr":["927","947","967"],"terminus":0,"mode":"bus","color":"#0059a9","colorDark":"#00294f","angle":45.2,"snapDist":3,"label":1}},{"type":"Feature","geometry":{"type":"Point","coordinates":[16.875761,51.088752]},"properties":{"name":"Krzeptów - skrzy.","lines":"927, 947, 967","arr":["927","947","967"],"terminus":0,"mode":"bus","color":"#0059a9","colorDark":"#00294f","angle":90.4,"snapDist":3,"label":0}},{"type":"Feature","geometry":{"type":"Point","coordinates":[16.88558,51.090691]},"properties":{"name":"Krzeptów - Boisko","lines":"927, 967","arr":["927","967"],"terminus":0,"mode":"bus","color":"#0059a9","colorDark":"#00294f","angle":169.1,"snapDist":1,"label":0}},{"type":"Feature","geometry":{"type":"Point","coordinates":[16.892497,51.092294]},"properties":{"name":"Krzeptów - Dolina Krzeptowa","lines":"927, 967","arr":["927","967"],"terminus":0,"mode":"bus","color":"#0059a9","colorDark":"#00294f","angle":148.5,"snapDist":3,"label":0}},{"type":"Feature","geometry":{"type":"Point","coordinates":[16.909123,51.087957]},"properties":{"name":"Smolec - Wiśniowa","lines":"927, 967","arr":["927","967"],"terminus":1,"mode":"bus","color":"#0059a9","colorDark":"#00294f","angle":207.9,"snapDist":11,"label":0}},{"type":"Feature","geometry":{"type":"Point","coordinates":[17.216428,51.217667]},"properties":{"name":"Dąbrowica","lines":"928","arr":["928"],"terminus":0,"mode":"bus","color":"#0059a9","colorDark":"#00294f","angle":-113.9,"snapDist":7,"label":1}},{"type":"Feature","geometry":{"type":"Point","coordinates":[17.205002,51.216648]},"properties":{"name":"Łosice","lines":"928","arr":["928"],"terminus":0,"mode":"bus","color":"#0059a9","colorDark":"#00294f","angle":286.7,"snapDist":6,"label":1}},{"type":"Feature","geometry":{"type":"Point","coordinates":[17.203647,51.216832]},"properties":{"name":"Łosice - plac zabaw","lines":"928, 941","arr":["928","941"],"terminus":0,"mode":"bus","color":"#0059a9","colorDark":"#00294f","angle":30.9,"snapDist":8,"label":1}},{"type":"Feature","geometry":{"type":"Point","coordinates":[17.1879,51.222966]},"properties":{"name":"Budziwojowice","lines":"928, 941","arr":["928","941"],"terminus":0,"mode":"bus","color":"#0059a9","colorDark":"#00294f","angle":22.5,"snapDist":15,"label":1}},{"type":"Feature","geometry":{"type":"Point","coordinates":[17.180472,51.228525]},"properties":{"name":"Łozina - Cmentarz","lines":"928, 941","arr":["928","941"],"terminus":0,"mode":"bus","color":"#0059a9","colorDark":"#00294f","angle":63.1,"snapDist":10,"label":1}},{"type":"Feature","geometry":{"type":"Point","coordinates":[17.176198,51.232119]},"properties":{"name":"Łozina - Kościół","lines":"928, 941","arr":["928","941"],"terminus":1,"mode":"bus","color":"#0059a9","colorDark":"#00294f","angle":43.6,"snapDist":16,"label":1}},{"type":"Feature","geometry":{"type":"Point","coordinates":[17.172797,51.23038]},"properties":{"name":"Łozina - Wrocławska (na wys. nr 18)","lines":"928, 930","arr":["928","930"],"terminus":0,"mode":"bus","color":"#0059a9","colorDark":"#00294f","angle":294.7,"snapDist":6,"label":1}},{"type":"Feature","geometry":{"type":"Point","coordinates":[17.159526,51.211922]},"properties":{"name":"Bąków","lines":"928, 930","arr":["928","930"],"terminus":0,"mode":"bus","color":"#0059a9","colorDark":"#00294f","angle":288.6,"snapDist":5,"label":1}},{"type":"Feature","geometry":{"type":"Point","coordinates":[17.153089,51.204833]},"properties":{"name":"Bukowina - skrzy.","lines":"928, 930","arr":["928","930"],"terminus":0,"mode":"bus","color":"#0059a9","colorDark":"#00294f","angle":15.5,"snapDist":0,"label":1}},{"type":"Feature","geometry":{"type":"Point","coordinates":[17.140091,51.210556]},"properties":{"name":"Bukowina","lines":"928, 930","arr":["928","930"],"terminus":0,"mode":"bus","color":"#0059a9","colorDark":"#00294f","angle":210.4,"snapDist":3,"label":1}},{"type":"Feature","geometry":{"type":"Point","coordinates":[17.153775,51.204598]},"properties":{"name":"Bukowina - skrzy.","lines":"928","arr":["928"],"terminus":0,"mode":"bus","color":"#0059a9","colorDark":"#00294f","angle":272.6,"snapDist":5,"label":0}},{"type":"Feature","geometry":{"type":"Point","coordinates":[17.15184,51.19599]},"properties":{"name":"Domaszczyn - Trzebnicka","lines":"928","arr":["928"],"terminus":0,"mode":"bus","color":"#0059a9","colorDark":"#00294f","angle":290.9,"snapDist":3,"label":1}},{"type":"Feature","geometry":{"type":"Point","coordinates":[17.151159,51.188906]},"properties":{"name":"Domaszczyn - skrzy.","lines":"928","arr":["928"],"terminus":0,"mode":"bus","color":"#0059a9","colorDark":"#00294f","angle":281.1,"snapDist":4,"label":1}},{"type":"Feature","geometry":{"type":"Point","coordinates":[17.145018,51.183438]},"properties":{"name":"Pruszowice - las","lines":"928","arr":["928"],"terminus":0,"mode":"bus","color":"#0059a9","colorDark":"#00294f","angle":310,"snapDist":11,"label":1}},{"type":"Feature","geometry":{"type":"Point","coordinates":[17.128049,51.1659]},"properties":{"name":"Odolanowska","lines":"928","arr":["928"],"terminus":0,"mode":"bus","color":"#0059a9","colorDark":"#00294f","angle":309.1,"snapDist":7,"label":1}},{"type":"Feature","geometry":{"type":"Point","coordinates":[17.125933,51.164046]},"properties":{"name":"Odrodzenia Polski","lines":"928","arr":["928"],"terminus":0,"mode":"bus","color":"#0059a9","colorDark":"#00294f","angle":294,"snapDist":7,"label":1}},{"type":"Feature","geometry":{"type":"Point","coordinates":[17.065264,51.131848]},"properties":{"name":"KROMERA","lines":"928","arr":["928"],"terminus":1,"mode":"bus","color":"#0059a9","colorDark":"#00294f","angle":3.7,"snapDist":40,"label":0}},{"type":"Feature","geometry":{"type":"Point","coordinates":[17.126142,51.164312]},"properties":{"name":"Odrodzenia Polski","lines":"928","arr":["928"],"terminus":0,"mode":"bus","color":"#0059a9","colorDark":"#00294f","angle":116.5,"snapDist":5,"label":0}},{"type":"Feature","geometry":{"type":"Point","coordinates":[17.129101,51.166939]},"properties":{"name":"Odolanowska","lines":"928","arr":["928"],"terminus":0,"mode":"bus","color":"#0059a9","colorDark":"#00294f","angle":114.7,"snapDist":5,"label":0}},{"type":"Feature","geometry":{"type":"Point","coordinates":[17.145101,51.1835]},"properties":{"name":"Pruszowice - las","lines":"928","arr":["928"],"terminus":0,"mode":"bus","color":"#0059a9","colorDark":"#00294f","angle":130,"snapDist":0,"label":0}},{"type":"Feature","geometry":{"type":"Point","coordinates":[17.151243,51.189188]},"properties":{"name":"Domaszczyn - skrzy.","lines":"928","arr":["928"],"terminus":0,"mode":"bus","color":"#0059a9","colorDark":"#00294f","angle":100.4,"snapDist":2,"label":0}},{"type":"Feature","geometry":{"type":"Point","coordinates":[17.151986,51.196205]},"properties":{"name":"Domaszczyn - Trzebnicka","lines":"928","arr":["928"],"terminus":0,"mode":"bus","color":"#0059a9","colorDark":"#00294f","angle":116.7,"snapDist":1,"label":0}},{"type":"Feature","geometry":{"type":"Point","coordinates":[17.15382,51.205191]},"properties":{"name":"Bukowina - skrzy.","lines":"928, 930","arr":["928","930"],"terminus":0,"mode":"bus","color":"#0059a9","colorDark":"#00294f","angle":92.8,"snapDist":1,"label":0}},{"type":"Feature","geometry":{"type":"Point","coordinates":[17.159438,51.211764]},"properties":{"name":"Bąków","lines":"928, 930","arr":["928","930"],"terminus":0,"mode":"bus","color":"#0059a9","colorDark":"#00294f","angle":107.3,"snapDist":3,"label":0}},{"type":"Feature","geometry":{"type":"Point","coordinates":[17.172535,51.230025]},"properties":{"name":"Łozina - Wrocławska (na wys. nr 18)","lines":"928, 930","arr":["928","930"],"terminus":0,"mode":"bus","color":"#0059a9","colorDark":"#00294f","angle":116.1,"snapDist":3,"label":0}},{"type":"Feature","geometry":{"type":"Point","coordinates":[17.180525,51.228459]},"properties":{"name":"Łozina - Cmentarz","lines":"928, 941","arr":["928","941"],"terminus":0,"mode":"bus","color":"#0059a9","colorDark":"#00294f","angle":243.1,"snapDist":0,"label":0}},{"type":"Feature","geometry":{"type":"Point","coordinates":[17.188128,51.222909]},"properties":{"name":"Budziwojowice","lines":"928, 941","arr":["928","941"],"terminus":0,"mode":"bus","color":"#0059a9","colorDark":"#00294f","angle":201,"snapDist":3,"label":0}},{"type":"Feature","geometry":{"type":"Point","coordinates":[17.203926,51.216728]},"properties":{"name":"Łosice - plac zabaw","lines":"928, 941","arr":["928","941"],"terminus":0,"mode":"bus","color":"#0059a9","colorDark":"#00294f","angle":210.1,"snapDist":4,"label":0}},{"type":"Feature","geometry":{"type":"Point","coordinates":[17.205057,51.216764]},"properties":{"name":"Łosice","lines":"928","arr":["928"],"terminus":0,"mode":"bus","color":"#0059a9","colorDark":"#00294f","angle":106.7,"snapDist":9,"label":0}},{"type":"Feature","geometry":{"type":"Point","coordinates":[17.216726,51.217435]},"properties":{"name":"Dąbrowica","lines":"928","arr":["928"],"terminus":0,"mode":"bus","color":"#0059a9","colorDark":"#00294f","angle":49.5,"snapDist":9,"label":0}},{"type":"Feature","geometry":{"type":"Point","coordinates":[17.130111,51.24057]},"properties":{"name":"Godzieszowa - transformator","lines":"930, 931","arr":["930","931"],"terminus":1,"mode":"bus","color":"#0059a9","colorDark":"#00294f","angle":300,"snapDist":10,"label":1}},{"type":"Feature","geometry":{"type":"Point","coordinates":[17.125982,51.237395]},"properties":{"name":"Godzieszowa (na wys. nr 3)","lines":"930, 931","arr":["930","931"],"terminus":0,"mode":"bus","color":"#0059a9","colorDark":"#00294f","angle":321.1,"snapDist":6,"label":1}},{"type":"Feature","geometry":{"type":"Point","coordinates":[17.121565,51.234725]},"properties":{"name":"Siedlec - stacja","lines":"930, 931","arr":["930","931"],"terminus":0,"mode":"bus","color":"#0059a9","colorDark":"#00294f","angle":308.1,"snapDist":3,"label":1}},{"type":"Feature","geometry":{"type":"Point","coordinates":[17.12154,51.233966]},"properties":{"name":"Siedlec - skrzy. Osiedlowa","lines":"930","arr":["930"],"terminus":0,"mode":"bus","color":"#0059a9","colorDark":"#00294f","angle":199.4,"snapDist":4,"label":1}},{"type":"Feature","geometry":{"type":"Point","coordinates":[17.134778,51.230752]},"properties":{"name":"Tokary - osiedle","lines":"930","arr":["930"],"terminus":0,"mode":"bus","color":"#0059a9","colorDark":"#00294f","angle":202.2,"snapDist":6,"label":1}},{"type":"Feature","geometry":{"type":"Point","coordinates":[17.140392,51.232999]},"properties":{"name":"Tokary - centrum","lines":"930","arr":["930"],"terminus":0,"mode":"bus","color":"#0059a9","colorDark":"#00294f","angle":191.1,"snapDist":4,"label":1}},{"type":"Feature","geometry":{"type":"Point","coordinates":[17.165044,51.233201]},"properties":{"name":"Łozina - Nowego Osiedla II","lines":"930","arr":["930"],"terminus":0,"mode":"bus","color":"#0059a9","colorDark":"#00294f","angle":176.6,"snapDist":0,"label":1}},{"type":"Feature","geometry":{"type":"Point","coordinates":[17.171964,51.233445]},"properties":{"name":"Łozina - Nowego Osiedla I","lines":"930","arr":["930"],"terminus":0,"mode":"bus","color":"#0059a9","colorDark":"#00294f","angle":176.8,"snapDist":1,"label":1}},{"type":"Feature","geometry":{"type":"Point","coordinates":[17.14024,51.210715]},"properties":{"name":"Bukowina","lines":"930","arr":["930"],"terminus":0,"mode":"bus","color":"#0059a9","colorDark":"#00294f","angle":305.3,"snapDist":10,"label":0}},{"type":"Feature","geometry":{"type":"Point","coordinates":[17.117353,51.215858]},"properties":{"name":"Pasikurowice - n/ż","lines":"930","arr":["930"],"terminus":0,"mode":"bus","color":"#0059a9","colorDark":"#00294f","angle":337.4,"snapDist":6,"label":1}},{"type":"Feature","geometry":{"type":"Point","coordinates":[17.109887,51.214098]},"properties":{"name":"Pasikurowice - Energetyczna","lines":"930, 931","arr":["930","931"],"terminus":0,"mode":"bus","color":"#0059a9","colorDark":"#00294f","angle":298.8,"snapDist":6,"label":1}},{"type":"Feature","geometry":{"type":"Point","coordinates":[17.104039,51.209766]},"properties":{"name":"Pasikurowice - skrzy. Malinowa","lines":"930, 931","arr":["930","931"],"terminus":0,"mode":"bus","color":"#0059a9","colorDark":"#00294f","angle":314.6,"snapDist":5,"label":1}},{"type":"Feature","geometry":{"type":"Point","coordinates":[17.100977,51.20568]},"properties":{"name":"Pasikurowice - cmentarz","lines":"930, 931","arr":["930","931"],"terminus":0,"mode":"bus","color":"#0059a9","colorDark":"#00294f","angle":270.6,"snapDist":5,"label":1}},{"type":"Feature","geometry":{"type":"Point","coordinates":[17.052943,51.17898]},"properties":{"name":"Krzyżanowice - Główna","lines":"930","arr":["930"],"terminus":0,"mode":"bus","color":"#0059a9","colorDark":"#00294f","angle":298.1,"snapDist":6,"label":1}},{"type":"Feature","geometry":{"type":"Point","coordinates":[17.048809,51.17412]},"properties":{"name":"KRZYŻANOWICE","lines":"930","arr":["930"],"terminus":0,"mode":"bus","color":"#0059a9","colorDark":"#00294f","angle":123.1,"snapDist":6,"label":1}},{"type":"Feature","geometry":{"type":"Point","coordinates":[17.056022,51.128702]},"properties":{"name":"Mosty Warszawskie","lines":"930, 242, 251","arr":["930","242","251"],"terminus":0,"mode":"bus","color":"#0059a9","colorDark":"#00294f","angle":144.9,"snapDist":9,"label":0}},{"type":"Feature","geometry":{"type":"Point","coordinates":[17.053893,51.128324]},"properties":{"name":"Mosty Warszawskie","lines":"930, 242, 251","arr":["930","242","251"],"terminus":0,"mode":"bus","color":"#0059a9","colorDark":"#00294f","angle":331.7,"snapDist":7,"label":0}},{"type":"Feature","geometry":{"type":"Point","coordinates":[17.053329,51.179444]},"properties":{"name":"Krzyżanowice - Główna","lines":"930","arr":["930"],"terminus":0,"mode":"bus","color":"#0059a9","colorDark":"#00294f","angle":-62.4,"snapDist":7,"label":0}},{"type":"Feature","geometry":{"type":"Point","coordinates":[17.100695,51.204218]},"properties":{"name":"Pasikurowice - cmentarz","lines":"930, 931","arr":["930","931"],"terminus":0,"mode":"bus","color":"#0059a9","colorDark":"#00294f","angle":117.9,"snapDist":11,"label":0}},{"type":"Feature","geometry":{"type":"Point","coordinates":[17.103802,51.209615]},"properties":{"name":"Pasikurowice - skrzy. Malinowa","lines":"930, 931","arr":["930","931"],"terminus":0,"mode":"bus","color":"#0059a9","colorDark":"#00294f","angle":134.7,"snapDist":13,"label":0}},{"type":"Feature","geometry":{"type":"Point","coordinates":[17.109813,51.214013]},"properties":{"name":"Pasikurowice - Energetyczna","lines":"930, 931","arr":["930","931"],"terminus":0,"mode":"bus","color":"#0059a9","colorDark":"#00294f","angle":118.8,"snapDist":3,"label":0}},{"type":"Feature","geometry":{"type":"Point","coordinates":[17.117474,51.215888]},"properties":{"name":"Pasikurowice - n/ż","lines":"930","arr":["930"],"terminus":0,"mode":"bus","color":"#0059a9","colorDark":"#00294f","angle":160.5,"snapDist":1,"label":0}},{"type":"Feature","geometry":{"type":"Point","coordinates":[17.171305,51.233422]},"properties":{"name":"Łozina - Nowego Osiedla I","lines":"930","arr":["930"],"terminus":0,"mode":"bus","color":"#0059a9","colorDark":"#00294f","angle":356.8,"snapDist":7,"label":0}},{"type":"Feature","geometry":{"type":"Point","coordinates":[17.163518,51.233146]},"properties":{"name":"Łozina - Nowego Osiedla II","lines":"930","arr":["930"],"terminus":0,"mode":"bus","color":"#0059a9","colorDark":"#00294f","angle":356.7,"snapDist":7,"label":0}},{"type":"Feature","geometry":{"type":"Point","coordinates":[17.140456,51.232992]},"properties":{"name":"Tokary - centrum","lines":"930","arr":["930"],"terminus":0,"mode":"bus","color":"#0059a9","colorDark":"#00294f","angle":11.1,"snapDist":15,"label":0}},{"type":"Feature","geometry":{"type":"Point","coordinates":[17.134955,51.230706]},"properties":{"name":"Tokary - osiedle","lines":"930","arr":["930"],"terminus":0,"mode":"bus","color":"#0059a9","colorDark":"#00294f","angle":22.2,"snapDist":18,"label":0}},{"type":"Feature","geometry":{"type":"Point","coordinates":[17.121445,51.233987]},"properties":{"name":"Siedlec - skrzy. Osiedlowa","lines":"930","arr":["930"],"terminus":0,"mode":"bus","color":"#0059a9","colorDark":"#00294f","angle":19.9,"snapDist":7,"label":0}},{"type":"Feature","geometry":{"type":"Point","coordinates":[17.121559,51.23472]},"properties":{"name":"Siedlec - stacja","lines":"930, 931","arr":["930","931"],"terminus":0,"mode":"bus","color":"#0059a9","colorDark":"#00294f","angle":128.1,"snapDist":4,"label":0}},{"type":"Feature","geometry":{"type":"Point","coordinates":[17.128086,51.238514]},"properties":{"name":"Godzieszowa (na wys. nr 8)","lines":"930, 931","arr":["930","931"],"terminus":0,"mode":"bus","color":"#0059a9","colorDark":"#00294f","angle":138.9,"snapDist":2,"label":1}},{"type":"Feature","geometry":{"type":"Point","coordinates":[17.130507,51.241023]},"properties":{"name":"Godzieszowa - transformator","lines":"930, 931","arr":["930","931"],"terminus":1,"mode":"bus","color":"#0059a9","colorDark":"#00294f","angle":119.2,"snapDist":12,"label":0}},{"type":"Feature","geometry":{"type":"Point","coordinates":[17.186016,51.118955]},"properties":{"name":"Kiełczówek - pętla","lines":"931","arr":["931"],"terminus":1,"mode":"bus","color":"#0059a9","colorDark":"#00294f","angle":6.2,"snapDist":9,"label":1}},{"type":"Feature","geometry":{"type":"Point","coordinates":[17.179197,51.119468]},"properties":{"name":"Kiełczówek - skrzy. Imbirowa","lines":"931","arr":["931"],"terminus":0,"mode":"bus","color":"#0059a9","colorDark":"#00294f","angle":23.6,"snapDist":3,"label":1}},{"type":"Feature","geometry":{"type":"Point","coordinates":[17.175303,51.124028]},"properties":{"name":"Kiełczówek - Sielska Zagroda","lines":"931","arr":["931"],"terminus":0,"mode":"bus","color":"#0059a9","colorDark":"#00294f","angle":91.8,"snapDist":1,"label":1}},{"type":"Feature","geometry":{"type":"Point","coordinates":[17.174661,51.129857]},"properties":{"name":"Kiełczów - Rzeczna","lines":"931","arr":["931"],"terminus":0,"mode":"bus","color":"#0059a9","colorDark":"#00294f","angle":87.2,"snapDist":6,"label":1}},{"type":"Feature","geometry":{"type":"Point","coordinates":[17.101483,51.188793]},"properties":{"name":"Ramiszów","lines":"931","arr":["931"],"terminus":0,"mode":"bus","color":"#0059a9","colorDark":"#00294f","angle":103.1,"snapDist":4,"label":1}},{"type":"Feature","geometry":{"type":"Point","coordinates":[17.101183,51.193306]},"properties":{"name":"Ramiszów Stacja","lines":"931","arr":["931"],"terminus":0,"mode":"bus","color":"#0059a9","colorDark":"#00294f","angle":67.4,"snapDist":1,"label":1}},{"type":"Feature","geometry":{"type":"Point","coordinates":[17.111048,51.215418]},"properties":{"name":"Pasikurowice - Wrocławska (na wys. nr 14) inw","lines":"931","arr":["931"],"terminus":0,"mode":"bus","color":"#0059a9","colorDark":"#00294f","angle":119.3,"snapDist":3,"label":1}},{"type":"Feature","geometry":{"type":"Point","coordinates":[17.114835,51.230281]},"properties":{"name":"Siedlec - Wrocławska/szkoła","lines":"931","arr":["931"],"terminus":0,"mode":"bus","color":"#0059a9","colorDark":"#00294f","angle":129.6,"snapDist":3,"label":1}},{"type":"Feature","geometry":{"type":"Point","coordinates":[17.115843,51.230967]},"properties":{"name":"Siedlec - Wrocławska/sklep","lines":"931","arr":["931"],"terminus":0,"mode":"bus","color":"#0059a9","colorDark":"#00294f","angle":320.4,"snapDist":5,"label":1}},{"type":"Feature","geometry":{"type":"Point","coordinates":[17.110677,51.214997]},"properties":{"name":"Pasikurowice - Wrocławska (na wys. nr 14) inw","lines":"931","arr":["931"],"terminus":0,"mode":"bus","color":"#0059a9","colorDark":"#00294f","angle":299,"snapDist":5,"label":0}},{"type":"Feature","geometry":{"type":"Point","coordinates":[17.10093,51.19403]},"properties":{"name":"Ramiszów Stacja","lines":"931","arr":["931"],"terminus":0,"mode":"bus","color":"#0059a9","colorDark":"#00294f","angle":263.9,"snapDist":2,"label":0}},{"type":"Feature","geometry":{"type":"Point","coordinates":[17.101476,51.188774]},"properties":{"name":"Ramiszów","lines":"931","arr":["931"],"terminus":0,"mode":"bus","color":"#0059a9","colorDark":"#00294f","angle":283.8,"snapDist":5,"label":0}},{"type":"Feature","geometry":{"type":"Point","coordinates":[17.174694,51.129397]},"properties":{"name":"Kiełczów - Rzeczna","lines":"931","arr":["931"],"terminus":0,"mode":"bus","color":"#0059a9","colorDark":"#00294f","angle":267.4,"snapDist":6,"label":0}},{"type":"Feature","geometry":{"type":"Point","coordinates":[17.175299,51.123957]},"properties":{"name":"Kiełczówek - Sielska Zagroda","lines":"931","arr":["931"],"terminus":0,"mode":"bus","color":"#0059a9","colorDark":"#00294f","angle":271.8,"snapDist":3,"label":0}},{"type":"Feature","geometry":{"type":"Point","coordinates":[17.17904,51.11951]},"properties":{"name":"Kiełczówek","lines":"931","arr":["931"],"terminus":0,"mode":"bus","color":"#0059a9","colorDark":"#00294f","angle":203,"snapDist":7,"label":1}},{"type":"Feature","geometry":{"type":"Point","coordinates":[16.945503,51.056806]},"properties":{"name":"Zabrodzie - pętla","lines":"933","arr":["933"],"terminus":1,"mode":"bus","color":"#0059a9","colorDark":"#00294f","angle":253.1,"snapDist":7,"label":1}},{"type":"Feature","geometry":{"type":"Point","coordinates":[16.956346,51.05872]},"properties":{"name":"Kwiatkowskiego","lines":"933","arr":["933"],"terminus":0,"mode":"bus","color":"#0059a9","colorDark":"#00294f","angle":177.7,"snapDist":5,"label":1}},{"type":"Feature","geometry":{"type":"Point","coordinates":[16.954679,51.058576]},"properties":{"name":"Kwiatkowskiego","lines":"933","arr":["933"],"terminus":0,"mode":"bus","color":"#0059a9","colorDark":"#00294f","angle":338.6,"snapDist":8,"label":0}},{"type":"Feature","geometry":{"type":"Point","coordinates":[16.9466,51.056909]},"properties":{"name":"Zabrodzie - pętla","lines":"933","arr":["933"],"terminus":1,"mode":"bus","color":"#0059a9","colorDark":"#00294f","angle":345.6,"snapDist":6,"label":0}},{"type":"Feature","geometry":{"type":"Point","coordinates":[16.834822,51.201519]},"properties":{"name":"Brzezina - Chrobrego","lines":"937","arr":["937"],"terminus":0,"mode":"bus","color":"#0059a9","colorDark":"#00294f","angle":273.3,"snapDist":6,"label":1}},{"type":"Feature","geometry":{"type":"Point","coordinates":[16.833507,51.192167]},"properties":{"name":"Brzezina - Osiedle","lines":"937","arr":["937"],"terminus":0,"mode":"bus","color":"#0059a9","colorDark":"#00294f","angle":263.4,"snapDist":4,"label":1}},{"type":"Feature","geometry":{"type":"Point","coordinates":[16.833784,51.190669]},"properties":{"name":"Brzezina - Zacisze","lines":"937","arr":["937"],"terminus":0,"mode":"bus","color":"#0059a9","colorDark":"#00294f","angle":262.8,"snapDist":3,"label":1}},{"type":"Feature","geometry":{"type":"Point","coordinates":[16.83302,51.187066]},"properties":{"name":"Brzezina - Biedronka","lines":"937","arr":["937"],"terminus":0,"mode":"bus","color":"#0059a9","colorDark":"#00294f","angle":291.6,"snapDist":5,"label":1}},{"type":"Feature","geometry":{"type":"Point","coordinates":[16.833402,51.175889]},"properties":{"name":"LAS MOKRZAŃSKI","lines":"937","arr":["937"],"terminus":0,"mode":"bus","color":"#0059a9","colorDark":"#00294f","angle":79.5,"snapDist":10,"label":0}},{"type":"Feature","geometry":{"type":"Point","coordinates":[16.833134,51.187251]},"properties":{"name":"Brzezina - Biedronka","lines":"937","arr":["937"],"terminus":0,"mode":"bus","color":"#0059a9","colorDark":"#00294f","angle":111,"snapDist":4,"label":0}},{"type":"Feature","geometry":{"type":"Point","coordinates":[16.833757,51.190808]},"properties":{"name":"Brzezina - Zacisze","lines":"937","arr":["937"],"terminus":0,"mode":"bus","color":"#0059a9","colorDark":"#00294f","angle":83.3,"snapDist":3,"label":0}},{"type":"Feature","geometry":{"type":"Point","coordinates":[16.833407,51.192665]},"properties":{"name":"Brzezina - Osiedle","lines":"937","arr":["937"],"terminus":0,"mode":"bus","color":"#0059a9","colorDark":"#00294f","angle":82.9,"snapDist":1,"label":0}},{"type":"Feature","geometry":{"type":"Point","coordinates":[16.834817,51.20146]},"properties":{"name":"Brzezina - Chrobrego","lines":"937","arr":["937"],"terminus":0,"mode":"bus","color":"#0059a9","colorDark":"#00294f","angle":93.3,"snapDist":11,"label":0}},{"type":"Feature","geometry":{"type":"Point","coordinates":[16.740389,51.121477]},"properties":{"name":"Łowęcice - Staw","lines":"938","arr":["938"],"terminus":1,"mode":"bus","color":"#0059a9","colorDark":"#00294f","angle":48.6,"snapDist":6,"label":1}},{"type":"Feature","geometry":{"type":"Point","coordinates":[16.743246,51.129144]},"properties":{"name":"Radakowice - Świetlica","lines":"938","arr":["938"],"terminus":0,"mode":"bus","color":"#0059a9","colorDark":"#00294f","angle":193.9,"snapDist":2,"label":1}},{"type":"Feature","geometry":{"type":"Point","coordinates":[16.756262,51.131752]},"properties":{"name":"Lutynia - Kolonia","lines":"938","arr":["938"],"terminus":0,"mode":"bus","color":"#0059a9","colorDark":"#00294f","angle":162.4,"snapDist":3,"label":1}},{"type":"Feature","geometry":{"type":"Point","coordinates":[16.772615,51.135985]},"properties":{"name":"Lutynia I","lines":"938","arr":["938"],"terminus":0,"mode":"bus","color":"#0059a9","colorDark":"#00294f","angle":140.6,"snapDist":1,"label":1}},{"type":"Feature","geometry":{"type":"Point","coordinates":[16.782888,51.134942]},"properties":{"name":"Lutynia - Straż","lines":"938","arr":["938"],"terminus":0,"mode":"bus","color":"#0059a9","colorDark":"#00294f","angle":192.7,"snapDist":1,"label":1}},{"type":"Feature","geometry":{"type":"Point","coordinates":[16.796186,51.138219]},"properties":{"name":"Lutynia Osiedle","lines":"938","arr":["938"],"terminus":0,"mode":"bus","color":"#0059a9","colorDark":"#00294f","angle":107.1,"snapDist":5,"label":1}},{"type":"Feature","geometry":{"type":"Point","coordinates":[16.806138,51.151549]},"properties":{"name":"Lutynia Rondo","lines":"938","arr":["938"],"terminus":0,"mode":"bus","color":"#0059a9","colorDark":"#00294f","angle":194.6,"snapDist":2,"label":1}},{"type":"Feature","geometry":{"type":"Point","coordinates":[16.81672,51.153266]},"properties":{"name":"Krępice","lines":"938, 948, 958","arr":["938","948","958"],"terminus":0,"mode":"bus","color":"#0059a9","colorDark":"#00294f","angle":197.2,"snapDist":9,"label":1}},{"type":"Feature","geometry":{"type":"Point","coordinates":[16.854205,51.147371]},"properties":{"name":"Mokrzańska","lines":"938","arr":["938"],"terminus":0,"mode":"bus","color":"#0059a9","colorDark":"#00294f","angle":189.9,"snapDist":7,"label":0}},{"type":"Feature","geometry":{"type":"Point","coordinates":[16.866332,51.145968]},"properties":{"name":"Leśnica - Hermes","lines":"938","arr":["938"],"terminus":0,"mode":"bus","color":"#0059a9","colorDark":"#00294f","angle":189.6,"snapDist":11,"label":1}},{"type":"Feature","geometry":{"type":"Point","coordinates":[16.834497,51.149797]},"properties":{"name":"ŻAR","lines":"938, 948, 958","arr":["938","948","958"],"terminus":0,"mode":"bus","color":"#0059a9","colorDark":"#00294f","angle":17.3,"snapDist":5,"label":0}},{"type":"Feature","geometry":{"type":"Point","coordinates":[16.814934,51.153111]},"properties":{"name":"Wróblowice - Innowacyjna","lines":"938","arr":["938"],"terminus":0,"mode":"bus","color":"#0059a9","colorDark":"#00294f","angle":274.8,"snapDist":21,"label":1}},{"type":"Feature","geometry":{"type":"Point","coordinates":[16.805969,51.151576]},"properties":{"name":"Lutynia Rondo","lines":"938","arr":["938"],"terminus":0,"mode":"bus","color":"#0059a9","colorDark":"#00294f","angle":14.6,"snapDist":8,"label":0}},{"type":"Feature","geometry":{"type":"Point","coordinates":[16.795827,51.137414]},"properties":{"name":"Lutynia Osiedle","lines":"938","arr":["938"],"terminus":0,"mode":"bus","color":"#0059a9","colorDark":"#00294f","angle":287.6,"snapDist":3,"label":0}},{"type":"Feature","geometry":{"type":"Point","coordinates":[16.783087,51.134914]},"properties":{"name":"Lutynia - Straż","lines":"938","arr":["938"],"terminus":0,"mode":"bus","color":"#0059a9","colorDark":"#00294f","angle":12.7,"snapDist":7,"label":0}},{"type":"Feature","geometry":{"type":"Point","coordinates":[16.772248,51.135833]},"properties":{"name":"Lutynia I","lines":"938","arr":["938"],"terminus":0,"mode":"bus","color":"#0059a9","colorDark":"#00294f","angle":329.6,"snapDist":1,"label":0}},{"type":"Feature","geometry":{"type":"Point","coordinates":[16.75607,51.131714]},"properties":{"name":"Lutynia - Kolonia","lines":"938","arr":["938"],"terminus":0,"mode":"bus","color":"#0059a9","colorDark":"#00294f","angle":342.4,"snapDist":5,"label":0}},{"type":"Feature","geometry":{"type":"Point","coordinates":[16.742574,51.129265]},"properties":{"name":"Radakowice - Świetlica","lines":"938","arr":["938"],"terminus":0,"mode":"bus","color":"#0059a9","colorDark":"#00294f","angle":18,"snapDist":6,"label":0}},{"type":"Feature","geometry":{"type":"Point","coordinates":[16.740389,51.121477]},"properties":{"name":"Łowęcice - Staw","lines":"938","arr":["938"],"terminus":0,"mode":"bus","color":"#0059a9","colorDark":"#00294f","angle":228.6,"snapDist":5,"label":0}},{"type":"Feature","geometry":{"type":"Point","coordinates":[17.215342,51.163551]},"properties":{"name":"Kamień - skrzy. Kryształowa","lines":"941","arr":["941"],"terminus":0,"mode":"bus","color":"#0059a9","colorDark":"#00294f","angle":356.1,"snapDist":1,"label":1}},{"type":"Feature","geometry":{"type":"Point","coordinates":[17.218346,51.164258]},"properties":{"name":"Kamień - skrzy. Rubinowa","lines":"941","arr":["941"],"terminus":0,"mode":"bus","color":"#0059a9","colorDark":"#00294f","angle":130.5,"snapDist":8,"label":1}},{"type":"Feature","geometry":{"type":"Point","coordinates":[17.219889,51.166549]},"properties":{"name":"Kamień - skrzy. Diamentowa","lines":"941","arr":["941"],"terminus":0,"mode":"bus","color":"#0059a9","colorDark":"#00294f","angle":112.1,"snapDist":7,"label":1}},{"type":"Feature","geometry":{"type":"Point","coordinates":[17.16687,51.160578]},"properties":{"name":"Mirków - Kiełczowska (na wys. nr 14)","lines":"944","arr":["944"],"terminus":0,"mode":"bus","color":"#0059a9","colorDark":"#00294f","angle":286.8,"snapDist":3,"label":1}},{"type":"Feature","geometry":{"type":"Point","coordinates":[17.169617,51.159098]},"properties":{"name":"Mirków - skrzy. Polna pętla","lines":"944","arr":["944"],"terminus":1,"mode":"bus","color":"#0059a9","colorDark":"#00294f","angle":202.6,"snapDist":2,"label":1}},{"type":"Feature","geometry":{"type":"Point","coordinates":[17.170424,51.159018]},"properties":{"name":"Mirków - skrzy. Polna pętla","lines":"944","arr":["944"],"terminus":1,"mode":"bus","color":"#0059a9","colorDark":"#00294f","angle":3.9,"snapDist":3,"label":0}},{"type":"Feature","geometry":{"type":"Point","coordinates":[17.166944,51.160736]},"properties":{"name":"Mirków - Kiełczowska (na wys. nr 14)","lines":"944","arr":["944"],"terminus":0,"mode":"bus","color":"#0059a9","colorDark":"#00294f","angle":104.7,"snapDist":2,"label":0}},{"type":"Feature","geometry":{"type":"Point","coordinates":[17.308509,51.096392]},"properties":{"name":"Chrząstawa Wielka - pętla","lines":"945","arr":["945"],"terminus":1,"mode":"bus","color":"#0059a9","colorDark":"#00294f","angle":171.6,"snapDist":3,"label":1}},{"type":"Feature","geometry":{"type":"Point","coordinates":[17.301923,51.095315]},"properties":{"name":"Chrząstawa Wielka - Leśna/staw","lines":"945","arr":["945"],"terminus":0,"mode":"bus","color":"#0059a9","colorDark":"#00294f","angle":304.9,"snapDist":3,"label":1}},{"type":"Feature","geometry":{"type":"Point","coordinates":[17.29539,51.093206]},"properties":{"name":"Chrząstawa Wielka - Wrocławska (na wys. nr 37)","lines":"945","arr":["945"],"terminus":0,"mode":"bus","color":"#0059a9","colorDark":"#00294f","angle":334.5,"snapDist":4,"label":1}},{"type":"Feature","geometry":{"type":"Point","coordinates":[17.288646,51.087768]},"properties":{"name":"Chrząstawa Mała - most","lines":"945","arr":["945"],"terminus":0,"mode":"bus","color":"#0059a9","colorDark":"#00294f","angle":281.6,"snapDist":2,"label":1}},{"type":"Feature","geometry":{"type":"Point","coordinates":[17.282838,51.081685]},"properties":{"name":"Chrząstawa Mała - Leśna/sklep","lines":"945","arr":["945"],"terminus":0,"mode":"bus","color":"#0059a9","colorDark":"#00294f","angle":215.5,"snapDist":3,"label":1}},{"type":"Feature","geometry":{"type":"Point","coordinates":[17.282692,51.078097]},"properties":{"name":"Chrząstawa Mała - Stawowa","lines":"945","arr":["945"],"terminus":0,"mode":"bus","color":"#0059a9","colorDark":"#00294f","angle":290.1,"snapDist":2,"label":1}},{"type":"Feature","geometry":{"type":"Point","coordinates":[17.276777,51.073203]},"properties":{"name":"Chrząstawa Mała - PKP","lines":"945","arr":["945"],"terminus":0,"mode":"bus","color":"#0059a9","colorDark":"#00294f","angle":321.7,"snapDist":1,"label":1}},{"type":"Feature","geometry":{"type":"Point","coordinates":[17.27022,51.070724]},"properties":{"name":"Wojnowice - Polna","lines":"945","arr":["945"],"terminus":0,"mode":"bus","color":"#0059a9","colorDark":"#00294f","angle":36.9,"snapDist":0,"label":1}},{"type":"Feature","geometry":{"type":"Point","coordinates":[17.247296,51.080426]},"properties":{"name":"Nadolice Wielkie - przejazd","lines":"945","arr":["945"],"terminus":0,"mode":"bus","color":"#0059a9","colorDark":"#00294f","angle":6.5,"snapDist":4,"label":1}},{"type":"Feature","geometry":{"type":"Point","coordinates":[17.242552,51.080899]},"properties":{"name":"Nadolice Wielkie - transformator","lines":"945","arr":["945"],"terminus":0,"mode":"bus","color":"#0059a9","colorDark":"#00294f","angle":-150.8,"snapDist":7,"label":1}},{"type":"Feature","geometry":{"type":"Point","coordinates":[17.235304,51.085338]},"properties":{"name":"Nadolice Wielkie - sklep","lines":"945","arr":["945"],"terminus":0,"mode":"bus","color":"#0059a9","colorDark":"#00294f","angle":28.6,"snapDist":0,"label":1}},{"type":"Feature","geometry":{"type":"Point","coordinates":[17.220978,51.087236]},"properties":{"name":"Nadolice Małe - skrzy. Wrocławska/Zielona","lines":"945","arr":["945"],"terminus":0,"mode":"bus","color":"#0059a9","colorDark":"#00294f","angle":19.8,"snapDist":0,"label":1}},{"type":"Feature","geometry":{"type":"Point","coordinates":[17.222641,51.098591]},"properties":{"name":"Krzyków - Główna/Zachodnia","lines":"945","arr":["945"],"terminus":0,"mode":"bus","color":"#0059a9","colorDark":"#00294f","angle":24,"snapDist":5,"label":1}},{"type":"Feature","geometry":{"type":"Point","coordinates":[17.220487,51.087964]},"properties":{"name":"Nadolice Małe - Krzykowska","lines":"945","arr":["945"],"terminus":0,"mode":"bus","color":"#0059a9","colorDark":"#00294f","angle":256.7,"snapDist":0,"label":1}},{"type":"Feature","geometry":{"type":"Point","coordinates":[17.208883,51.091156]},"properties":{"name":"Krzyków - Osiedle","lines":"945","arr":["945"],"terminus":0,"mode":"bus","color":"#0059a9","colorDark":"#00294f","angle":13.7,"snapDist":5,"label":1}},{"type":"Feature","geometry":{"type":"Point","coordinates":[17.191897,51.093163]},"properties":{"name":"Dobrzykowice - kościół","lines":"945","arr":["945"],"terminus":0,"mode":"bus","color":"#0059a9","colorDark":"#00294f","angle":357.8,"snapDist":1,"label":1}},{"type":"Feature","geometry":{"type":"Point","coordinates":[17.189553,51.0935]},"properties":{"name":"Dobrzykowice - Boczna","lines":"945, 955","arr":["945","955"],"terminus":0,"mode":"bus","color":"#0059a9","colorDark":"#00294f","angle":48.1,"snapDist":4,"label":1}},{"type":"Feature","geometry":{"type":"Point","coordinates":[17.188595,51.093935]},"properties":{"name":"Dobrzykowice - Boczna","lines":"945, 955","arr":["945","955"],"terminus":0,"mode":"bus","color":"#0059a9","colorDark":"#00294f","angle":191.1,"snapDist":1,"label":0}},{"type":"Feature","geometry":{"type":"Point","coordinates":[17.192937,51.093225]},"properties":{"name":"Dobrzykowice - kościół","lines":"945","arr":["945"],"terminus":0,"mode":"bus","color":"#0059a9","colorDark":"#00294f","angle":172.1,"snapDist":1,"label":0}},{"type":"Feature","geometry":{"type":"Point","coordinates":[17.209912,51.090987]},"properties":{"name":"Krzyków - Osiedle","lines":"945","arr":["945"],"terminus":0,"mode":"bus","color":"#0059a9","colorDark":"#00294f","angle":194.9,"snapDist":3,"label":0}},{"type":"Feature","geometry":{"type":"Point","coordinates":[17.219801,51.08748]},"properties":{"name":"Nadolice Małe - skrzy. Wrocławska/Zielona","lines":"945","arr":["945"],"terminus":0,"mode":"bus","color":"#0059a9","colorDark":"#00294f","angle":196.3,"snapDist":3,"label":0}},{"type":"Feature","geometry":{"type":"Point","coordinates":[17.236599,51.084857]},"properties":{"name":"Nadolice Wielkie - sklep","lines":"945","arr":["945"],"terminus":0,"mode":"bus","color":"#0059a9","colorDark":"#00294f","angle":210.6,"snapDist":2,"label":0}},{"type":"Feature","geometry":{"type":"Point","coordinates":[17.241334,51.081356]},"properties":{"name":"Nadolice Wielkie - transformator","lines":"945","arr":["945"],"terminus":0,"mode":"bus","color":"#0059a9","colorDark":"#00294f","angle":212.7,"snapDist":1,"label":0}},{"type":"Feature","geometry":{"type":"Point","coordinates":[17.247633,51.080402]},"properties":{"name":"Nadolice Wielkie - przejazd","lines":"945","arr":["945"],"terminus":0,"mode":"bus","color":"#0059a9","colorDark":"#00294f","angle":186.5,"snapDist":4,"label":0}},{"type":"Feature","geometry":{"type":"Point","coordinates":[17.270101,51.07078]},"properties":{"name":"Wojnowice - Polna","lines":"945","arr":["945"],"terminus":0,"mode":"bus","color":"#0059a9","colorDark":"#00294f","angle":216.9,"snapDist":0,"label":0}},{"type":"Feature","geometry":{"type":"Point","coordinates":[17.277843,51.073742]},"properties":{"name":"Chrząstawa Mała - PKP","lines":"945","arr":["945"],"terminus":0,"mode":"bus","color":"#0059a9","colorDark":"#00294f","angle":140.6,"snapDist":2,"label":0}},{"type":"Feature","geometry":{"type":"Point","coordinates":[17.282006,51.078072]},"properties":{"name":"Chrząstawa Mała - Stawowa","lines":"945","arr":["945"],"terminus":0,"mode":"bus","color":"#0059a9","colorDark":"#00294f","angle":197.4,"snapDist":1,"label":0}},{"type":"Feature","geometry":{"type":"Point","coordinates":[17.282657,51.081765]},"properties":{"name":"Chrząstawa Mała - Leśna/sklep","lines":"945","arr":["945"],"terminus":0,"mode":"bus","color":"#0059a9","colorDark":"#00294f","angle":35.5,"snapDist":1,"label":0}},{"type":"Feature","geometry":{"type":"Point","coordinates":[17.288563,51.087511]},"properties":{"name":"Chrząstawa Mała - most","lines":"945","arr":["945"],"terminus":0,"mode":"bus","color":"#0059a9","colorDark":"#00294f","angle":101.6,"snapDist":2,"label":0}},{"type":"Feature","geometry":{"type":"Point","coordinates":[17.295031,51.093096]},"properties":{"name":"Chrząstawa Wielka - Wrocławska (na wys. nr 37)","lines":"945","arr":["945"],"terminus":0,"mode":"bus","color":"#0059a9","colorDark":"#00294f","angle":153.7,"snapDist":6,"label":0}},{"type":"Feature","geometry":{"type":"Point","coordinates":[17.301967,51.095354]},"properties":{"name":"Chrząstawa Wielka - Leśna/staw","lines":"945","arr":["945"],"terminus":0,"mode":"bus","color":"#0059a9","colorDark":"#00294f","angle":124.9,"snapDist":2,"label":0}},{"type":"Feature","geometry":{"type":"Point","coordinates":[16.823737,51.077017]},"properties":{"name":"Małkowice - Główna","lines":"947","arr":["947"],"terminus":1,"mode":"bus","color":"#0059a9","colorDark":"#00294f","angle":332.4,"snapDist":7,"label":1}},{"type":"Feature","geometry":{"type":"Point","coordinates":[16.832776,51.089453]},"properties":{"name":"Skałka - skrzy. Małkowice","lines":"947","arr":["947"],"terminus":0,"mode":"bus","color":"#0059a9","colorDark":"#00294f","angle":87.7,"snapDist":4,"label":1}},{"type":"Feature","geometry":{"type":"Point","coordinates":[16.85163,51.087004]},"properties":{"name":"Kębłowice","lines":"947","arr":["947"],"terminus":0,"mode":"bus","color":"#0059a9","colorDark":"#00294f","angle":193.8,"snapDist":1,"label":1}},{"type":"Feature","geometry":{"type":"Point","coordinates":[16.891388,51.077382]},"properties":{"name":"Smolec - Wrocławska","lines":"947","arr":["947"],"terminus":0,"mode":"bus","color":"#0059a9","colorDark":"#00294f","angle":198.5,"snapDist":3,"label":1}},{"type":"Feature","geometry":{"type":"Point","coordinates":[16.909362,51.075299]},"properties":{"name":"Mokronos Górny - Topolowa/Jarzębinowa","lines":"947","arr":["947"],"terminus":0,"mode":"bus","color":"#0059a9","colorDark":"#00294f","angle":151.8,"snapDist":4,"label":1}},{"type":"Feature","geometry":{"type":"Point","coordinates":[16.916768,51.075602]},"properties":{"name":"Mokronos Górny - Wrocławska/Gwarna","lines":"947","arr":["947"],"terminus":0,"mode":"bus","color":"#0059a9","colorDark":"#00294f","angle":216,"snapDist":4,"label":1}},{"type":"Feature","geometry":{"type":"Point","coordinates":[16.933319,51.071248]},"properties":{"name":"Mokronos Dolny - Stawowa/Szczęśliwa","lines":"947","arr":["947"],"terminus":0,"mode":"bus","color":"#0059a9","colorDark":"#00294f","angle":207,"snapDist":1,"label":1}},{"type":"Feature","geometry":{"type":"Point","coordinates":[16.933121,51.071316]},"properties":{"name":"Mokronos Dolny - Stawowa/Szczęśliwa","lines":"947","arr":["947"],"terminus":0,"mode":"bus","color":"#0059a9","colorDark":"#00294f","angle":29.5,"snapDist":1,"label":0}},{"type":"Feature","geometry":{"type":"Point","coordinates":[16.916491,51.075727]},"properties":{"name":"Mokronos Górny - Wrocławska/Gwarna","lines":"947","arr":["947"],"terminus":0,"mode":"bus","color":"#0059a9","colorDark":"#00294f","angle":37.6,"snapDist":3,"label":0}},{"type":"Feature","geometry":{"type":"Point","coordinates":[16.909417,51.075318]},"properties":{"name":"Mokronos Górny - Topolowa/Jarzębinowa","lines":"947","arr":["947"],"terminus":0,"mode":"bus","color":"#0059a9","colorDark":"#00294f","angle":331.8,"snapDist":3,"label":0}},{"type":"Feature","geometry":{"type":"Point","coordinates":[16.891989,51.07726]},"properties":{"name":"Smolec - Wrocławska","lines":"947","arr":["947"],"terminus":0,"mode":"bus","color":"#0059a9","colorDark":"#00294f","angle":18,"snapDist":3,"label":0}},{"type":"Feature","geometry":{"type":"Point","coordinates":[16.851111,51.087084]},"properties":{"name":"Kębłowice","lines":"947","arr":["947"],"terminus":0,"mode":"bus","color":"#0059a9","colorDark":"#00294f","angle":14.1,"snapDist":0,"label":0}},{"type":"Feature","geometry":{"type":"Point","coordinates":[16.832781,51.089367]},"properties":{"name":"Skałka - skrzy. Małkowice","lines":"947","arr":["947"],"terminus":0,"mode":"bus","color":"#0059a9","colorDark":"#00294f","angle":267.7,"snapDist":3,"label":0}},{"type":"Feature","geometry":{"type":"Point","coordinates":[16.738204,51.193811]},"properties":{"name":"Miękinia - pętla","lines":"948","arr":["948"],"terminus":1,"mode":"bus","color":"#0059a9","colorDark":"#00294f","angle":1.6,"snapDist":95,"label":1}},{"type":"Feature","geometry":{"type":"Point","coordinates":[16.735774,51.188383]},"properties":{"name":"Miękinia - stacja PKP","lines":"948, 958","arr":["948","958"],"terminus":0,"mode":"bus","color":"#0059a9","colorDark":"#00294f","angle":335.7,"snapDist":2,"label":1}},{"type":"Feature","geometry":{"type":"Point","coordinates":[16.724654,51.188255]},"properties":{"name":"Miękinia Cegielnia","lines":"948","arr":["948"],"terminus":0,"mode":"bus","color":"#0059a9","colorDark":"#00294f","angle":354.5,"snapDist":1,"label":1}},{"type":"Feature","geometry":{"type":"Point","coordinates":[16.704623,51.183018]},"properties":{"name":"Kadłub NŻ","lines":"948","arr":["948"],"terminus":0,"mode":"bus","color":"#0059a9","colorDark":"#00294f","angle":300.5,"snapDist":7,"label":1}},{"type":"Feature","geometry":{"type":"Point","coordinates":[16.696806,51.17472]},"properties":{"name":"Kadłub wieś","lines":"948","arr":["948"],"terminus":0,"mode":"bus","color":"#0059a9","colorDark":"#00294f","angle":290.4,"snapDist":1,"label":1}},{"type":"Feature","geometry":{"type":"Point","coordinates":[16.724859,51.159737]},"properties":{"name":"Źródła","lines":"948","arr":["948"],"terminus":0,"mode":"bus","color":"#0059a9","colorDark":"#00294f","angle":184.4,"snapDist":6,"label":1}},{"type":"Feature","geometry":{"type":"Point","coordinates":[16.749795,51.158541]},"properties":{"name":"Błonie","lines":"948","arr":["948"],"terminus":0,"mode":"bus","color":"#0059a9","colorDark":"#00294f","angle":4.1,"snapDist":10,"label":1}},{"type":"Feature","geometry":{"type":"Point","coordinates":[16.785509,51.158365]},"properties":{"name":"Wróblowice","lines":"948","arr":["948"],"terminus":0,"mode":"bus","color":"#0059a9","colorDark":"#00294f","angle":171.4,"snapDist":6,"label":1}},{"type":"Feature","geometry":{"type":"Point","coordinates":[16.81301,51.153988]},"properties":{"name":"Krępice","lines":"948","arr":["948"],"terminus":0,"mode":"bus","color":"#0059a9","colorDark":"#00294f","angle":17.6,"snapDist":8,"label":1}},{"type":"Feature","geometry":{"type":"Point","coordinates":[16.781076,51.158201]},"properties":{"name":"Wróblowice","lines":"948","arr":["948"],"terminus":0,"mode":"bus","color":"#0059a9","colorDark":"#00294f","angle":0.9,"snapDist":6,"label":1}},{"type":"Feature","geometry":{"type":"Point","coordinates":[16.747453,51.158655]},"properties":{"name":"Błonie","lines":"948","arr":["948"],"terminus":0,"mode":"bus","color":"#0059a9","colorDark":"#00294f","angle":3.5,"snapDist":8,"label":0}},{"type":"Feature","geometry":{"type":"Point","coordinates":[16.735588,51.18827]},"properties":{"name":"Miękinia - stacja PKP","lines":"948, 958","arr":["948","958"],"terminus":0,"mode":"bus","color":"#0059a9","colorDark":"#00294f","angle":134.2,"snapDist":2,"label":0}},{"type":"Feature","geometry":{"type":"Point","coordinates":[17.27837,51.033392]},"properties":{"name":"Ratowice - pętla","lines":"955","arr":["955"],"terminus":1,"mode":"bus","color":"#0059a9","colorDark":"#00294f","angle":84.4,"snapDist":7,"label":1}},{"type":"Feature","geometry":{"type":"Point","coordinates":[17.269937,51.033837]},"properties":{"name":"Ratowice - Kościół","lines":"955","arr":["955"],"terminus":0,"mode":"bus","color":"#0059a9","colorDark":"#00294f","angle":7.5,"snapDist":3,"label":1}},{"type":"Feature","geometry":{"type":"Point","coordinates":[17.264526,51.034669]},"properties":{"name":"Ratowice - Odrzańska","lines":"955","arr":["955"],"terminus":0,"mode":"bus","color":"#0059a9","colorDark":"#00294f","angle":29,"snapDist":0,"label":1}},{"type":"Feature","geometry":{"type":"Point","coordinates":[17.261542,51.038716]},"properties":{"name":"Ratowice - Polna","lines":"955","arr":["955"],"terminus":0,"mode":"bus","color":"#0059a9","colorDark":"#00294f","angle":114.2,"snapDist":4,"label":1}},{"type":"Feature","geometry":{"type":"Point","coordinates":[17.248599,51.046497]},"properties":{"name":"Czernica - szkoła","lines":"955","arr":["955"],"terminus":0,"mode":"bus","color":"#0059a9","colorDark":"#00294f","angle":340.7,"snapDist":0,"label":1}},{"type":"Feature","geometry":{"type":"Point","coordinates":[17.243246,51.046168]},"properties":{"name":"Czernica - Wrocławska/Odrzańska","lines":"955","arr":["955"],"terminus":0,"mode":"bus","color":"#0059a9","colorDark":"#00294f","angle":14.4,"snapDist":6,"label":1}},{"type":"Feature","geometry":{"type":"Point","coordinates":[17.233917,51.048402]},"properties":{"name":"Czernica - Urząd Gminy","lines":"955","arr":["955"],"terminus":0,"mode":"bus","color":"#0059a9","colorDark":"#00294f","angle":24.7,"snapDist":1,"label":1}},{"type":"Feature","geometry":{"type":"Point","coordinates":[17.222157,51.052407]},"properties":{"name":"Jeszkowice - Jelczańska/Główna","lines":"955","arr":["955"],"terminus":0,"mode":"bus","color":"#0059a9","colorDark":"#00294f","angle":7.6,"snapDist":1,"label":1}},{"type":"Feature","geometry":{"type":"Point","coordinates":[17.193421,51.064153]},"properties":{"name":"Gajków - Lipowa","lines":"955","arr":["955"],"terminus":0,"mode":"bus","color":"#0059a9","colorDark":"#00294f","angle":307.7,"snapDist":2,"label":0}},{"type":"Feature","geometry":{"type":"Point","coordinates":[17.187218,51.059041]},"properties":{"name":"Gajków - kościół","lines":"955","arr":["955"],"terminus":0,"mode":"bus","color":"#0059a9","colorDark":"#00294f","angle":297.8,"snapDist":2,"label":1}},{"type":"Feature","geometry":{"type":"Point","coordinates":[17.183796,51.061474]},"properties":{"name":"Gajków - Przedszkolna","lines":"955","arr":["955"],"terminus":0,"mode":"bus","color":"#0059a9","colorDark":"#00294f","angle":59.1,"snapDist":2,"label":1}},{"type":"Feature","geometry":{"type":"Point","coordinates":[17.182567,51.067093]},"properties":{"name":"Kamieniec Wrocławski - Szkolna","lines":"955","arr":["955"],"terminus":0,"mode":"bus","color":"#0059a9","colorDark":"#00294f","angle":71.2,"snapDist":1,"label":1}},{"type":"Feature","geometry":{"type":"Point","coordinates":[17.173088,51.077731]},"properties":{"name":"Kamieniec Wrocławski - szkoła","lines":"955","arr":["955"],"terminus":0,"mode":"bus","color":"#0059a9","colorDark":"#00294f","angle":119.7,"snapDist":1,"label":1}},{"type":"Feature","geometry":{"type":"Point","coordinates":[17.182608,51.087329]},"properties":{"name":"Dobrzykowice - przejazd","lines":"955","arr":["955"],"terminus":0,"mode":"bus","color":"#0059a9","colorDark":"#00294f","angle":128.9,"snapDist":16,"label":1}},{"type":"Feature","geometry":{"type":"Point","coordinates":[17.185376,51.089506]},"properties":{"name":"Dobrzykowice - Sukcesu","lines":"955","arr":["955"],"terminus":0,"mode":"bus","color":"#0059a9","colorDark":"#00294f","angle":128.4,"snapDist":1,"label":1}},{"type":"Feature","geometry":{"type":"Point","coordinates":[17.184542,51.088847]},"properties":{"name":"Dobrzykowice - Sukcesu","lines":"955","arr":["955"],"terminus":0,"mode":"bus","color":"#0059a9","colorDark":"#00294f","angle":308.3,"snapDist":1,"label":0}},{"type":"Feature","geometry":{"type":"Point","coordinates":[17.181676,51.086607]},"properties":{"name":"Dobrzykowice - przejazd","lines":"955","arr":["955"],"terminus":0,"mode":"bus","color":"#0059a9","colorDark":"#00294f","angle":309,"snapDist":1,"label":0}},{"type":"Feature","geometry":{"type":"Point","coordinates":[17.172967,51.077598]},"properties":{"name":"Kamieniec Wrocławski - szkoła","lines":"955","arr":["955"],"terminus":0,"mode":"bus","color":"#0059a9","colorDark":"#00294f","angle":299.7,"snapDist":1,"label":0}},{"type":"Feature","geometry":{"type":"Point","coordinates":[17.179126,51.071999]},"properties":{"name":"Kamieniec Wrocławski - pętla","lines":"955","arr":["955"],"terminus":0,"mode":"bus","color":"#0059a9","colorDark":"#00294f","angle":251.9,"snapDist":2,"label":1}},{"type":"Feature","geometry":{"type":"Point","coordinates":[17.182673,51.066932]},"properties":{"name":"Kamieniec Wrocławski - Szkolna","lines":"955","arr":["955"],"terminus":0,"mode":"bus","color":"#0059a9","colorDark":"#00294f","angle":246.7,"snapDist":2,"label":0}},{"type":"Feature","geometry":{"type":"Point","coordinates":[17.184139,51.061115]},"properties":{"name":"Gajków - Przedszkolna","lines":"955","arr":["955"],"terminus":0,"mode":"bus","color":"#0059a9","colorDark":"#00294f","angle":239.1,"snapDist":3,"label":0}},{"type":"Feature","geometry":{"type":"Point","coordinates":[17.186846,51.058597]},"properties":{"name":"Gajków - kościół","lines":"955","arr":["955"],"terminus":0,"mode":"bus","color":"#0059a9","colorDark":"#00294f","angle":117.8,"snapDist":1,"label":0}},{"type":"Feature","geometry":{"type":"Point","coordinates":[17.221694,51.052464]},"properties":{"name":"Jeszkowice - Jelczańska/Główna","lines":"955","arr":["955"],"terminus":0,"mode":"bus","color":"#0059a9","colorDark":"#00294f","angle":193.6,"snapDist":2,"label":0}},{"type":"Feature","geometry":{"type":"Point","coordinates":[17.235105,51.04807]},"properties":{"name":"Czernica - Urząd Gminy","lines":"955","arr":["955"],"terminus":0,"mode":"bus","color":"#0059a9","colorDark":"#00294f","angle":198.7,"snapDist":1,"label":0}},{"type":"Feature","geometry":{"type":"Point","coordinates":[17.243066,51.046195]},"properties":{"name":"Czernica - Wrocławska/Odrzańska","lines":"955","arr":["955"],"terminus":0,"mode":"bus","color":"#0059a9","colorDark":"#00294f","angle":192.4,"snapDist":1,"label":0}},{"type":"Feature","geometry":{"type":"Point","coordinates":[17.249581,51.046725]},"properties":{"name":"Czernica - szkoła","lines":"955","arr":["955"],"terminus":0,"mode":"bus","color":"#0059a9","colorDark":"#00294f","angle":159.3,"snapDist":1,"label":0}},{"type":"Feature","geometry":{"type":"Point","coordinates":[17.261296,51.038373]},"properties":{"name":"Ratowice - Polna","lines":"955","arr":["955"],"terminus":0,"mode":"bus","color":"#0059a9","colorDark":"#00294f","angle":294.2,"snapDist":7,"label":0}},{"type":"Feature","geometry":{"type":"Point","coordinates":[17.264344,51.034733]},"properties":{"name":"Ratowice - Odrzańska","lines":"955","arr":["955"],"terminus":0,"mode":"bus","color":"#0059a9","colorDark":"#00294f","angle":209,"snapDist":0,"label":0}},{"type":"Feature","geometry":{"type":"Point","coordinates":[17.270325,51.033805]},"properties":{"name":"Ratowice - Kościół","lines":"955","arr":["955"],"terminus":0,"mode":"bus","color":"#0059a9","colorDark":"#00294f","angle":187.5,"snapDist":0,"label":0}},{"type":"Feature","geometry":{"type":"Point","coordinates":[16.762221,51.242269]},"properties":{"name":"Księginice P&R","lines":"958","arr":["958"],"terminus":1,"mode":"bus","color":"#0059a9","colorDark":"#00294f","angle":25.3,"snapDist":11,"label":1}},{"type":"Feature","geometry":{"type":"Point","coordinates":[16.761707,51.239116]},"properties":{"name":"Księginice ul. Sportowa","lines":"958","arr":["958"],"terminus":0,"mode":"bus","color":"#0059a9","colorDark":"#00294f","angle":342.7,"snapDist":2,"label":1}},{"type":"Feature","geometry":{"type":"Point","coordinates":[16.741131,51.242567]},"properties":{"name":"Gąsiorów","lines":"958","arr":["958"],"terminus":0,"mode":"bus","color":"#0059a9","colorDark":"#00294f","angle":342.1,"snapDist":2,"label":1}},{"type":"Feature","geometry":{"type":"Point","coordinates":[16.721293,51.239881]},"properties":{"name":"Głoska - Średzka","lines":"958","arr":["958"],"terminus":0,"mode":"bus","color":"#0059a9","colorDark":"#00294f","angle":348.5,"snapDist":3,"label":1}},{"type":"Feature","geometry":{"type":"Point","coordinates":[16.695908,51.225515]},"properties":{"name":"Lubiatów","lines":"958","arr":["958"],"terminus":0,"mode":"bus","color":"#0059a9","colorDark":"#00294f","angle":317.1,"snapDist":3,"label":1}},{"type":"Feature","geometry":{"type":"Point","coordinates":[16.703469,51.219153]},"properties":{"name":"Zabór Mały","lines":"958","arr":["958"],"terminus":0,"mode":"bus","color":"#0059a9","colorDark":"#00294f","angle":213.9,"snapDist":6,"label":1}},{"type":"Feature","geometry":{"type":"Point","coordinates":[16.729427,51.21223]},"properties":{"name":"Zabór Wielki","lines":"958","arr":["958"],"terminus":0,"mode":"bus","color":"#0059a9","colorDark":"#00294f","angle":161.8,"snapDist":6,"label":1}},{"type":"Feature","geometry":{"type":"Point","coordinates":[16.749914,51.208847]},"properties":{"name":"Klęka","lines":"958","arr":["958"],"terminus":0,"mode":"bus","color":"#0059a9","colorDark":"#00294f","angle":262.9,"snapDist":1,"label":1}},{"type":"Feature","geometry":{"type":"Point","coordinates":[16.738065,51.194085]},"properties":{"name":"Miękinia - Urząd Gminy","lines":"958","arr":["958"],"terminus":0,"mode":"bus","color":"#0059a9","colorDark":"#00294f","angle":263.2,"snapDist":2,"label":1}},{"type":"Feature","geometry":{"type":"Point","coordinates":[16.738104,51.19387]},"properties":{"name":"Miękinia - Urząd Gminy","lines":"958","arr":["958"],"terminus":0,"mode":"bus","color":"#0059a9","colorDark":"#00294f","angle":263.6,"snapDist":3,"label":0}},{"type":"Feature","geometry":{"type":"Point","coordinates":[16.786301,51.188167]},"properties":{"name":"Mrozów - Wyzwolenia","lines":"958","arr":["958"],"terminus":0,"mode":"bus","color":"#0059a9","colorDark":"#00294f","angle":213,"snapDist":2,"label":1}},{"type":"Feature","geometry":{"type":"Point","coordinates":[16.790685,51.185608]},"properties":{"name":"Mrozów - Świetlica","lines":"958","arr":["958"],"terminus":0,"mode":"bus","color":"#0059a9","colorDark":"#00294f","angle":177.1,"snapDist":3,"label":1}},{"type":"Feature","geometry":{"type":"Point","coordinates":[16.81185,51.176198]},"properties":{"name":"Żurawiniec","lines":"958","arr":["958"],"terminus":0,"mode":"bus","color":"#0059a9","colorDark":"#00294f","angle":206.7,"snapDist":4,"label":1}},{"type":"Feature","geometry":{"type":"Point","coordinates":[16.810865,51.163025]},"properties":{"name":"Krępice - Wrocławska","lines":"958","arr":["958"],"terminus":0,"mode":"bus","color":"#0059a9","colorDark":"#00294f","angle":216.9,"snapDist":4,"label":1}},{"type":"Feature","geometry":{"type":"Point","coordinates":[16.810831,51.163041]},"properties":{"name":"Krępice - Wrocławska","lines":"958","arr":["958"],"terminus":0,"mode":"bus","color":"#0059a9","colorDark":"#00294f","angle":36.9,"snapDist":4,"label":0}},{"type":"Feature","geometry":{"type":"Point","coordinates":[16.811819,51.176208]},"properties":{"name":"Żurawiniec","lines":"958","arr":["958"],"terminus":0,"mode":"bus","color":"#0059a9","colorDark":"#00294f","angle":26.7,"snapDist":2,"label":0}},{"type":"Feature","geometry":{"type":"Point","coordinates":[16.791042,51.185624]},"properties":{"name":"Mrozów - Świetlica","lines":"958","arr":["958"],"terminus":0,"mode":"bus","color":"#0059a9","colorDark":"#00294f","angle":355.5,"snapDist":2,"label":0}},{"type":"Feature","geometry":{"type":"Point","coordinates":[16.786301,51.188167]},"properties":{"name":"Mrozów - Wyzwolenia","lines":"958","arr":["958"],"terminus":0,"mode":"bus","color":"#0059a9","colorDark":"#00294f","angle":33,"snapDist":5,"label":0}},{"type":"Feature","geometry":{"type":"Point","coordinates":[16.749953,51.208616]},"properties":{"name":"Klęka","lines":"958","arr":["958"],"terminus":0,"mode":"bus","color":"#0059a9","colorDark":"#00294f","angle":83.2,"snapDist":1,"label":0}},{"type":"Feature","geometry":{"type":"Point","coordinates":[16.729402,51.212224]},"properties":{"name":"Zabór Wielki","lines":"958","arr":["958"],"terminus":0,"mode":"bus","color":"#0059a9","colorDark":"#00294f","angle":341.8,"snapDist":2,"label":0}},{"type":"Feature","geometry":{"type":"Point","coordinates":[16.703269,51.219237]},"properties":{"name":"Zabór Mały","lines":"958","arr":["958"],"terminus":0,"mode":"bus","color":"#0059a9","colorDark":"#00294f","angle":33.9,"snapDist":3,"label":0}},{"type":"Feature","geometry":{"type":"Point","coordinates":[16.695897,51.225509]},"properties":{"name":"Lubiatów","lines":"958","arr":["958"],"terminus":0,"mode":"bus","color":"#0059a9","colorDark":"#00294f","angle":137.1,"snapDist":5,"label":0}},{"type":"Feature","geometry":{"type":"Point","coordinates":[16.721472,51.239904]},"properties":{"name":"Głoska - Średzka","lines":"958","arr":["958"],"terminus":0,"mode":"bus","color":"#0059a9","colorDark":"#00294f","angle":168.5,"snapDist":2,"label":0}},{"type":"Feature","geometry":{"type":"Point","coordinates":[16.74063,51.242505]},"properties":{"name":"Gąsiorów","lines":"958","arr":["958"],"terminus":0,"mode":"bus","color":"#0059a9","colorDark":"#00294f","angle":176.3,"snapDist":5,"label":0}},{"type":"Feature","geometry":{"type":"Point","coordinates":[16.760958,51.238969]},"properties":{"name":"Księginice ul. Sportowa","lines":"958","arr":["958"],"terminus":0,"mode":"bus","color":"#0059a9","colorDark":"#00294f","angle":162.7,"snapDist":3,"label":0}},{"type":"Feature","geometry":{"type":"Point","coordinates":[17.272124,51.121811]},"properties":{"name":"Brzezia Łąka - Główna pętla","lines":"961","arr":["961"],"terminus":1,"mode":"bus","color":"#0059a9","colorDark":"#00294f","angle":70.4,"snapDist":2,"label":1}},{"type":"Feature","geometry":{"type":"Point","coordinates":[17.26489,51.122578]},"properties":{"name":"Brzezia Łąka - Główna","lines":"961","arr":["961"],"terminus":0,"mode":"bus","color":"#0059a9","colorDark":"#00294f","angle":10,"snapDist":5,"label":1}},{"type":"Feature","geometry":{"type":"Point","coordinates":[17.255525,51.123597]},"properties":{"name":"Brzezia Łąka - skrzy. Sportowa","lines":"961, 964","arr":["961","964"],"terminus":0,"mode":"bus","color":"#0059a9","colorDark":"#00294f","angle":358.8,"snapDist":2,"label":1}},{"type":"Feature","geometry":{"type":"Point","coordinates":[17.245666,51.123396]},"properties":{"name":"Brzezia Łąka - Wrocławska","lines":"961, 964","arr":["961","964"],"terminus":0,"mode":"bus","color":"#0059a9","colorDark":"#00294f","angle":359.9,"snapDist":8,"label":1}},{"type":"Feature","geometry":{"type":"Point","coordinates":[17.239915,51.122764]},"properties":{"name":"Brzezia Łąka - cmentarz","lines":"961, 964","arr":["961","964"],"terminus":0,"mode":"bus","color":"#0059a9","colorDark":"#00294f","angle":349,"snapDist":5,"label":1}},{"type":"Feature","geometry":{"type":"Point","coordinates":[17.23225,51.123226]},"properties":{"name":"Pietrzykowice","lines":"961, 964","arr":["961","964"],"terminus":0,"mode":"bus","color":"#0059a9","colorDark":"#00294f","angle":55.4,"snapDist":0,"label":1}},{"type":"Feature","geometry":{"type":"Point","coordinates":[17.213533,51.128997]},"properties":{"name":"Śliwice","lines":"961, 964","arr":["961","964"],"terminus":0,"mode":"bus","color":"#0059a9","colorDark":"#00294f","angle":-160.1,"snapDist":11,"label":0}},{"type":"Feature","geometry":{"type":"Point","coordinates":[17.231162,51.123872]},"properties":{"name":"Pietrzykowice","lines":"961, 964","arr":["961","964"],"terminus":0,"mode":"bus","color":"#0059a9","colorDark":"#00294f","angle":208.1,"snapDist":2,"label":0}},{"type":"Feature","geometry":{"type":"Point","coordinates":[17.239121,51.122667]},"properties":{"name":"Brzezia Łąka - cmentarz","lines":"961, 964","arr":["961","964"],"terminus":0,"mode":"bus","color":"#0059a9","colorDark":"#00294f","angle":169,"snapDist":6,"label":0}},{"type":"Feature","geometry":{"type":"Point","coordinates":[17.245638,51.123396]},"properties":{"name":"Brzezia Łąka - Wrocławska","lines":"961, 964","arr":["961","964"],"terminus":0,"mode":"bus","color":"#0059a9","colorDark":"#00294f","angle":179.9,"snapDist":5,"label":0}},{"type":"Feature","geometry":{"type":"Point","coordinates":[17.254491,51.123586]},"properties":{"name":"Brzezia Łąka - skrzy. Orzechowa","lines":"961, 964","arr":["961","964"],"terminus":0,"mode":"bus","color":"#0059a9","colorDark":"#00294f","angle":0.4,"snapDist":6,"label":1}},{"type":"Feature","geometry":{"type":"Point","coordinates":[17.264975,51.122569]},"properties":{"name":"Brzezia Łąka - Główna","lines":"961","arr":["961"],"terminus":0,"mode":"bus","color":"#0059a9","colorDark":"#00294f","angle":189,"snapDist":3,"label":0}},{"type":"Feature","geometry":{"type":"Point","coordinates":[17.275189,51.155959]},"properties":{"name":"Raków IV","lines":"964","arr":["964"],"terminus":1,"mode":"bus","color":"#0059a9","colorDark":"#00294f","angle":157.1,"snapDist":2,"label":1}},{"type":"Feature","geometry":{"type":"Point","coordinates":[17.282623,51.149363]},"properties":{"name":"Oleśniczka - skrzy.","lines":"964","arr":["964"],"terminus":0,"mode":"bus","color":"#0059a9","colorDark":"#00294f","angle":349.1,"snapDist":5,"label":1}},{"type":"Feature","geometry":{"type":"Point","coordinates":[17.280551,51.146612]},"properties":{"name":"Oleśniczka","lines":"964","arr":["964"],"terminus":0,"mode":"bus","color":"#0059a9","colorDark":"#00294f","angle":266.3,"snapDist":6,"label":1}},{"type":"Feature","geometry":{"type":"Point","coordinates":[17.283566,51.132658]},"properties":{"name":"Kątna","lines":"964","arr":["964"],"terminus":0,"mode":"bus","color":"#0059a9","colorDark":"#00294f","angle":296.9,"snapDist":3,"label":1}},{"type":"Feature","geometry":{"type":"Point","coordinates":[17.263342,51.123342]},"properties":{"name":"Brzezia Łąka - skrzy. Główna","lines":"964","arr":["964"],"terminus":0,"mode":"bus","color":"#0059a9","colorDark":"#00294f","angle":323.9,"snapDist":5,"label":1}},{"type":"Feature","geometry":{"type":"Point","coordinates":[17.065642,51.132659]},"properties":{"name":"KROMERA","lines":"964","arr":["964"],"terminus":1,"mode":"bus","color":"#0059a9","colorDark":"#00294f","angle":131.6,"snapDist":7,"label":0}},{"type":"Feature","geometry":{"type":"Point","coordinates":[17.263163,51.12326]},"properties":{"name":"Brzezia Łąka - skrzy. Główna","lines":"964","arr":["964"],"terminus":0,"mode":"bus","color":"#0059a9","colorDark":"#00294f","angle":143.9,"snapDist":9,"label":0}},{"type":"Feature","geometry":{"type":"Point","coordinates":[17.283759,51.132875]},"properties":{"name":"Kątna","lines":"964","arr":["964"],"terminus":0,"mode":"bus","color":"#0059a9","colorDark":"#00294f","angle":120.7,"snapDist":10,"label":0}},{"type":"Feature","geometry":{"type":"Point","coordinates":[17.280552,51.146609]},"properties":{"name":"Oleśniczka","lines":"964","arr":["964"],"terminus":0,"mode":"bus","color":"#0059a9","colorDark":"#00294f","angle":86.3,"snapDist":6,"label":0}},{"type":"Feature","geometry":{"type":"Point","coordinates":[17.282466,51.149344]},"properties":{"name":"Oleśniczka - skrzy.","lines":"964","arr":["964"],"terminus":0,"mode":"bus","color":"#0059a9","colorDark":"#00294f","angle":167.6,"snapDist":5,"label":0}},{"type":"Feature","geometry":{"type":"Point","coordinates":[17.274885,51.155877]},"properties":{"name":"Raków IV","lines":"964","arr":["964"],"terminus":1,"mode":"bus","color":"#0059a9","colorDark":"#00294f","angle":335.8,"snapDist":1,"label":0}},{"type":"Feature","geometry":{"type":"Point","coordinates":[16.983817,51.07797]},"properties":{"name":"RACŁAWICKA","lines":"A, 248","arr":["A","248"],"terminus":1,"mode":"bus","color":"#0059a9","colorDark":"#00294f","angle":160.3,"snapDist":36,"label":0}},{"type":"Feature","geometry":{"type":"Point","coordinates":[17.028907,51.100961]},"properties":{"name":"Arkady (Capitol)","lines":"A, D","arr":["A","D"],"terminus":0,"mode":"bus","color":"#0059a9","colorDark":"#00294f","angle":120.4,"snapDist":5,"label":0}},{"type":"Feature","geometry":{"type":"Point","coordinates":[17.06536,51.141438]},"properties":{"name":"KOSZAROWA (Szpital)","lines":"A","arr":["A"],"terminus":0,"mode":"bus","color":"#0059a9","colorDark":"#00294f","angle":206.8,"snapDist":2,"label":0}},{"type":"Feature","geometry":{"type":"Point","coordinates":[17.017916,51.091573]},"properties":{"name":"Rondo","lines":"D, 247, 248, 257","arr":["D","247","248","257"],"terminus":0,"mode":"bus","color":"#0059a9","colorDark":"#00294f","angle":308.4,"snapDist":6,"label":0}},{"type":"Feature","geometry":{"type":"Point","coordinates":[17.007884,51.080006]},"properties":{"name":"Orla","lines":"D, 247, 248","arr":["D","247","248"],"terminus":0,"mode":"bus","color":"#0059a9","colorDark":"#00294f","angle":284.9,"snapDist":8,"label":1}},{"type":"Feature","geometry":{"type":"Point","coordinates":[17.008013,51.080272]},"properties":{"name":"Orla","lines":"D, 247, 248","arr":["D","247","248"],"terminus":0,"mode":"bus","color":"#0059a9","colorDark":"#00294f","angle":110.4,"snapDist":36,"label":0}},{"type":"Feature","geometry":{"type":"Point","coordinates":[17.01758,51.091288]},"properties":{"name":"Rondo","lines":"D, 247, 248, 257","arr":["D","247","248","257"],"terminus":0,"mode":"bus","color":"#0059a9","colorDark":"#00294f","angle":126.4,"snapDist":26,"label":0}},{"type":"Feature","geometry":{"type":"Point","coordinates":[17.039773,51.107471]},"properties":{"name":"GALERIA DOMINIKAŃSKA","lines":"D, N, 241, 243, 246, 253, 255","arr":["D","N","241","243","246","253","255"],"terminus":0,"mode":"bus","color":"#0059a9","colorDark":"#00294f","angle":190,"snapDist":8,"label":0}},{"type":"Feature","geometry":{"type":"Point","coordinates":[17.049509,51.077077]},"properties":{"name":"GAJ - pętla","lines":"K","arr":["K"],"terminus":1,"mode":"bus","color":"#0059a9","colorDark":"#00294f","angle":10.8,"snapDist":8,"label":0}},{"type":"Feature","geometry":{"type":"Point","coordinates":[17.043289,51.150709]},"properties":{"name":"KAMIEŃSKIEGO (pętla)","lines":"K","arr":["K"],"terminus":1,"mode":"bus","color":"#0059a9","colorDark":"#00294f","angle":258.8,"snapDist":5,"label":0}},{"type":"Feature","geometry":{"type":"Point","coordinates":[17.032874,51.10712]},"properties":{"name":"Świdnicka","lines":"K, 245","arr":["K","245"],"terminus":0,"mode":"bus","color":"#0059a9","colorDark":"#00294f","angle":188.7,"snapDist":11,"label":0}},{"type":"Feature","geometry":{"type":"Point","coordinates":[17.057013,51.053294]},"properties":{"name":"JAGODNO (P+R)","lines":"N","arr":["N"],"terminus":1,"mode":"bus","color":"#0059a9","colorDark":"#00294f","angle":165.7,"snapDist":12,"label":0}},{"type":"Feature","geometry":{"type":"Point","coordinates":[17.030688,51.092096]},"properties":{"name":"PETRUSEWICZA","lines":"206, 249, 255","arr":["206","249","255"],"terminus":1,"mode":"bus","color":"#0059a9","colorDark":"#00294f","angle":196.2,"snapDist":27,"label":1}},{"type":"Feature","geometry":{"type":"Point","coordinates":[17.029738,51.10206]},"properties":{"name":"Arkady (Capitol)","lines":"206, 240, 243, 246, 247, 248, 249, 251, 253, 257","arr":["206","240","243","246","247","248","249","251","253","257"],"terminus":0,"mode":"bus","color":"#0059a9","colorDark":"#00294f","angle":108.5,"snapDist":7,"label":0}},{"type":"Feature","geometry":{"type":"Point","coordinates":[17.030601,51.103807]},"properties":{"name":"Renoma","lines":"206, 243, 247, 248, 249, 253, 257","arr":["206","243","247","248","249","253","257"],"terminus":0,"mode":"bus","color":"#0059a9","colorDark":"#00294f","angle":106.3,"snapDist":9,"label":0}},{"type":"Feature","geometry":{"type":"Point","coordinates":[17.034962,51.12481]},"properties":{"name":"DWORZEC NADODRZE","lines":"240","arr":["240"],"terminus":0,"mode":"bus","color":"#0059a9","colorDark":"#00294f","angle":171.9,"snapDist":7,"label":0}},{"type":"Feature","geometry":{"type":"Point","coordinates":[17.042729,51.123978]},"properties":{"name":"Słowiańska","lines":"240","arr":["240"],"terminus":0,"mode":"bus","color":"#0059a9","colorDark":"#00294f","angle":161.7,"snapDist":4,"label":1}},{"type":"Feature","geometry":{"type":"Point","coordinates":[17.051946,51.122383]},"properties":{"name":"Wyszyńskiego","lines":"240","arr":["240"],"terminus":0,"mode":"bus","color":"#0059a9","colorDark":"#00294f","angle":218.8,"snapDist":8,"label":0}},{"type":"Feature","geometry":{"type":"Point","coordinates":[17.056457,51.119903]},"properties":{"name":"Prusa","lines":"240","arr":["240"],"terminus":0,"mode":"bus","color":"#0059a9","colorDark":"#00294f","angle":223.4,"snapDist":9,"label":1}},{"type":"Feature","geometry":{"type":"Point","coordinates":[17.061022,51.116185]},"properties":{"name":"Piastowska","lines":"240","arr":["240"],"terminus":0,"mode":"bus","color":"#0059a9","colorDark":"#00294f","angle":287.7,"snapDist":8,"label":1}},{"type":"Feature","geometry":{"type":"Point","coordinates":[17.048419,51.104193]},"properties":{"name":"Pl. Wróblewskiego","lines":"240","arr":["240"],"terminus":0,"mode":"bus","color":"#0059a9","colorDark":"#00294f","angle":305,"snapDist":6,"label":1}},{"type":"Feature","geometry":{"type":"Point","coordinates":[17.046785,51.102264]},"properties":{"name":"Komuny Paryskiej","lines":"240","arr":["240"],"terminus":0,"mode":"bus","color":"#0059a9","colorDark":"#00294f","angle":294.4,"snapDist":10,"label":0}},{"type":"Feature","geometry":{"type":"Point","coordinates":[17.045588,51.100221]},"properties":{"name":"Kościuszki","lines":"240","arr":["240"],"terminus":0,"mode":"bus","color":"#0059a9","colorDark":"#00294f","angle":289.8,"snapDist":10,"label":0}},{"type":"Feature","geometry":{"type":"Point","coordinates":[17.044088,51.098625]},"properties":{"name":"Pułaskiego","lines":"240","arr":["240"],"terminus":0,"mode":"bus","color":"#0059a9","colorDark":"#00294f","angle":304.2,"snapDist":9,"label":1}},{"type":"Feature","geometry":{"type":"Point","coordinates":[17.030964,51.092046]},"properties":{"name":"PETRUSEWICZA","lines":"241, 242, 244, 246, 251","arr":["241","242","244","246","251"],"terminus":1,"mode":"bus","color":"#0059a9","colorDark":"#00294f","angle":16,"snapDist":11,"label":0}},{"type":"Feature","geometry":{"type":"Point","coordinates":[17.133753,51.160188]},"properties":{"name":"OSIEDLE SOBIESKIEGO","lines":"241","arr":["241"],"terminus":0,"mode":"bus","color":"#0059a9","colorDark":"#00294f","angle":114.9,"snapDist":23,"label":0}},{"type":"Feature","geometry":{"type":"Point","coordinates":[17.102578,51.128007]},"properties":{"name":"KOWALE","lines":"242","arr":["242"],"terminus":1,"mode":"bus","color":"#0059a9","colorDark":"#00294f","angle":30.4,"snapDist":6,"label":1}},{"type":"Feature","geometry":{"type":"Point","coordinates":[17.101782,51.128994]},"properties":{"name":"KOWALE","lines":"242","arr":["242"],"terminus":0,"mode":"bus","color":"#0059a9","colorDark":"#00294f","angle":130.4,"snapDist":5,"label":0}},{"type":"Feature","geometry":{"type":"Point","coordinates":[17.048505,51.126671]},"properties":{"name":"Daszyńskiego","lines":"242, 251","arr":["242","251"],"terminus":0,"mode":"bus","color":"#0059a9","colorDark":"#00294f","angle":332.2,"snapDist":9,"label":0}},{"type":"Feature","geometry":{"type":"Point","coordinates":[17.0395,51.112601]},"properties":{"name":"Hala Targowa","lines":"242, 244, 251, 259","arr":["242","244","251","259"],"terminus":0,"mode":"bus","color":"#0059a9","colorDark":"#00294f","angle":272.2,"snapDist":1,"label":1}},{"type":"Feature","geometry":{"type":"Point","coordinates":[17.038642,51.108523]},"properties":{"name":"GALERIA DOMINIKAŃSKA","lines":"242, 244, 251, 259","arr":["242","244","251","259"],"terminus":0,"mode":"bus","color":"#0059a9","colorDark":"#00294f","angle":81.4,"snapDist":4,"label":0}},{"type":"Feature","geometry":{"type":"Point","coordinates":[17.039504,51.112771]},"properties":{"name":"Hala Targowa","lines":"242, 244, 251, 259","arr":["242","244","251","259"],"terminus":0,"mode":"bus","color":"#0059a9","colorDark":"#00294f","angle":90.6,"snapDist":16,"label":0}},{"type":"Feature","geometry":{"type":"Point","coordinates":[17.047622,51.12638]},"properties":{"name":"Daszyńskiego","lines":"242, 251","arr":["242","251"],"terminus":0,"mode":"bus","color":"#0059a9","colorDark":"#00294f","angle":153.5,"snapDist":6,"label":0}},{"type":"Feature","geometry":{"type":"Point","coordinates":[17.101701,51.128934]},"properties":{"name":"KOWALE","lines":"242","arr":["242"],"terminus":0,"mode":"bus","color":"#0059a9","colorDark":"#00294f","angle":310.4,"snapDist":4,"label":0}},{"type":"Feature","geometry":{"type":"Point","coordinates":[17.054216,51.099854]},"properties":{"name":"Pl. Zgody (Muzeum Etnograficzne)","lines":"243","arr":["243"],"terminus":0,"mode":"bus","color":"#0059a9","colorDark":"#00294f","angle":57.1,"snapDist":8,"label":1}},{"type":"Feature","geometry":{"type":"Point","coordinates":[17.031572,51.09194]},"properties":{"name":"PETRUSEWICZA","lines":"243, 245, 249","arr":["243","245","249"],"terminus":0,"mode":"bus","color":"#0059a9","colorDark":"#00294f","angle":14.7,"snapDist":11,"label":0}},{"type":"Feature","geometry":{"type":"Point","coordinates":[17.007872,51.113154]},"properties":{"name":"Pl. Strzegomski (Muzeum Współczesne)","lines":"243, 253","arr":["243","253"],"terminus":0,"mode":"bus","color":"#0059a9","colorDark":"#00294f","angle":6.2,"snapDist":9,"label":0}},{"type":"Feature","geometry":{"type":"Point","coordinates":[17.001171,51.11597]},"properties":{"name":"Wrocław Mikołajów (Zachodnia)","lines":"243, 253","arr":["243","253"],"terminus":0,"mode":"bus","color":"#0059a9","colorDark":"#00294f","angle":54.9,"snapDist":11,"label":1}},{"type":"Feature","geometry":{"type":"Point","coordinates":[16.965703,51.131129]},"properties":{"name":"Bajana","lines":"243, 246, 253","arr":["243","246","253"],"terminus":0,"mode":"bus","color":"#0059a9","colorDark":"#00294f","angle":18.6,"snapDist":7,"label":0}},{"type":"Feature","geometry":{"type":"Point","coordinates":[16.950437,51.136355]},"properties":{"name":"PILCZYCE","lines":"243, 253","arr":["243","253"],"terminus":0,"mode":"bus","color":"#0059a9","colorDark":"#00294f","angle":30.8,"snapDist":10,"label":0}},{"type":"Feature","geometry":{"type":"Point","coordinates":[16.934434,51.138443]},"properties":{"name":"Glinianki","lines":"243, 253","arr":["243","253"],"terminus":0,"mode":"bus","color":"#0059a9","colorDark":"#00294f","angle":358.6,"snapDist":7,"label":1}},{"type":"Feature","geometry":{"type":"Point","coordinates":[16.936284,51.138171]},"properties":{"name":"Glinianki","lines":"243, 253","arr":["243","253"],"terminus":0,"mode":"bus","color":"#0059a9","colorDark":"#00294f","angle":180.3,"snapDist":6,"label":0}},{"type":"Feature","geometry":{"type":"Point","coordinates":[16.949951,51.136385]},"properties":{"name":"PILCZYCE","lines":"243, 253","arr":["243","253"],"terminus":0,"mode":"bus","color":"#0059a9","colorDark":"#00294f","angle":211,"snapDist":8,"label":0}},{"type":"Feature","geometry":{"type":"Point","coordinates":[16.957821,51.132512]},"properties":{"name":"Metalowców","lines":"243, 253","arr":["243","253"],"terminus":0,"mode":"bus","color":"#0059a9","colorDark":"#00294f","angle":199.8,"snapDist":9,"label":0}},{"type":"Feature","geometry":{"type":"Point","coordinates":[17.000565,51.116121]},"properties":{"name":"Wrocław Mikołajów (Zachodnia)","lines":"243, 253","arr":["243","253"],"terminus":0,"mode":"bus","color":"#0059a9","colorDark":"#00294f","angle":234.1,"snapDist":10,"label":0}},{"type":"Feature","geometry":{"type":"Point","coordinates":[17.026628,51.109428]},"properties":{"name":"Rynek","lines":"243, 245, 247, 248, 253, 257","arr":["243","245","247","248","253","257"],"terminus":0,"mode":"bus","color":"#0059a9","colorDark":"#00294f","angle":258.2,"snapDist":11,"label":0}},{"type":"Feature","geometry":{"type":"Point","coordinates":[17.046456,51.10611]},"properties":{"name":"Pl. Wróblewskiego","lines":"243","arr":["243"],"terminus":0,"mode":"bus","color":"#0059a9","colorDark":"#00294f","angle":217.7,"snapDist":9,"label":0}},{"type":"Feature","geometry":{"type":"Point","coordinates":[17.053434,51.100646]},"properties":{"name":"Pl. Zgody (Muzeum Etnograficzne)","lines":"243","arr":["243"],"terminus":0,"mode":"bus","color":"#0059a9","colorDark":"#00294f","angle":239.8,"snapDist":9,"label":0}},{"type":"Feature","geometry":{"type":"Point","coordinates":[17.056225,51.097114]},"properties":{"name":"Na Niskich Łąkach","lines":"243","arr":["243"],"terminus":0,"mode":"bus","color":"#0059a9","colorDark":"#00294f","angle":260.8,"snapDist":9,"label":0}},{"type":"Feature","geometry":{"type":"Point","coordinates":[17.029011,51.090112]},"properties":{"name":"Uniwersytet Ekonomiczny","lines":"245, 249, 251, 253, 255, 259","arr":["245","249","251","253","255","259"],"terminus":0,"mode":"bus","color":"#0059a9","colorDark":"#00294f","angle":105.7,"snapDist":12,"label":0}},{"type":"Feature","geometry":{"type":"Point","coordinates":[17.032709,51.091752]},"properties":{"name":"PETRUSEWICZA","lines":"245, 251","arr":["245","251"],"terminus":0,"mode":"bus","color":"#0059a9","colorDark":"#00294f","angle":194.8,"snapDist":9,"label":0}},{"type":"Feature","geometry":{"type":"Point","coordinates":[17.014478,51.102512]},"properties":{"name":"Grabiszyńska","lines":"246, 251","arr":["246","251"],"terminus":0,"mode":"bus","color":"#0059a9","colorDark":"#00294f","angle":157.6,"snapDist":6,"label":0}},{"type":"Feature","geometry":{"type":"Point","coordinates":[17.020172,51.104068]},"properties":{"name":"Pl. Legionów","lines":"246, 251","arr":["246","251"],"terminus":0,"mode":"bus","color":"#0059a9","colorDark":"#00294f","angle":337.7,"snapDist":12,"label":0}},{"type":"Feature","geometry":{"type":"Point","coordinates":[17.012365,51.102212]},"properties":{"name":"Grabiszyńska","lines":"246, 251","arr":["246","251"],"terminus":0,"mode":"bus","color":"#0059a9","colorDark":"#00294f","angle":339.6,"snapDist":5,"label":0}},{"type":"Feature","geometry":{"type":"Point","coordinates":[16.994483,51.06675]},"properties":{"name":"Sąsiedzka","lines":"247","arr":["247"],"terminus":0,"mode":"bus","color":"#0059a9","colorDark":"#00294f","angle":163.7,"snapDist":3,"label":1}},{"type":"Feature","geometry":{"type":"Point","coordinates":[16.999413,51.06764]},"properties":{"name":"Braterska","lines":"247","arr":["247"],"terminus":0,"mode":"bus","color":"#0059a9","colorDark":"#00294f","angle":164.1,"snapDist":7,"label":1}},{"type":"Feature","geometry":{"type":"Point","coordinates":[17.006128,51.071914]},"properties":{"name":"Radio i Telewizja","lines":"247","arr":["247"],"terminus":0,"mode":"bus","color":"#0059a9","colorDark":"#00294f","angle":105.1,"snapDist":14,"label":1}},{"type":"Feature","geometry":{"type":"Point","coordinates":[17.011115,51.084658]},"properties":{"name":"Jastrzębia","lines":"247, 248","arr":["247","248"],"terminus":0,"mode":"bus","color":"#0059a9","colorDark":"#00294f","angle":111.3,"snapDist":7,"label":1}},{"type":"Feature","geometry":{"type":"Point","coordinates":[17.013957,51.088264]},"properties":{"name":"Sztabowa","lines":"247, 248, 257","arr":["247","248","257"],"terminus":0,"mode":"bus","color":"#0059a9","colorDark":"#00294f","angle":126.8,"snapDist":37,"label":1}},{"type":"Feature","geometry":{"type":"Point","coordinates":[17.02146,51.094256]},"properties":{"name":"Wielka","lines":"247, 248, 257","arr":["247","248","257"],"terminus":0,"mode":"bus","color":"#0059a9","colorDark":"#00294f","angle":125.9,"snapDist":6,"label":1}},{"type":"Feature","geometry":{"type":"Point","coordinates":[17.025629,51.097787]},"properties":{"name":"Zaolziańska","lines":"247, 248, 257","arr":["247","248","257"],"terminus":0,"mode":"bus","color":"#0059a9","colorDark":"#00294f","angle":119.5,"snapDist":5,"label":1}},{"type":"Feature","geometry":{"type":"Point","coordinates":[17.032813,51.091734]},"properties":{"name":"PETRUSEWICZA","lines":"247, 248, 257","arr":["247","248","257"],"terminus":0,"mode":"bus","color":"#0059a9","colorDark":"#00294f","angle":14.8,"snapDist":10,"label":0}},{"type":"Feature","geometry":{"type":"Point","coordinates":[17.032306,51.113679]},"properties":{"name":"Uniwersytet Wrocławski","lines":"247, 248","arr":["247","248"],"terminus":0,"mode":"bus","color":"#0059a9","colorDark":"#00294f","angle":333.4,"snapDist":2,"label":1}},{"type":"Feature","geometry":{"type":"Point","coordinates":[17.025538,51.098018]},"properties":{"name":"Zaolziańska","lines":"247, 248, 257","arr":["247","248","257"],"terminus":0,"mode":"bus","color":"#0059a9","colorDark":"#00294f","angle":306.4,"snapDist":6,"label":0}},{"type":"Feature","geometry":{"type":"Point","coordinates":[17.019511,51.092934]},"properties":{"name":"Wielka","lines":"247, 248, 257","arr":["247","248","257"],"terminus":0,"mode":"bus","color":"#0059a9","colorDark":"#00294f","angle":306.5,"snapDist":7,"label":0}},{"type":"Feature","geometry":{"type":"Point","coordinates":[17.014725,51.088896]},"properties":{"name":"Sztabowa","lines":"247, 248, 257","arr":["247","248","257"],"terminus":0,"mode":"bus","color":"#0059a9","colorDark":"#00294f","angle":306.1,"snapDist":7,"label":0}},{"type":"Feature","geometry":{"type":"Point","coordinates":[17.010124,51.083707]},"properties":{"name":"Jastrzębia","lines":"247, 248","arr":["247","248"],"terminus":0,"mode":"bus","color":"#0059a9","colorDark":"#00294f","angle":287.4,"snapDist":6,"label":0}},{"type":"Feature","geometry":{"type":"Point","coordinates":[17.006098,51.071843]},"properties":{"name":"Radio i Telewizja","lines":"247","arr":["247"],"terminus":0,"mode":"bus","color":"#0059a9","colorDark":"#00294f","angle":286.2,"snapDist":6,"label":0}},{"type":"Feature","geometry":{"type":"Point","coordinates":[17.038286,51.096885]},"properties":{"name":"SUCHA","lines":"250","arr":["250"],"terminus":1,"mode":"bus","color":"#0059a9","colorDark":"#00294f","angle":188.4,"snapDist":2,"label":0}},{"type":"Feature","geometry":{"type":"Point","coordinates":[17.045017,51.099469]},"properties":{"name":"Kościuszki","lines":"250","arr":["250"],"terminus":0,"mode":"bus","color":"#0059a9","colorDark":"#00294f","angle":125,"snapDist":11,"label":0}},{"type":"Feature","geometry":{"type":"Point","coordinates":[17.046354,51.10159]},"properties":{"name":"Komuny Paryskiej","lines":"250","arr":["250"],"terminus":0,"mode":"bus","color":"#0059a9","colorDark":"#00294f","angle":109.5,"snapDist":5,"label":0}},{"type":"Feature","geometry":{"type":"Point","coordinates":[17.060585,51.11236]},"properties":{"name":"PL. GRUNWALDZKI","lines":"250, 259","arr":["250","259"],"terminus":0,"mode":"bus","color":"#0059a9","colorDark":"#00294f","angle":57,"snapDist":20,"label":0}},{"type":"Feature","geometry":{"type":"Point","coordinates":[17.060776,51.115375]},"properties":{"name":"Piastowska","lines":"250, 259","arr":["250","259"],"terminus":0,"mode":"bus","color":"#0059a9","colorDark":"#00294f","angle":98.1,"snapDist":7,"label":0}},{"type":"Feature","geometry":{"type":"Point","coordinates":[17.057333,51.119424]},"properties":{"name":"Prusa","lines":"250","arr":["250"],"terminus":0,"mode":"bus","color":"#0059a9","colorDark":"#00294f","angle":40.7,"snapDist":8,"label":0}},{"type":"Feature","geometry":{"type":"Point","coordinates":[17.052885,51.121878]},"properties":{"name":"Wyszyńskiego","lines":"250","arr":["250"],"terminus":0,"mode":"bus","color":"#0059a9","colorDark":"#00294f","angle":41.2,"snapDist":6,"label":0}},{"type":"Feature","geometry":{"type":"Point","coordinates":[17.040489,51.123532]},"properties":{"name":"Słowiańska","lines":"250","arr":["250"],"terminus":0,"mode":"bus","color":"#0059a9","colorDark":"#00294f","angle":341.9,"snapDist":1,"label":0}},{"type":"Feature","geometry":{"type":"Point","coordinates":[17.034826,51.124798]},"properties":{"name":"DWORZEC NADODRZE","lines":"250","arr":["250"],"terminus":0,"mode":"bus","color":"#0059a9","colorDark":"#00294f","angle":351.9,"snapDist":5,"label":0}},{"type":"Feature","geometry":{"type":"Point","coordinates":[17.03158,51.091938]},"properties":{"name":"PETRUSEWICZA","lines":"253, 259","arr":["253","259"],"terminus":0,"mode":"bus","color":"#0059a9","colorDark":"#00294f","angle":194.7,"snapDist":9,"label":0}},{"type":"Feature","geometry":{"type":"Point","coordinates":[17.090964,51.1037]},"properties":{"name":"Chełmońskiego","lines":"253, 255","arr":["253","255"],"terminus":0,"mode":"bus","color":"#0059a9","colorDark":"#00294f","angle":191.3,"snapDist":6,"label":0}},{"type":"Feature","geometry":{"type":"Point","coordinates":[17.095751,51.103107]},"properties":{"name":"Piramowicza (Kampus Biskupin)","lines":"253, 255","arr":["253","255"],"terminus":0,"mode":"bus","color":"#0059a9","colorDark":"#00294f","angle":191.2,"snapDist":5,"label":0}},{"type":"Feature","geometry":{"type":"Point","coordinates":[17.108336,51.101107]},"properties":{"name":"BISKUPIN","lines":"253","arr":["253"],"terminus":0,"mode":"bus","color":"#0059a9","colorDark":"#00294f","angle":11.6,"snapDist":6,"label":0}},{"type":"Feature","geometry":{"type":"Point","coordinates":[17.102352,51.102054]},"properties":{"name":"Spółdzielcza","lines":"253","arr":["253"],"terminus":0,"mode":"bus","color":"#0059a9","colorDark":"#00294f","angle":16.2,"snapDist":3,"label":0}},{"type":"Feature","geometry":{"type":"Point","coordinates":[17.102651,51.102809]},"properties":{"name":"Spółdzielcza","lines":"255","arr":["255"],"terminus":0,"mode":"bus","color":"#0059a9","colorDark":"#00294f","angle":118.4,"snapDist":5,"label":0}},{"type":"Feature","geometry":{"type":"Point","coordinates":[17.105452,51.106054]},"properties":{"name":"Monte Cassino","lines":"255","arr":["255"],"terminus":0,"mode":"bus","color":"#0059a9","colorDark":"#00294f","angle":118.9,"snapDist":5,"label":0}},{"type":"Feature","geometry":{"type":"Point","coordinates":[17.082795,51.119444]},"properties":{"name":"Moniuszki","lines":"259","arr":["259"],"terminus":0,"mode":"bus","color":"#0059a9","colorDark":"#00294f","angle":358.1,"snapDist":5,"label":0}},{"type":"Feature","geometry":{"type":"Point","coordinates":[17.077989,51.12008]},"properties":{"name":"Śniadeckich","lines":"259","arr":["259"],"terminus":0,"mode":"bus","color":"#0059a9","colorDark":"#00294f","angle":11.7,"snapDist":3,"label":0}},{"type":"Feature","geometry":{"type":"Point","coordinates":[17.055855,51.116256]},"properties":{"name":"Górnickiego","lines":"259","arr":["259"],"terminus":0,"mode":"bus","color":"#0059a9","colorDark":"#00294f","angle":7.9,"snapDist":9,"label":1}},{"type":"Feature","geometry":{"type":"Point","coordinates":[17.030149,51.09325]},"properties":{"name":"Sanocka","lines":"259","arr":["259"],"terminus":0,"mode":"bus","color":"#0059a9","colorDark":"#00294f","angle":286.2,"snapDist":5,"label":1}},{"type":"Feature","geometry":{"type":"Point","coordinates":[17.028744,51.090222]},"properties":{"name":"Uniwersytet Ekonomiczny","lines":"259","arr":["259"],"terminus":0,"mode":"bus","color":"#0059a9","colorDark":"#00294f","angle":286.7,"snapDist":8,"label":0}},{"type":"Feature","geometry":{"type":"Point","coordinates":[17.025586,51.084485]},"properties":{"name":"Wiśniowa","lines":"259","arr":["259"],"terminus":0,"mode":"bus","color":"#0059a9","colorDark":"#00294f","angle":114.7,"snapDist":7,"label":0}},{"type":"Feature","geometry":{"type":"Point","coordinates":[17.052033,51.116545]},"properties":{"name":"Ogród Botaniczny","lines":"259","arr":["259"],"terminus":0,"mode":"bus","color":"#0059a9","colorDark":"#00294f","angle":187.6,"snapDist":5,"label":0}},{"type":"Feature","geometry":{"type":"Point","coordinates":[17.054936,51.116335]},"properties":{"name":"Górnickiego","lines":"259","arr":["259"],"terminus":0,"mode":"bus","color":"#0059a9","colorDark":"#00294f","angle":187.2,"snapDist":9,"label":0}},{"type":"Feature","geometry":{"type":"Point","coordinates":[17.060122,51.115871]},"properties":{"name":"Piastowska","lines":"259","arr":["259"],"terminus":0,"mode":"bus","color":"#0059a9","colorDark":"#00294f","angle":188.5,"snapDist":10,"label":0}},{"type":"Feature","geometry":{"type":"Point","coordinates":[17.077863,51.105521]},"properties":{"name":"ZOO","lines":"0, 1, 2, 4, 10, 19, T","arr":["0","1","2","4","10","19","T"],"terminus":1,"mode":"tram","color":"#d6212b","colorDark":"#7c1116","angle":28.6,"snapDist":5,"label":1}},{"type":"Feature","geometry":{"type":"Point","coordinates":[17.073448,51.10707]},"properties":{"name":"Hala Stulecia","lines":"0, 1, 2, 4, 10, 19, T","arr":["0","1","2","4","10","19","T"],"terminus":0,"mode":"tram","color":"#d6212b","colorDark":"#7c1116","angle":29,"snapDist":2,"label":1}},{"type":"Feature","geometry":{"type":"Point","coordinates":[17.065092,51.10969]},"properties":{"name":"Kliniki - Politechnika Wrocławska","lines":"0, 1, 2, 4, 10, 17, 19, T","arr":["0","1","2","4","10","17","19","T"],"terminus":0,"mode":"tram","color":"#d6212b","colorDark":"#7c1116","angle":27.6,"snapDist":3,"label":1}},{"type":"Feature","geometry":{"type":"Point","coordinates":[17.059994,51.111395]},"properties":{"name":"PL. GRUNWALDZKI","lines":"0, 4, 16","arr":["0","4","16"],"terminus":0,"mode":"tram","color":"#d6212b","colorDark":"#7c1116","angle":336.3,"snapDist":6,"label":1}},{"type":"Feature","geometry":{"type":"Point","coordinates":[17.055403,51.110182]},"properties":{"name":"most Grunwaldzki","lines":"0, 4, 16","arr":["0","4","16"],"terminus":0,"mode":"tram","color":"#d6212b","colorDark":"#7c1116","angle":339.3,"snapDist":4,"label":1}},{"type":"Feature","geometry":{"type":"Point","coordinates":[17.049584,51.108593]},"properties":{"name":"Urząd Wojewódzki (Impart)","lines":"0, 4, 16","arr":["0","4","16"],"terminus":0,"mode":"tram","color":"#d6212b","colorDark":"#7c1116","angle":336.5,"snapDist":5,"label":1}},{"type":"Feature","geometry":{"type":"Point","coordinates":[17.048387,51.104906]},"properties":{"name":"Pl. Wróblewskiego","lines":"0, 2, 3, 4, 5, 9, 16, 18","arr":["0","2","3","4","5","9","16","18"],"terminus":0,"mode":"tram","color":"#d6212b","colorDark":"#7c1116","angle":235.3,"snapDist":4,"label":1}},{"type":"Feature","geometry":{"type":"Point","coordinates":[17.046175,51.101713]},"properties":{"name":"Komuny Paryskiej","lines":"0, 2, 4, 9, 16, 18","arr":["0","2","4","9","16","18"],"terminus":0,"mode":"tram","color":"#d6212b","colorDark":"#7c1116","angle":289.3,"snapDist":4,"label":1}},{"type":"Feature","geometry":{"type":"Point","coordinates":[17.045321,51.10019]},"properties":{"name":"Kościuszki","lines":"0, 2, 4, 9, 16, 18","arr":["0","2","4","9","16","18"],"terminus":0,"mode":"tram","color":"#d6212b","colorDark":"#7c1116","angle":289.7,"snapDist":2,"label":1}},{"type":"Feature","geometry":{"type":"Point","coordinates":[17.04294,51.098281]},"properties":{"name":"Pułaskiego","lines":"0, 2, 4, 8, 15, 21, 22","arr":["0","2","4","8","15","21","22"],"terminus":0,"mode":"tram","color":"#d6212b","colorDark":"#7c1116","angle":29.3,"snapDist":2,"label":1}},{"type":"Feature","geometry":{"type":"Point","coordinates":[17.037251,51.099623]},"properties":{"name":"DWORZEC GŁÓWNY","lines":"0, 2, 4, 8, 15, 21, 22","arr":["0","2","4","8","15","21","22"],"terminus":1,"mode":"tram","color":"#d6212b","colorDark":"#7c1116","angle":18.6,"snapDist":3,"label":1}},{"type":"Feature","geometry":{"type":"Point","coordinates":[17.029746,51.101214]},"properties":{"name":"Arkady (Capitol)","lines":"0, 2, 4, 5, 8, 15, 17, 21, 22, 23","arr":["0","2","4","5","8","15","17","21","22","23"],"terminus":0,"mode":"tram","color":"#d6212b","colorDark":"#7c1116","angle":18,"snapDist":3,"label":1}},{"type":"Feature","geometry":{"type":"Point","coordinates":[17.030524,51.103771]},"properties":{"name":"Renoma","lines":"0, 6, 7, 8, 20","arr":["0","6","7","8","20"],"terminus":0,"mode":"tram","color":"#d6212b","colorDark":"#7c1116","angle":106.9,"snapDist":8,"label":1}},{"type":"Feature","geometry":{"type":"Point","coordinates":[17.032088,51.105583]},"properties":{"name":"Opera","lines":"0, 6, 7, 8","arr":["0","6","7","8"],"terminus":0,"mode":"tram","color":"#d6212b","colorDark":"#7c1116","angle":192.9,"snapDist":8,"label":0}},{"type":"Feature","geometry":{"type":"Point","coordinates":[17.037122,51.105051]},"properties":{"name":"Park Staromiejski","lines":"0, 8","arr":["0","8"],"terminus":0,"mode":"tram","color":"#d6212b","colorDark":"#7c1116","angle":190.8,"snapDist":6,"label":1}},{"type":"Feature","geometry":{"type":"Point","coordinates":[17.038668,51.108525]},"properties":{"name":"GALERIA DOMINIKAŃSKA","lines":"0, 3, 5, 8, 10, 11, 13, 17, 23, T","arr":["0","3","5","8","10","11","13","17","23","T"],"terminus":0,"mode":"tram","color":"#d6212b","colorDark":"#7c1116","angle":80.4,"snapDist":2,"label":1}},{"type":"Feature","geometry":{"type":"Point","coordinates":[17.039101,51.110394]},"properties":{"name":"Pl. Nowy Targ","lines":"0, 3, 5, 8, 10, 11, 13, 17, 23, T","arr":["0","3","5","8","10","11","13","17","23","T"],"terminus":0,"mode":"tram","color":"#d6212b","colorDark":"#7c1116","angle":100.8,"snapDist":4,"label":1}},{"type":"Feature","geometry":{"type":"Point","coordinates":[17.039529,51.11277]},"properties":{"name":"Hala Targowa","lines":"0, 3, 5, 8, 10, 11, 13, 17, 23, T","arr":["0","3","5","8","10","11","13","17","23","T"],"terminus":0,"mode":"tram","color":"#d6212b","colorDark":"#7c1116","angle":91.5,"snapDist":3,"label":1}},{"type":"Feature","geometry":{"type":"Point","coordinates":[17.043263,51.117144]},"properties":{"name":"Pl. Bema","lines":"0, 3, 5, 10, 13, 17, 18, 19, T","arr":["0","3","5","10","13","17","18","19","T"],"terminus":0,"mode":"tram","color":"#d6212b","colorDark":"#7c1116","angle":176.7,"snapDist":6,"label":1}},{"type":"Feature","geometry":{"type":"Point","coordinates":[17.051125,51.116114]},"properties":{"name":"Ogród Botaniczny","lines":"0, 3, 5, 9, 10, 18, T","arr":["0","3","5","9","10","18","T"],"terminus":0,"mode":"tram","color":"#d6212b","colorDark":"#7c1116","angle":277.1,"snapDist":4,"label":1}},{"type":"Feature","geometry":{"type":"Point","coordinates":[17.050492,51.11421]},"properties":{"name":"Katedra","lines":"0, 10, T","arr":["0","10","T"],"terminus":0,"mode":"tram","color":"#d6212b","colorDark":"#7c1116","angle":287.2,"snapDist":2,"label":1}},{"type":"Feature","geometry":{"type":"Point","coordinates":[17.055626,51.112848]},"properties":{"name":"Reja","lines":"0, 2, 10, T","arr":["0","2","10","T"],"terminus":0,"mode":"tram","color":"#d6212b","colorDark":"#7c1116","angle":212,"snapDist":8,"label":1}},{"type":"Feature","geometry":{"type":"Point","coordinates":[17.060498,51.111496]},"properties":{"name":"PL. GRUNWALDZKI","lines":"0, 2, 4, 10, T","arr":["0","2","4","10","T"],"terminus":0,"mode":"tram","color":"#d6212b","colorDark":"#7c1116","angle":156.2,"snapDist":5,"label":0}},{"type":"Feature","geometry":{"type":"Point","coordinates":[17.066446,51.109244]},"properties":{"name":"Kliniki - Politechnika Wrocławska","lines":"0, 1, 2, 4, 10, 17, 19, T","arr":["0","1","2","4","10","17","19","T"],"terminus":0,"mode":"tram","color":"#d6212b","colorDark":"#7c1116","angle":207.6,"snapDist":5,"label":0}},{"type":"Feature","geometry":{"type":"Point","coordinates":[17.073774,51.106953]},"properties":{"name":"Hala Stulecia","lines":"0, 1, 2, 4, 10, 19, T","arr":["0","1","2","4","10","19","T"],"terminus":0,"mode":"tram","color":"#d6212b","colorDark":"#7c1116","angle":209.9,"snapDist":7,"label":0}},{"type":"Feature","geometry":{"type":"Point","coordinates":[17.07746,51.105661]},"properties":{"name":"ZOO","lines":"0, 1, 2, 4, 10, 19, T","arr":["0","1","2","4","10","19","T"],"terminus":1,"mode":"tram","color":"#d6212b","colorDark":"#7c1116","angle":209.4,"snapDist":6,"label":0}},{"type":"Feature","geometry":{"type":"Point","coordinates":[17.028711,51.150236]},"properties":{"name":"POŚWIĘTNE","lines":"1, 7, 15","arr":["1","7","15"],"terminus":1,"mode":"tram","color":"#d6212b","colorDark":"#7c1116","angle":187.3,"snapDist":3,"label":1}},{"type":"Feature","geometry":{"type":"Point","coordinates":[17.029934,51.148154]},"properties":{"name":"Wołowska","lines":"1, 7, 15","arr":["1","7","15"],"terminus":0,"mode":"tram","color":"#d6212b","colorDark":"#7c1116","angle":259.3,"snapDist":4,"label":1}},{"type":"Feature","geometry":{"type":"Point","coordinates":[17.031136,51.144212]},"properties":{"name":"Kępińska","lines":"1, 7, 15","arr":["1","7","15"],"terminus":0,"mode":"tram","color":"#d6212b","colorDark":"#7c1116","angle":259.3,"snapDist":4,"label":1}},{"type":"Feature","geometry":{"type":"Point","coordinates":[17.03219,51.140754]},"properties":{"name":"Kamieńskiego","lines":"1, 7, 15","arr":["1","7","15"],"terminus":0,"mode":"tram","color":"#d6212b","colorDark":"#7c1116","angle":259.2,"snapDist":4,"label":1}},{"type":"Feature","geometry":{"type":"Point","coordinates":[17.031604,51.139533]},"properties":{"name":"Kamieńskiego","lines":"1, 7, 15","arr":["1","7","15"],"terminus":0,"mode":"tram","color":"#d6212b","colorDark":"#7c1116","angle":306.9,"snapDist":3,"label":0}},{"type":"Feature","geometry":{"type":"Point","coordinates":[17.03023,51.137769]},"properties":{"name":"Bałtycka","lines":"1, 7, 15","arr":["1","7","15"],"terminus":0,"mode":"tram","color":"#d6212b","colorDark":"#7c1116","angle":293.9,"snapDist":4,"label":1}},{"type":"Feature","geometry":{"type":"Point","coordinates":[17.027686,51.127287]},"properties":{"name":"Kleczkowska","lines":"1, 7, 14, 15, 16","arr":["1","7","14","15","16"],"terminus":0,"mode":"tram","color":"#d6212b","colorDark":"#7c1116","angle":266.8,"snapDist":7,"label":1}},{"type":"Feature","geometry":{"type":"Point","coordinates":[17.030819,51.122831]},"properties":{"name":"Pl. Staszica (Park Staszica)","lines":"1, 6, 16, 18, 19, 24","arr":["1","6","16","18","19","24"],"terminus":0,"mode":"tram","color":"#d6212b","colorDark":"#7c1116","angle":179.5,"snapDist":5,"label":1}},{"type":"Feature","geometry":{"type":"Point","coordinates":[17.034996,51.124288]},"properties":{"name":"DWORZEC NADODRZE","lines":"1, 6, 16, 18, 19, 24","arr":["1","6","16","18","19","24"],"terminus":0,"mode":"tram","color":"#d6212b","colorDark":"#7c1116","angle":171.8,"snapDist":7,"label":1}},{"type":"Feature","geometry":{"type":"Point","coordinates":[17.041308,51.12371]},"properties":{"name":"Słowiańska","lines":"1, 6, 16, 18, 19, 24","arr":["1","6","16","18","19","24"],"terminus":0,"mode":"tram","color":"#d6212b","colorDark":"#7c1116","angle":162.5,"snapDist":10,"label":1}},{"type":"Feature","geometry":{"type":"Point","coordinates":[17.045094,51.124372]},"properties":{"name":"Nowowiejska","lines":"1, 6, 8, 11, 16, 23, 24","arr":["1","6","8","11","16","23","24"],"terminus":0,"mode":"tram","color":"#d6212b","colorDark":"#7c1116","angle":113.5,"snapDist":3,"label":1}},{"type":"Feature","geometry":{"type":"Point","coordinates":[17.051955,51.122392]},"properties":{"name":"Wyszyńskiego","lines":"1, 16","arr":["1","16"],"terminus":0,"mode":"tram","color":"#d6212b","colorDark":"#7c1116","angle":218,"snapDist":10,"label":1}},{"type":"Feature","geometry":{"type":"Point","coordinates":[17.056474,51.119918]},"properties":{"name":"Prusa","lines":"1, 16","arr":["1","16"],"terminus":0,"mode":"tram","color":"#d6212b","colorDark":"#7c1116","angle":221.9,"snapDist":11,"label":1}},{"type":"Feature","geometry":{"type":"Point","coordinates":[17.061043,51.116181]},"properties":{"name":"Piastowska","lines":"1, 16","arr":["1","16"],"terminus":0,"mode":"tram","color":"#d6212b","colorDark":"#7c1116","angle":287.5,"snapDist":10,"label":1}},{"type":"Feature","geometry":{"type":"Point","coordinates":[17.061248,51.111157]},"properties":{"name":"PL. GRUNWALDZKI","lines":"1, 17, 19","arr":["1","17","19"],"terminus":0,"mode":"tram","color":"#d6212b","colorDark":"#7c1116","angle":245.7,"snapDist":4,"label":0}},{"type":"Feature","geometry":{"type":"Point","coordinates":[17.084194,51.104382]},"properties":{"name":"Tramwajowa","lines":"1, 2, 4, 10","arr":["1","2","4","10"],"terminus":0,"mode":"tram","color":"#d6212b","colorDark":"#7c1116","angle":167.9,"snapDist":6,"label":1}},{"type":"Feature","geometry":{"type":"Point","coordinates":[17.090947,51.103819]},"properties":{"name":"Chełmońskiego","lines":"1, 2, 4, 10","arr":["1","2","4","10"],"terminus":0,"mode":"tram","color":"#d6212b","colorDark":"#7c1116","angle":190.9,"snapDist":7,"label":1}},{"type":"Feature","geometry":{"type":"Point","coordinates":[17.096427,51.10314]},"properties":{"name":"Piramowicza (Kampus Biskupin)","lines":"1, 2, 4, 10","arr":["1","2","4","10"],"terminus":0,"mode":"tram","color":"#d6212b","colorDark":"#7c1116","angle":192.5,"snapDist":7,"label":1}},{"type":"Feature","geometry":{"type":"Point","coordinates":[17.101836,51.102266]},"properties":{"name":"Spółdzielcza","lines":"1, 2, 4, 10","arr":["1","2","4","10"],"terminus":0,"mode":"tram","color":"#d6212b","colorDark":"#7c1116","angle":196,"snapDist":7,"label":1}},{"type":"Feature","geometry":{"type":"Point","coordinates":[17.108702,51.101185]},"properties":{"name":"BISKUPIN","lines":"1, 2, 4, 10","arr":["1","2","4","10"],"terminus":1,"mode":"tram","color":"#d6212b","colorDark":"#7c1116","angle":191.2,"snapDist":55,"label":1}},{"type":"Feature","geometry":{"type":"Point","coordinates":[17.109131,51.10121]},"properties":{"name":"BISKUPIN","lines":"1, 2, 4, 10","arr":["1","2","4","10"],"terminus":1,"mode":"tram","color":"#d6212b","colorDark":"#7c1116","angle":328.9,"snapDist":5,"label":0}},{"type":"Feature","geometry":{"type":"Point","coordinates":[17.102312,51.102182]},"properties":{"name":"Spółdzielcza","lines":"1, 2, 4, 10","arr":["1","2","4","10"],"terminus":0,"mode":"tram","color":"#d6212b","colorDark":"#7c1116","angle":15.4,"snapDist":3,"label":0}},{"type":"Feature","geometry":{"type":"Point","coordinates":[17.096318,51.103155]},"properties":{"name":"Piramowicza (Kampus Biskupin)","lines":"1, 2, 4, 10","arr":["1","2","4","10"],"terminus":0,"mode":"tram","color":"#d6212b","colorDark":"#7c1116","angle":12.5,"snapDist":3,"label":0}},{"type":"Feature","geometry":{"type":"Point","coordinates":[17.090701,51.103849]},"properties":{"name":"Chełmońskiego","lines":"1, 2, 4, 10","arr":["1","2","4","10"],"terminus":0,"mode":"tram","color":"#d6212b","colorDark":"#7c1116","angle":10.9,"snapDist":4,"label":0}},{"type":"Feature","geometry":{"type":"Point","coordinates":[17.084677,51.104446]},"properties":{"name":"Tramwajowa","lines":"1, 2, 4, 10","arr":["1","2","4","10"],"terminus":0,"mode":"tram","color":"#d6212b","colorDark":"#7c1116","angle":348,"snapDist":2,"label":0}},{"type":"Feature","geometry":{"type":"Point","coordinates":[17.061366,51.11113]},"properties":{"name":"PL. GRUNWALDZKI","lines":"1, 17, 19, T","arr":["1","17","19","T"],"terminus":0,"mode":"tram","color":"#d6212b","colorDark":"#7c1116","angle":66.8,"snapDist":7,"label":0}},{"type":"Feature","geometry":{"type":"Point","coordinates":[17.060797,51.115374]},"properties":{"name":"Piastowska","lines":"1, 16, 17, 19, T","arr":["1","16","17","19","T"],"terminus":0,"mode":"tram","color":"#d6212b","colorDark":"#7c1116","angle":98.9,"snapDist":6,"label":0}},{"type":"Feature","geometry":{"type":"Point","coordinates":[17.057345,51.119434]},"properties":{"name":"Prusa","lines":"1, 16","arr":["1","16"],"terminus":0,"mode":"tram","color":"#d6212b","colorDark":"#7c1116","angle":41.3,"snapDist":6,"label":0}},{"type":"Feature","geometry":{"type":"Point","coordinates":[17.052893,51.121884]},"properties":{"name":"Wyszyńskiego","lines":"1, 16","arr":["1","16"],"terminus":0,"mode":"tram","color":"#d6212b","colorDark":"#7c1116","angle":41.3,"snapDist":5,"label":0}},{"type":"Feature","geometry":{"type":"Point","coordinates":[17.044932,51.124228]},"properties":{"name":"Nowowiejska","lines":"1, 6, 8, 11, 16, 23, 24","arr":["1","6","8","11","16","23","24"],"terminus":0,"mode":"tram","color":"#d6212b","colorDark":"#7c1116","angle":293.4,"snapDist":3,"label":0}},{"type":"Feature","geometry":{"type":"Point","coordinates":[17.04024,51.123496]},"properties":{"name":"Słowiańska","lines":"1, 6, 16, 18, 19, 24","arr":["1","6","16","18","19","24"],"terminus":0,"mode":"tram","color":"#d6212b","colorDark":"#7c1116","angle":342.6,"snapDist":5,"label":0}},{"type":"Feature","geometry":{"type":"Point","coordinates":[17.035038,51.124292]},"properties":{"name":"DWORZEC NADODRZE","lines":"1, 6, 16, 18, 19, 24","arr":["1","6","16","18","19","24"],"terminus":0,"mode":"tram","color":"#d6212b","colorDark":"#7c1116","angle":351.8,"snapDist":3,"label":0}},{"type":"Feature","geometry":{"type":"Point","coordinates":[17.030548,51.12283]},"properties":{"name":"Pl. Staszica (Park Staszica)","lines":"1, 6, 16, 18, 19, 24","arr":["1","6","16","18","19","24"],"terminus":0,"mode":"tram","color":"#d6212b","colorDark":"#7c1116","angle":359.6,"snapDist":6,"label":0}},{"type":"Feature","geometry":{"type":"Point","coordinates":[17.027811,51.126721]},"properties":{"name":"Kleczkowska","lines":"1, 7, 14, 15, 16","arr":["1","7","14","15","16"],"terminus":0,"mode":"tram","color":"#d6212b","colorDark":"#7c1116","angle":82.3,"snapDist":7,"label":0}},{"type":"Feature","geometry":{"type":"Point","coordinates":[17.029762,51.137029]},"properties":{"name":"Bałtycka","lines":"1, 7, 15","arr":["1","7","15"],"terminus":0,"mode":"tram","color":"#d6212b","colorDark":"#7c1116","angle":113,"snapDist":4,"label":0}},{"type":"Feature","geometry":{"type":"Point","coordinates":[17.03172,51.139573]},"properties":{"name":"Kamieńskiego","lines":"1, 7, 15","arr":["1","7","15"],"terminus":0,"mode":"tram","color":"#d6212b","colorDark":"#7c1116","angle":126,"snapDist":3,"label":0}},{"type":"Feature","geometry":{"type":"Point","coordinates":[17.032184,51.140972]},"properties":{"name":"Kamieńskiego","lines":"1, 7, 15","arr":["1","7","15"],"terminus":0,"mode":"tram","color":"#d6212b","colorDark":"#7c1116","angle":79.2,"snapDist":3,"label":0}},{"type":"Feature","geometry":{"type":"Point","coordinates":[17.031196,51.144214]},"properties":{"name":"Kępińska","lines":"1, 7, 15","arr":["1","7","15"],"terminus":0,"mode":"tram","color":"#d6212b","colorDark":"#7c1116","angle":79.3,"snapDist":3,"label":0}},{"type":"Feature","geometry":{"type":"Point","coordinates":[17.030238,51.147365]},"properties":{"name":"Wołowska","lines":"1, 7, 15","arr":["1","7","15"],"terminus":0,"mode":"tram","color":"#d6212b","colorDark":"#7c1116","angle":78.9,"snapDist":2,"label":0}},{"type":"Feature","geometry":{"type":"Point","coordinates":[17.028702,51.150264]},"properties":{"name":"POŚWIĘTNE","lines":"1, 7, 15","arr":["1","7","15"],"terminus":1,"mode":"tram","color":"#d6212b","colorDark":"#7c1116","angle":8,"snapDist":3,"label":0}},{"type":"Feature","geometry":{"type":"Point","coordinates":[17.007201,51.074862]},"properties":{"name":"KRZYKI","lines":"2, 6, 7, 14, 17","arr":["2","6","7","14","17"],"terminus":1,"mode":"tram","color":"#d6212b","colorDark":"#7c1116","angle":90.8,"snapDist":2,"label":1}},{"type":"Feature","geometry":{"type":"Point","coordinates":[17.008144,51.080152]},"properties":{"name":"Orla","lines":"2, 6, 7, 14, 17","arr":["2","6","7","14","17"],"terminus":0,"mode":"tram","color":"#d6212b","colorDark":"#7c1116","angle":104.2,"snapDist":3,"label":1}},{"type":"Feature","geometry":{"type":"Point","coordinates":[17.010255,51.083689]},"properties":{"name":"Jastrzębia","lines":"2, 6, 7, 14, 17","arr":["2","6","7","14","17"],"terminus":0,"mode":"tram","color":"#d6212b","colorDark":"#7c1116","angle":111.1,"snapDist":3,"label":1}},{"type":"Feature","geometry":{"type":"Point","coordinates":[17.011704,51.086]},"properties":{"name":"Hallera","lines":"2, 6, 7, 14, 17","arr":["2","6","7","14","17"],"terminus":0,"mode":"tram","color":"#d6212b","colorDark":"#7c1116","angle":113.9,"snapDist":2,"label":1}},{"type":"Feature","geometry":{"type":"Point","coordinates":[17.014162,51.088208]},"properties":{"name":"Sztabowa","lines":"2, 6, 7, 17, 20","arr":["2","6","7","17","20"],"terminus":0,"mode":"tram","color":"#d6212b","colorDark":"#7c1116","angle":126.4,"snapDist":2,"label":1}},{"type":"Feature","geometry":{"type":"Point","coordinates":[17.017092,51.090705]},"properties":{"name":"Rondo","lines":"2, 6, 7, 17, 20","arr":["2","6","7","17","20"],"terminus":0,"mode":"tram","color":"#d6212b","colorDark":"#7c1116","angle":126.8,"snapDist":3,"label":1}},{"type":"Feature","geometry":{"type":"Point","coordinates":[17.020596,51.093669]},"properties":{"name":"Wielka","lines":"2, 6, 7, 17, 20","arr":["2","6","7","17","20"],"terminus":0,"mode":"tram","color":"#d6212b","colorDark":"#7c1116","angle":126.5,"snapDist":3,"label":1}},{"type":"Feature","geometry":{"type":"Point","coordinates":[17.025153,51.097493]},"properties":{"name":"Zaolziańska","lines":"2, 6, 7, 17, 20","arr":["2","6","7","17","20"],"terminus":0,"mode":"tram","color":"#d6212b","colorDark":"#7c1116","angle":125.9,"snapDist":3,"label":1}},{"type":"Feature","geometry":{"type":"Point","coordinates":[17.028925,51.100955]},"properties":{"name":"Arkady (Capitol)","lines":"2, 6, 7, 17, 20","arr":["2","6","7","17","20"],"terminus":0,"mode":"tram","color":"#d6212b","colorDark":"#7c1116","angle":120.7,"snapDist":3,"label":0}},{"type":"Feature","geometry":{"type":"Point","coordinates":[17.035339,51.100059]},"properties":{"name":"DWORZEC GŁÓWNY","lines":"2, 4, 5, 8, 15, 17, 21, 22, 23, T","arr":["2","4","5","8","15","17","21","22","23","T"],"terminus":0,"mode":"tram","color":"#d6212b","colorDark":"#7c1116","angle":198.3,"snapDist":7,"label":0}},{"type":"Feature","geometry":{"type":"Point","coordinates":[17.043064,51.098237]},"properties":{"name":"Pułaskiego","lines":"2, 4, 8, 15, 21, 22","arr":["2","4","8","15","21","22"],"terminus":0,"mode":"tram","color":"#d6212b","colorDark":"#7c1116","angle":209.3,"snapDist":5,"label":0}},{"type":"Feature","geometry":{"type":"Point","coordinates":[17.045399,51.100225]},"properties":{"name":"Kościuszki","lines":"2, 4, 9, 16, 18","arr":["2","4","9","16","18"],"terminus":0,"mode":"tram","color":"#d6212b","colorDark":"#7c1116","angle":109.7,"snapDist":3,"label":0}},{"type":"Feature","geometry":{"type":"Point","coordinates":[17.046591,51.102264]},"properties":{"name":"Komuny Paryskiej","lines":"2, 4, 9, 16, 18","arr":["2","4","9","16","18"],"terminus":0,"mode":"tram","color":"#d6212b","colorDark":"#7c1116","angle":115.7,"snapDist":2,"label":0}},{"type":"Feature","geometry":{"type":"Point","coordinates":[17.048049,51.105244]},"properties":{"name":"Pl. Wróblewskiego","lines":"2, 3, 4, 5, 9, 16, 18","arr":["2","3","4","5","9","16","18"],"terminus":0,"mode":"tram","color":"#d6212b","colorDark":"#7c1116","angle":51.4,"snapDist":3,"label":0}},{"type":"Feature","geometry":{"type":"Point","coordinates":[17.047954,51.109811]},"properties":{"name":"Urząd Wojewódzki (Muzeum Narodowe)","lines":"2, 3, 5, 9, 18","arr":["2","3","5","9","18"],"terminus":0,"mode":"tram","color":"#d6212b","colorDark":"#7c1116","angle":108.1,"snapDist":3,"label":1}},{"type":"Feature","geometry":{"type":"Point","coordinates":[17.050188,51.113448]},"properties":{"name":"Katedra","lines":"2, 3, 5, 9, 18","arr":["2","3","5","9","18"],"terminus":0,"mode":"tram","color":"#d6212b","colorDark":"#7c1116","angle":103,"snapDist":2,"label":0}},{"type":"Feature","geometry":{"type":"Point","coordinates":[17.060098,51.111605]},"properties":{"name":"PL. GRUNWALDZKI","lines":"2, 10","arr":["2","10"],"terminus":0,"mode":"tram","color":"#d6212b","colorDark":"#7c1116","angle":335.4,"snapDist":2,"label":0}},{"type":"Feature","geometry":{"type":"Point","coordinates":[17.05682,51.112394]},"properties":{"name":"Reja","lines":"2, 10","arr":["2","10"],"terminus":0,"mode":"tram","color":"#d6212b","colorDark":"#7c1116","angle":27.6,"snapDist":7,"label":0}},{"type":"Feature","geometry":{"type":"Point","coordinates":[17.050093,51.113309]},"properties":{"name":"Katedra","lines":"2, 3, 5, 9, 18","arr":["2","3","5","9","18"],"terminus":0,"mode":"tram","color":"#d6212b","colorDark":"#7c1116","angle":283.4,"snapDist":4,"label":0}},{"type":"Feature","geometry":{"type":"Point","coordinates":[17.04782,51.109661]},"properties":{"name":"Urząd Wojewódzki (Muzeum Narodowe)","lines":"2, 3, 5, 9, 18","arr":["2","3","5","9","18"],"terminus":0,"mode":"tram","color":"#d6212b","colorDark":"#7c1116","angle":287.3,"snapDist":5,"label":0}},{"type":"Feature","geometry":{"type":"Point","coordinates":[17.02543,51.097793]},"properties":{"name":"Zaolziańska","lines":"2, 6, 7, 17, 20","arr":["2","6","7","17","20"],"terminus":0,"mode":"tram","color":"#d6212b","colorDark":"#7c1116","angle":303.7,"snapDist":3,"label":0}},{"type":"Feature","geometry":{"type":"Point","coordinates":[17.021078,51.094127]},"properties":{"name":"Wielka","lines":"2, 6, 7, 17, 20","arr":["2","6","7","17","20"],"terminus":0,"mode":"tram","color":"#d6212b","colorDark":"#7c1116","angle":307,"snapDist":4,"label":0}},{"type":"Feature","geometry":{"type":"Point","coordinates":[17.017533,51.091126]},"properties":{"name":"Rondo","lines":"2, 6, 7, 17, 20","arr":["2","6","7","17","20"],"terminus":0,"mode":"tram","color":"#d6212b","colorDark":"#7c1116","angle":306.5,"snapDist":3,"label":0}},{"type":"Feature","geometry":{"type":"Point","coordinates":[17.014702,51.088719]},"properties":{"name":"Sztabowa","lines":"2, 6, 7, 17, 20","arr":["2","6","7","17","20"],"terminus":0,"mode":"tram","color":"#d6212b","colorDark":"#7c1116","angle":304.2,"snapDist":4,"label":0}},{"type":"Feature","geometry":{"type":"Point","coordinates":[17.01239,51.086742]},"properties":{"name":"Hallera","lines":"2, 6, 7, 17, 20","arr":["2","6","7","17","20"],"terminus":0,"mode":"tram","color":"#d6212b","colorDark":"#7c1116","angle":308.2,"snapDist":3,"label":0}},{"type":"Feature","geometry":{"type":"Point","coordinates":[17.010534,51.084211]},"properties":{"name":"Jastrzębia","lines":"2, 6, 7, 14, 17","arr":["2","6","7","14","17"],"terminus":0,"mode":"tram","color":"#d6212b","colorDark":"#7c1116","angle":291.2,"snapDist":3,"label":0}},{"type":"Feature","geometry":{"type":"Point","coordinates":[17.008078,51.080096]},"properties":{"name":"Orla","lines":"2, 6, 7, 14, 17","arr":["2","6","7","14","17"],"terminus":0,"mode":"tram","color":"#d6212b","colorDark":"#7c1116","angle":284.4,"snapDist":4,"label":0}},{"type":"Feature","geometry":{"type":"Point","coordinates":[17.007142,51.074735]},"properties":{"name":"KRZYKI","lines":"2, 6, 7, 14, 17","arr":["2","6","7","14","17"],"terminus":1,"mode":"tram","color":"#d6212b","colorDark":"#7c1116","angle":270.8,"snapDist":4,"label":0}},{"type":"Feature","geometry":{"type":"Point","coordinates":[16.872297,51.144673]},"properties":{"name":"LEŚNICA","lines":"3, 10, 20","arr":["3","10","20"],"terminus":1,"mode":"tram","color":"#d6212b","colorDark":"#7c1116","angle":99.5,"snapDist":9,"label":1}},{"type":"Feature","geometry":{"type":"Point","coordinates":[16.878438,51.145222]},"properties":{"name":"Jeleniogórska","lines":"3, 10, 20","arr":["3","10","20"],"terminus":0,"mode":"tram","color":"#d6212b","colorDark":"#7c1116","angle":191.1,"snapDist":3,"label":1}},{"type":"Feature","geometry":{"type":"Point","coordinates":[16.881736,51.144815]},"properties":{"name":"Wschowska","lines":"3, 10, 20","arr":["3","10","20"],"terminus":0,"mode":"tram","color":"#d6212b","colorDark":"#7c1116","angle":191.1,"snapDist":4,"label":1}},{"type":"Feature","geometry":{"type":"Point","coordinates":[16.890008,51.143788]},"properties":{"name":"Złotnicka","lines":"3, 10, 20","arr":["3","10","20"],"terminus":0,"mode":"tram","color":"#d6212b","colorDark":"#7c1116","angle":191.2,"snapDist":3,"label":1}},{"type":"Feature","geometry":{"type":"Point","coordinates":[16.900059,51.142526]},"properties":{"name":"Kamiennogórska (Ośrodek dla niewidomych)","lines":"3, 10, 20","arr":["3","10","20"],"terminus":0,"mode":"tram","color":"#d6212b","colorDark":"#7c1116","angle":191.4,"snapDist":4,"label":1}},{"type":"Feature","geometry":{"type":"Point","coordinates":[16.905996,51.141561]},"properties":{"name":"Kosmonautów (Szpital)","lines":"3, 10, 20","arr":["3","10","20"],"terminus":0,"mode":"tram","color":"#d6212b","colorDark":"#7c1116","angle":11.5,"snapDist":20,"label":1}},{"type":"Feature","geometry":{"type":"Point","coordinates":[16.914441,51.140563]},"properties":{"name":"Kosmonautów","lines":"3, 10, 20","arr":["3","10","20"],"terminus":0,"mode":"tram","color":"#d6212b","colorDark":"#7c1116","angle":191.4,"snapDist":9,"label":1}},{"type":"Feature","geometry":{"type":"Point","coordinates":[16.921343,51.139631]},"properties":{"name":"Grabowa","lines":"3, 10, 20","arr":["3","10","20"],"terminus":0,"mode":"tram","color":"#d6212b","colorDark":"#7c1116","angle":11.4,"snapDist":16,"label":1}},{"type":"Feature","geometry":{"type":"Point","coordinates":[16.929016,51.138686]},"properties":{"name":"Aleja Architektów","lines":"3, 10, 20","arr":["3","10","20"],"terminus":0,"mode":"tram","color":"#d6212b","colorDark":"#7c1116","angle":11.3,"snapDist":15,"label":1}},{"type":"Feature","geometry":{"type":"Point","coordinates":[16.936376,51.137999]},"properties":{"name":"Glinianki","lines":"3, 10, 20","arr":["3","10","20"],"terminus":0,"mode":"tram","color":"#d6212b","colorDark":"#7c1116","angle":181.3,"snapDist":8,"label":1}},{"type":"Feature","geometry":{"type":"Point","coordinates":[16.941091,51.137221]},"properties":{"name":"Tarczyński Arena (Lotnicza)","lines":"3, 10, 20","arr":["3","10","20"],"terminus":0,"mode":"tram","color":"#d6212b","colorDark":"#7c1116","angle":194.4,"snapDist":8,"label":1}},{"type":"Feature","geometry":{"type":"Point","coordinates":[16.950602,51.136012]},"properties":{"name":"PILCZYCE","lines":"3, 10, 20, 22, 24","arr":["3","10","20","22","24"],"terminus":1,"mode":"tram","color":"#d6212b","colorDark":"#7c1116","angle":211.4,"snapDist":8,"label":1}},{"type":"Feature","geometry":{"type":"Point","coordinates":[16.958307,51.132561]},"properties":{"name":"Metalowców","lines":"3, 10, 20, 22, 24","arr":["3","10","20","22","24"],"terminus":0,"mode":"tram","color":"#d6212b","colorDark":"#7c1116","angle":198.3,"snapDist":8,"label":1}},{"type":"Feature","geometry":{"type":"Point","coordinates":[16.967286,51.130678]},"properties":{"name":"Bajana","lines":"3, 10, 20, 22, 24","arr":["3","10","20","22","24"],"terminus":0,"mode":"tram","color":"#d6212b","colorDark":"#7c1116","angle":198.4,"snapDist":8,"label":1}},{"type":"Feature","geometry":{"type":"Point","coordinates":[16.971481,51.129479]},"properties":{"name":"Park Zachodni","lines":"3, 10, 20, 22, 24","arr":["3","10","20","22","24"],"terminus":0,"mode":"tram","color":"#d6212b","colorDark":"#7c1116","angle":205.6,"snapDist":9,"label":1}},{"type":"Feature","geometry":{"type":"Point","coordinates":[16.976281,51.128028]},"properties":{"name":"DH Astra","lines":"3, 10, 20, 22, 24","arr":["3","10","20","22","24"],"terminus":0,"mode":"tram","color":"#d6212b","colorDark":"#7c1116","angle":206,"snapDist":8,"label":1}},{"type":"Feature","geometry":{"type":"Point","coordinates":[16.983465,51.125309]},"properties":{"name":"Kwiska","lines":"3, 10, 12, 20, 21, 22","arr":["3","10","12","20","21","22"],"terminus":0,"mode":"tram","color":"#d6212b","colorDark":"#7c1116","angle":214.5,"snapDist":5,"label":1}},{"type":"Feature","geometry":{"type":"Point","coordinates":[16.987783,51.123708]},"properties":{"name":"Małopanewska","lines":"3, 10, 12, 20, 21, 22","arr":["3","10","12","20","21","22"],"terminus":0,"mode":"tram","color":"#d6212b","colorDark":"#7c1116","angle":213.1,"snapDist":6,"label":1}},{"type":"Feature","geometry":{"type":"Point","coordinates":[16.993648,51.121321]},"properties":{"name":"Niedźwiedzia","lines":"3, 10, 12, 20, 21, 22","arr":["3","10","12","20","21","22"],"terminus":0,"mode":"tram","color":"#d6212b","colorDark":"#7c1116","angle":213.6,"snapDist":4,"label":1}},{"type":"Feature","geometry":{"type":"Point","coordinates":[17.000449,51.116413]},"properties":{"name":"Wrocław Mikołajów (Zachodnia)","lines":"3, 10, 12, 20, 21, 22","arr":["3","10","12","20","21","22"],"terminus":0,"mode":"tram","color":"#d6212b","colorDark":"#7c1116","angle":238,"snapDist":3,"label":1}},{"type":"Feature","geometry":{"type":"Point","coordinates":[17.007725,51.112964]},"properties":{"name":"Pl. Strzegomski (Muzeum Współczesne)","lines":"3, 10, 12, 13, 21, 22","arr":["3","10","12","13","21","22"],"terminus":0,"mode":"tram","color":"#d6212b","colorDark":"#7c1116","angle":184.9,"snapDist":4,"label":1}},{"type":"Feature","geometry":{"type":"Point","coordinates":[17.011958,51.112812]},"properties":{"name":"Młodych Techników Akademia Sztuk Teatralnych","lines":"3, 10, 12, 13, 21, 22","arr":["3","10","12","13","21","22"],"terminus":0,"mode":"tram","color":"#d6212b","colorDark":"#7c1116","angle":182.2,"snapDist":4,"label":1}},{"type":"Feature","geometry":{"type":"Point","coordinates":[17.020734,51.111945]},"properties":{"name":"PL. JANA PAWŁA II","lines":"3, 10, 12, 13, 21, 22","arr":["3","10","12","13","21","22"],"terminus":0,"mode":"tram","color":"#d6212b","colorDark":"#7c1116","angle":204.5,"snapDist":6,"label":1}},{"type":"Feature","geometry":{"type":"Point","coordinates":[17.026792,51.109778]},"properties":{"name":"Rynek","lines":"3, 10, 12, 13, T","arr":["3","10","12","13","T"],"terminus":0,"mode":"tram","color":"#d6212b","colorDark":"#7c1116","angle":259.1,"snapDist":6,"label":1}},{"type":"Feature","geometry":{"type":"Point","coordinates":[17.029718,51.107898]},"properties":{"name":"Zamkowa","lines":"3, 10, 11, 12, 13, T","arr":["3","10","11","12","13","T"],"terminus":0,"mode":"tram","color":"#d6212b","colorDark":"#7c1116","angle":199.3,"snapDist":1,"label":1}},{"type":"Feature","geometry":{"type":"Point","coordinates":[17.031905,51.107397]},"properties":{"name":"Świdnicka","lines":"3, 10, 11, 12, 13, T","arr":["3","10","11","12","13","T"],"terminus":1,"mode":"tram","color":"#d6212b","colorDark":"#7c1116","angle":201.3,"snapDist":2,"label":1}},{"type":"Feature","geometry":{"type":"Point","coordinates":[17.053447,51.100656]},"properties":{"name":"Pl. Zgody (Muzeum Etnograficzne)","lines":"3, 5","arr":["3","5"],"terminus":0,"mode":"tram","color":"#d6212b","colorDark":"#7c1116","angle":237.4,"snapDist":11,"label":1}},{"type":"Feature","geometry":{"type":"Point","coordinates":[17.056193,51.09711]},"properties":{"name":"Na Niskich Łąkach","lines":"3, 5","arr":["3","5"],"terminus":0,"mode":"tram","color":"#d6212b","colorDark":"#7c1116","angle":261.2,"snapDist":7,"label":1}},{"type":"Feature","geometry":{"type":"Point","coordinates":[17.060057,51.093376]},"properties":{"name":"Krakowska","lines":"3, 5","arr":["3","5"],"terminus":0,"mode":"tram","color":"#d6212b","colorDark":"#7c1116","angle":227.9,"snapDist":11,"label":1}},{"type":"Feature","geometry":{"type":"Point","coordinates":[17.066044,51.089139]},"properties":{"name":"Krakowska (Centrum Handlowe)","lines":"3, 5","arr":["3","5"],"terminus":0,"mode":"tram","color":"#d6212b","colorDark":"#7c1116","angle":227.9,"snapDist":6,"label":1}},{"type":"Feature","geometry":{"type":"Point","coordinates":[17.069574,51.086708]},"properties":{"name":"Armii Krajowej","lines":"3, 5","arr":["3","5"],"terminus":0,"mode":"tram","color":"#d6212b","colorDark":"#7c1116","angle":227.7,"snapDist":2,"label":1}},{"type":"Feature","geometry":{"type":"Point","coordinates":[17.072293,51.084942]},"properties":{"name":"Park Wschodni","lines":"3, 5","arr":["3","5"],"terminus":0,"mode":"tram","color":"#d6212b","colorDark":"#7c1116","angle":228,"snapDist":9,"label":1}},{"type":"Feature","geometry":{"type":"Point","coordinates":[17.077027,51.081989]},"properties":{"name":"Karwińska (Dawna Pralnia)","lines":"3, 5","arr":["3","5"],"terminus":0,"mode":"tram","color":"#d6212b","colorDark":"#7c1116","angle":222.8,"snapDist":7,"label":1}},{"type":"Feature","geometry":{"type":"Point","coordinates":[17.08008,51.080206]},"properties":{"name":"Głubczycka","lines":"3, 5","arr":["3","5"],"terminus":0,"mode":"tram","color":"#d6212b","colorDark":"#7c1116","angle":223.2,"snapDist":7,"label":1}},{"type":"Feature","geometry":{"type":"Point","coordinates":[17.083531,51.077664]},"properties":{"name":"KSIĘŻE MAŁE","lines":"3, 5","arr":["3","5"],"terminus":1,"mode":"tram","color":"#d6212b","colorDark":"#7c1116","angle":234,"snapDist":4,"label":1}},{"type":"Feature","geometry":{"type":"Point","coordinates":[17.083943,51.077297]},"properties":{"name":"KSIĘŻE MAŁE","lines":"3, 5","arr":["3","5"],"terminus":1,"mode":"tram","color":"#d6212b","colorDark":"#7c1116","angle":70.8,"snapDist":5,"label":0}},{"type":"Feature","geometry":{"type":"Point","coordinates":[17.08009,51.0802]},"properties":{"name":"Głubczycka","lines":"3, 5","arr":["3","5"],"terminus":0,"mode":"tram","color":"#d6212b","colorDark":"#7c1116","angle":43.2,"snapDist":2,"label":0}},{"type":"Feature","geometry":{"type":"Point","coordinates":[17.076959,51.082029]},"properties":{"name":"Karwińska (Dawna Pralnia)","lines":"3, 5","arr":["3","5"],"terminus":0,"mode":"tram","color":"#d6212b","colorDark":"#7c1116","angle":42.8,"snapDist":3,"label":0}},{"type":"Feature","geometry":{"type":"Point","coordinates":[17.07198,51.085159]},"properties":{"name":"Park Wschodni","lines":"3, 5","arr":["3","5"],"terminus":0,"mode":"tram","color":"#d6212b","colorDark":"#7c1116","angle":48.1,"snapDist":6,"label":0}},{"type":"Feature","geometry":{"type":"Point","coordinates":[17.069338,51.086871]},"properties":{"name":"Armii Krajowej","lines":"3, 5","arr":["3","5"],"terminus":0,"mode":"tram","color":"#d6212b","colorDark":"#7c1116","angle":47.7,"snapDist":3,"label":0}},{"type":"Feature","geometry":{"type":"Point","coordinates":[17.064797,51.090014]},"properties":{"name":"Krakowska (Centrum Handlowe)","lines":"3, 5","arr":["3","5"],"terminus":0,"mode":"tram","color":"#d6212b","colorDark":"#7c1116","angle":48,"snapDist":3,"label":0}},{"type":"Feature","geometry":{"type":"Point","coordinates":[17.060518,51.093057]},"properties":{"name":"Krakowska","lines":"3, 5","arr":["3","5"],"terminus":0,"mode":"tram","color":"#d6212b","colorDark":"#7c1116","angle":47.2,"snapDist":9,"label":0}},{"type":"Feature","geometry":{"type":"Point","coordinates":[17.056536,51.096243]},"properties":{"name":"Na Niskich Łąkach","lines":"3, 5","arr":["3","5"],"terminus":0,"mode":"tram","color":"#d6212b","colorDark":"#7c1116","angle":63.4,"snapDist":3,"label":0}},{"type":"Feature","geometry":{"type":"Point","coordinates":[17.054238,51.099865]},"properties":{"name":"Pl. Zgody (Muzeum Etnograficzne)","lines":"3, 5","arr":["3","5"],"terminus":0,"mode":"tram","color":"#d6212b","colorDark":"#7c1116","angle":58.1,"snapDist":6,"label":0}},{"type":"Feature","geometry":{"type":"Point","coordinates":[17.050251,51.116799]},"properties":{"name":"Ogród Botaniczny","lines":"3, 5, 10, 13, 17, 18, 19, T","arr":["3","5","10","13","17","18","19","T"],"terminus":0,"mode":"tram","color":"#d6212b","colorDark":"#7c1116","angle":5.5,"snapDist":2,"label":0}},{"type":"Feature","geometry":{"type":"Point","coordinates":[17.041793,51.116648]},"properties":{"name":"Pl. Bema","lines":"3, 5, 8, 10, 11, 13, 17, 23, T","arr":["3","5","8","10","11","13","17","23","T"],"terminus":0,"mode":"tram","color":"#d6212b","colorDark":"#7c1116","angle":287.1,"snapDist":6,"label":0}},{"type":"Feature","geometry":{"type":"Point","coordinates":[17.039473,51.11266]},"properties":{"name":"Hala Targowa","lines":"3, 5, 8, 10, 11, 13, 17, 23","arr":["3","5","8","10","11","13","17","23"],"terminus":0,"mode":"tram","color":"#d6212b","colorDark":"#7c1116","angle":271.4,"snapDist":4,"label":0}},{"type":"Feature","geometry":{"type":"Point","coordinates":[17.03906,51.110402]},"properties":{"name":"Pl. Nowy Targ","lines":"3, 5, 8, 10, 11, 13, 17, 23","arr":["3","5","8","10","11","13","17","23"],"terminus":0,"mode":"tram","color":"#d6212b","colorDark":"#7c1116","angle":280.5,"snapDist":2,"label":0}},{"type":"Feature","geometry":{"type":"Point","coordinates":[17.038649,51.108411]},"properties":{"name":"GALERIA DOMINIKAŃSKA","lines":"3, 5, 8, 10, 11, 13, 17, 23","arr":["3","5","8","10","11","13","17","23"],"terminus":0,"mode":"tram","color":"#d6212b","colorDark":"#7c1116","angle":261.1,"snapDist":5,"label":0}},{"type":"Feature","geometry":{"type":"Point","coordinates":[17.031936,51.107426]},"properties":{"name":"Świdnicka","lines":"3, 10, 11, 13","arr":["3","10","11","13"],"terminus":0,"mode":"tram","color":"#d6212b","colorDark":"#7c1116","angle":23.1,"snapDist":3,"label":0}},{"type":"Feature","geometry":{"type":"Point","coordinates":[17.029344,51.108021]},"properties":{"name":"Zamkowa","lines":"3, 10, 11, 13","arr":["3","10","11","13"],"terminus":0,"mode":"tram","color":"#d6212b","colorDark":"#7c1116","angle":20.5,"snapDist":1,"label":0}},{"type":"Feature","geometry":{"type":"Point","coordinates":[17.026841,51.111069]},"properties":{"name":"Rynek","lines":"3, 10, 13","arr":["3","10","13"],"terminus":0,"mode":"tram","color":"#d6212b","colorDark":"#7c1116","angle":105.2,"snapDist":9,"label":0}},{"type":"Feature","geometry":{"type":"Point","coordinates":[17.020464,51.112051]},"properties":{"name":"PL. JANA PAWŁA II","lines":"3, 10, 12, 13, 21, 22","arr":["3","10","12","13","21","22"],"terminus":0,"mode":"tram","color":"#d6212b","colorDark":"#7c1116","angle":23.8,"snapDist":4,"label":0}},{"type":"Feature","geometry":{"type":"Point","coordinates":[17.011933,51.112848]},"properties":{"name":"Młodych Techników Akademia Sztuk Teatralnych","lines":"3, 10, 12, 13, 21, 22","arr":["3","10","12","13","21","22"],"terminus":0,"mode":"tram","color":"#d6212b","colorDark":"#7c1116","angle":2.5,"snapDist":3,"label":0}},{"type":"Feature","geometry":{"type":"Point","coordinates":[17.006958,51.113113]},"properties":{"name":"Pl. Strzegomski (Muzeum Współczesne)","lines":"3, 10, 12, 13, 21, 22","arr":["3","10","12","13","21","22"],"terminus":0,"mode":"tram","color":"#d6212b","colorDark":"#7c1116","angle":5.2,"snapDist":4,"label":0}},{"type":"Feature","geometry":{"type":"Point","coordinates":[17.000326,51.116613]},"properties":{"name":"Wrocław Mikołajów (Zachodnia)","lines":"3, 10, 12, 20, 21, 22","arr":["3","10","12","20","21","22"],"terminus":0,"mode":"tram","color":"#d6212b","colorDark":"#7c1116","angle":57.5,"snapDist":3,"label":0}},{"type":"Feature","geometry":{"type":"Point","coordinates":[16.993399,51.121465]},"properties":{"name":"Niedźwiedzia","lines":"3, 10, 12, 20, 21, 22","arr":["3","10","12","20","21","22"],"terminus":0,"mode":"tram","color":"#d6212b","colorDark":"#7c1116","angle":34.4,"snapDist":2,"label":0}},{"type":"Feature","geometry":{"type":"Point","coordinates":[16.987456,51.123884]},"properties":{"name":"Małopanewska","lines":"3, 10, 12, 20, 21, 22","arr":["3","10","12","20","21","22"],"terminus":0,"mode":"tram","color":"#d6212b","colorDark":"#7c1116","angle":33.1,"snapDist":1,"label":0}},{"type":"Feature","geometry":{"type":"Point","coordinates":[16.983192,51.125475]},"properties":{"name":"Kwiska","lines":"3, 10, 12, 20, 21, 22","arr":["3","10","12","20","21","22"],"terminus":0,"mode":"tram","color":"#d6212b","colorDark":"#7c1116","angle":33.6,"snapDist":2,"label":0}},{"type":"Feature","geometry":{"type":"Point","coordinates":[16.976031,51.128105]},"properties":{"name":"DH Astra","lines":"3, 10, 20, 22, 24","arr":["3","10","20","22","24"],"terminus":0,"mode":"tram","color":"#d6212b","colorDark":"#7c1116","angle":26.7,"snapDist":4,"label":0}},{"type":"Feature","geometry":{"type":"Point","coordinates":[16.972091,51.12929]},"properties":{"name":"Park Zachodni","lines":"3, 10, 20, 22, 24","arr":["3","10","20","22","24"],"terminus":0,"mode":"tram","color":"#d6212b","colorDark":"#7c1116","angle":28,"snapDist":4,"label":0}},{"type":"Feature","geometry":{"type":"Point","coordinates":[16.967166,51.130703]},"properties":{"name":"Bajana","lines":"3, 10, 20, 22, 24","arr":["3","10","20","22","24"],"terminus":0,"mode":"tram","color":"#d6212b","colorDark":"#7c1116","angle":18.4,"snapDist":3,"label":0}},{"type":"Feature","geometry":{"type":"Point","coordinates":[16.957436,51.132752]},"properties":{"name":"Metalowców","lines":"3, 10, 20, 22, 24","arr":["3","10","20","22","24"],"terminus":0,"mode":"tram","color":"#d6212b","colorDark":"#7c1116","angle":21.7,"snapDist":3,"label":0}},{"type":"Feature","geometry":{"type":"Point","coordinates":[16.950434,51.136077]},"properties":{"name":"PILCZYCE","lines":"3, 10, 20, 22, 24","arr":["3","10","20","22","24"],"terminus":1,"mode":"tram","color":"#d6212b","colorDark":"#7c1116","angle":31.4,"snapDist":2,"label":0}},{"type":"Feature","geometry":{"type":"Point","coordinates":[16.940315,51.137346]},"properties":{"name":"Tarczyński Arena (Lotnicza)","lines":"3, 10, 20","arr":["3","10","20"],"terminus":0,"mode":"tram","color":"#d6212b","colorDark":"#7c1116","angle":14.4,"snapDist":4,"label":0}},{"type":"Feature","geometry":{"type":"Point","coordinates":[16.934987,51.138023]},"properties":{"name":"Glinianki","lines":"3, 10, 20","arr":["3","10","20"],"terminus":0,"mode":"tram","color":"#d6212b","colorDark":"#7c1116","angle":2,"snapDist":4,"label":0}},{"type":"Feature","geometry":{"type":"Point","coordinates":[16.928792,51.138714]},"properties":{"name":"Aleja Architektów","lines":"3, 10, 20","arr":["3","10","20"],"terminus":0,"mode":"tram","color":"#d6212b","colorDark":"#7c1116","angle":11.3,"snapDist":24,"label":0}},{"type":"Feature","geometry":{"type":"Point","coordinates":[16.92086,51.139692]},"properties":{"name":"Grabowa","lines":"3, 10, 20","arr":["3","10","20"],"terminus":0,"mode":"tram","color":"#d6212b","colorDark":"#7c1116","angle":11.4,"snapDist":26,"label":0}},{"type":"Feature","geometry":{"type":"Point","coordinates":[16.912397,51.14082]},"properties":{"name":"Kosmonautów","lines":"3, 10, 20","arr":["3","10","20"],"terminus":0,"mode":"tram","color":"#d6212b","colorDark":"#7c1116","angle":11.4,"snapDist":4,"label":0}},{"type":"Feature","geometry":{"type":"Point","coordinates":[16.905784,51.141588]},"properties":{"name":"Kosmonautów (Szpital)","lines":"3, 10, 20","arr":["3","10","20"],"terminus":0,"mode":"tram","color":"#d6212b","colorDark":"#7c1116","angle":11.5,"snapDist":30,"label":0}},{"type":"Feature","geometry":{"type":"Point","coordinates":[16.899717,51.142605]},"properties":{"name":"Kamiennogórska (Ośrodek dla niewidomych)","lines":"3, 10, 20","arr":["3","10","20"],"terminus":0,"mode":"tram","color":"#d6212b","colorDark":"#7c1116","angle":11.5,"snapDist":3,"label":0}},{"type":"Feature","geometry":{"type":"Point","coordinates":[16.889791,51.143853]},"properties":{"name":"Złotnicka","lines":"3, 10, 20","arr":["3","10","20"],"terminus":0,"mode":"tram","color":"#d6212b","colorDark":"#7c1116","angle":11.6,"snapDist":2,"label":0}},{"type":"Feature","geometry":{"type":"Point","coordinates":[16.881443,51.14489]},"properties":{"name":"Wschowska","lines":"3, 10, 20","arr":["3","10","20"],"terminus":0,"mode":"tram","color":"#d6212b","colorDark":"#7c1116","angle":11.7,"snapDist":2,"label":0}},{"type":"Feature","geometry":{"type":"Point","coordinates":[16.878022,51.14531]},"properties":{"name":"Jeleniogórska","lines":"3, 10, 20","arr":["3","10","20"],"terminus":0,"mode":"tram","color":"#d6212b","colorDark":"#7c1116","angle":10.8,"snapDist":3,"label":0}},{"type":"Feature","geometry":{"type":"Point","coordinates":[16.871881,51.144696]},"properties":{"name":"LEŚNICA","lines":"3, 10, 20","arr":["3","10","20"],"terminus":1,"mode":"tram","color":"#d6212b","colorDark":"#7c1116","angle":326,"snapDist":13,"label":0}},{"type":"Feature","geometry":{"type":"Point","coordinates":[17.022507,51.104149]},"properties":{"name":"Pl. Legionów","lines":"4, 5, 15, 21, 22, 23","arr":["4","5","15","21","22","23"],"terminus":0,"mode":"tram","color":"#d6212b","colorDark":"#7c1116","angle":58.6,"snapDist":3,"label":1}},{"type":"Feature","geometry":{"type":"Point","coordinates":[17.017024,51.103244]},"properties":{"name":"Kolejowa","lines":"4, 5, 11, 14","arr":["4","5","11","14"],"terminus":0,"mode":"tram","color":"#d6212b","colorDark":"#7c1116","angle":340.3,"snapDist":3,"label":1}},{"type":"Feature","geometry":{"type":"Point","coordinates":[17.013659,51.102398]},"properties":{"name":"Grabiszyńska","lines":"4, 5, 11, 14","arr":["4","5","11","14"],"terminus":0,"mode":"tram","color":"#d6212b","colorDark":"#7c1116","angle":339.1,"snapDist":3,"label":1}},{"type":"Feature","geometry":{"type":"Point","coordinates":[17.007452,51.101056]},"properties":{"name":"Pereca","lines":"4, 5, 11, 14","arr":["4","5","11","14"],"terminus":0,"mode":"tram","color":"#d6212b","colorDark":"#7c1116","angle":340.2,"snapDist":3,"label":1}},{"type":"Feature","geometry":{"type":"Point","coordinates":[17.000445,51.099441]},"properties":{"name":"Stalowa","lines":"4, 5, 11, 14","arr":["4","5","11","14"],"terminus":0,"mode":"tram","color":"#d6212b","colorDark":"#7c1116","angle":338.4,"snapDist":4,"label":1}},{"type":"Feature","geometry":{"type":"Point","coordinates":[16.996145,51.098462]},"properties":{"name":"Pl. Srebrny","lines":"4, 5, 11, 14","arr":["4","5","11","14"],"terminus":0,"mode":"tram","color":"#d6212b","colorDark":"#7c1116","angle":340.3,"snapDist":3,"label":1}},{"type":"Feature","geometry":{"type":"Point","coordinates":[16.991964,51.097539]},"properties":{"name":"Bzowa (Centrum Historii Zajezdnia)","lines":"4, 5, 11, 14","arr":["4","5","11","14"],"terminus":0,"mode":"tram","color":"#d6212b","colorDark":"#7c1116","angle":341.1,"snapDist":9,"label":1}},{"type":"Feature","geometry":{"type":"Point","coordinates":[16.986029,51.096067]},"properties":{"name":"Hutmen","lines":"4, 5, 11, 14","arr":["4","5","11","14"],"terminus":0,"mode":"tram","color":"#d6212b","colorDark":"#7c1116","angle":336.4,"snapDist":7,"label":1}},{"type":"Feature","geometry":{"type":"Point","coordinates":[16.98078,51.09474]},"properties":{"name":"FAT","lines":"4, 5, 11, 14","arr":["4","5","11","14"],"terminus":0,"mode":"tram","color":"#d6212b","colorDark":"#7c1116","angle":343.4,"snapDist":3,"label":1}},{"type":"Feature","geometry":{"type":"Point","coordinates":[16.977541,51.092097]},"properties":{"name":"Fiołkowa","lines":"4, 5, 11, 20","arr":["4","5","11","20"],"terminus":0,"mode":"tram","color":"#d6212b","colorDark":"#7c1116","angle":285.3,"snapDist":4,"label":1}},{"type":"Feature","geometry":{"type":"Point","coordinates":[16.976783,51.090372]},"properties":{"name":"GRABISZYŃSKA (Cmentarz)","lines":"4, 5, 11, 20","arr":["4","5","11","20"],"terminus":1,"mode":"tram","color":"#d6212b","colorDark":"#7c1116","angle":285.2,"snapDist":3,"label":1}},{"type":"Feature","geometry":{"type":"Point","coordinates":[16.975477,51.087646]},"properties":{"name":"Grabiszyńska (Cmentarz II)","lines":"4, 11, 20","arr":["4","11","20"],"terminus":0,"mode":"tram","color":"#d6212b","colorDark":"#7c1116","angle":304.2,"snapDist":3,"label":1}},{"type":"Feature","geometry":{"type":"Point","coordinates":[16.97158,51.084238]},"properties":{"name":"OPORÓW","lines":"4, 11, 20","arr":["4","11","20"],"terminus":1,"mode":"tram","color":"#d6212b","colorDark":"#7c1116","angle":306.6,"snapDist":5,"label":1}},{"type":"Feature","geometry":{"type":"Point","coordinates":[16.972235,51.084324]},"properties":{"name":"OPORÓW","lines":"4, 11, 20","arr":["4","11","20"],"terminus":1,"mode":"tram","color":"#d6212b","colorDark":"#7c1116","angle":82.8,"snapDist":4,"label":0}},{"type":"Feature","geometry":{"type":"Point","coordinates":[16.975521,51.087638]},"properties":{"name":"Grabiszyńska (Cmentarz II)","lines":"4, 11, 20","arr":["4","11","20"],"terminus":0,"mode":"tram","color":"#d6212b","colorDark":"#7c1116","angle":124,"snapDist":0,"label":0}},{"type":"Feature","geometry":{"type":"Point","coordinates":[16.976926,51.090593]},"properties":{"name":"GRABISZYŃSKA (Cmentarz)","lines":"4, 5, 11, 20","arr":["4","5","11","20"],"terminus":1,"mode":"tram","color":"#d6212b","colorDark":"#7c1116","angle":105.5,"snapDist":4,"label":0}},{"type":"Feature","geometry":{"type":"Point","coordinates":[16.977689,51.092299]},"properties":{"name":"Fiołkowa","lines":"4, 5, 11, 20","arr":["4","5","11","20"],"terminus":0,"mode":"tram","color":"#d6212b","colorDark":"#7c1116","angle":105,"snapDist":2,"label":0}},{"type":"Feature","geometry":{"type":"Point","coordinates":[16.98091,51.094764]},"properties":{"name":"FAT","lines":"4, 5, 11, 14","arr":["4","5","11","14"],"terminus":0,"mode":"tram","color":"#d6212b","colorDark":"#7c1116","angle":163.4,"snapDist":7,"label":0}},{"type":"Feature","geometry":{"type":"Point","coordinates":[16.985711,51.095975]},"properties":{"name":"Hutmen","lines":"4, 5, 11, 14","arr":["4","5","11","14"],"terminus":0,"mode":"tram","color":"#d6212b","colorDark":"#7c1116","angle":154.8,"snapDist":10,"label":0}},{"type":"Feature","geometry":{"type":"Point","coordinates":[16.992607,51.097683]},"properties":{"name":"Bzowa (Centrum Historii Zajezdnia)","lines":"4, 5, 11, 14","arr":["4","5","11","14"],"terminus":0,"mode":"tram","color":"#d6212b","colorDark":"#7c1116","angle":160.2,"snapDist":9,"label":0}},{"type":"Feature","geometry":{"type":"Point","coordinates":[16.996587,51.098562]},"properties":{"name":"Pl. Srebrny","lines":"4, 5, 11, 14","arr":["4","5","11","14"],"terminus":0,"mode":"tram","color":"#d6212b","colorDark":"#7c1116","angle":160.1,"snapDist":0,"label":0}},{"type":"Feature","geometry":{"type":"Point","coordinates":[17.00162,51.099722]},"properties":{"name":"Stalowa","lines":"4, 5, 11, 14","arr":["4","5","11","14"],"terminus":0,"mode":"tram","color":"#d6212b","colorDark":"#7c1116","angle":160,"snapDist":7,"label":0}},{"type":"Feature","geometry":{"type":"Point","coordinates":[17.007787,51.101131]},"properties":{"name":"Pereca","lines":"4, 5, 11, 14","arr":["4","5","11","14"],"terminus":0,"mode":"tram","color":"#d6212b","colorDark":"#7c1116","angle":160.4,"snapDist":2,"label":0}},{"type":"Feature","geometry":{"type":"Point","coordinates":[17.012407,51.102159]},"properties":{"name":"Grabiszyńska","lines":"4, 5, 11, 14","arr":["4","5","11","14"],"terminus":0,"mode":"tram","color":"#d6212b","colorDark":"#7c1116","angle":160.4,"snapDist":7,"label":0}},{"type":"Feature","geometry":{"type":"Point","coordinates":[17.016638,51.103151]},"properties":{"name":"Kolejowa","lines":"4, 5, 11, 14","arr":["4","5","11","14"],"terminus":0,"mode":"tram","color":"#d6212b","colorDark":"#7c1116","angle":158.3,"snapDist":6,"label":0}},{"type":"Feature","geometry":{"type":"Point","coordinates":[17.021574,51.104402]},"properties":{"name":"Pl. Legionów","lines":"4, 5, 11, 14","arr":["4","5","11","14"],"terminus":0,"mode":"tram","color":"#d6212b","colorDark":"#7c1116","angle":150.9,"snapDist":6,"label":0}},{"type":"Feature","geometry":{"type":"Point","coordinates":[17.028722,51.101423]},"properties":{"name":"Arkady (Capitol)","lines":"4, 5, 15, 21, 22, 23","arr":["4","5","15","21","22","23"],"terminus":0,"mode":"tram","color":"#d6212b","colorDark":"#7c1116","angle":204.1,"snapDist":4,"label":0}},{"type":"Feature","geometry":{"type":"Point","coordinates":[17.049908,51.108682]},"properties":{"name":"Urząd Wojewódzki (Impart)","lines":"4, 16","arr":["4","16"],"terminus":0,"mode":"tram","color":"#d6212b","colorDark":"#7c1116","angle":156.5,"snapDist":9,"label":0}},{"type":"Feature","geometry":{"type":"Point","coordinates":[17.055459,51.110196]},"properties":{"name":"most Grunwaldzki","lines":"4, 16","arr":["4","16"],"terminus":0,"mode":"tram","color":"#d6212b","colorDark":"#7c1116","angle":159.3,"snapDist":7,"label":0}},{"type":"Feature","geometry":{"type":"Point","coordinates":[17.037242,51.10369]},"properties":{"name":"Bastion Sakwowy","lines":"5, 17, 23, T","arr":["5","17","23","T"],"terminus":0,"mode":"tram","color":"#d6212b","colorDark":"#7c1116","angle":102.7,"snapDist":3,"label":1}},{"type":"Feature","geometry":{"type":"Point","coordinates":[17.037454,51.104272]},"properties":{"name":"Bastion Sakwowy","lines":"5, 17, 23","arr":["5","17","23"],"terminus":0,"mode":"tram","color":"#d6212b","colorDark":"#7c1116","angle":284,"snapDist":4,"label":0}},{"type":"Feature","geometry":{"type":"Point","coordinates":[17.036124,51.100723]},"properties":{"name":"Dworzec Główny (MDK)","lines":"5, 17, 23","arr":["5","17","23"],"terminus":0,"mode":"tram","color":"#d6212b","colorDark":"#7c1116","angle":281.1,"snapDist":4,"label":1}},{"type":"Feature","geometry":{"type":"Point","coordinates":[17.033377,51.106813]},"properties":{"name":"Świdnicka (Dom Europy)","lines":"6, 7","arr":["6","7"],"terminus":0,"mode":"tram","color":"#d6212b","colorDark":"#7c1116","angle":91.6,"snapDist":3,"label":1}},{"type":"Feature","geometry":{"type":"Point","coordinates":[17.033929,51.108647]},"properties":{"name":"Oławska","lines":"6, 7, 12","arr":["6","7","12"],"terminus":0,"mode":"tram","color":"#d6212b","colorDark":"#7c1116","angle":108.2,"snapDist":4,"label":1}},{"type":"Feature","geometry":{"type":"Point","coordinates":[17.03493,51.110745]},"properties":{"name":"Wita Stwosza","lines":"6, 7, 12","arr":["6","7","12"],"terminus":0,"mode":"tram","color":"#d6212b","colorDark":"#7c1116","angle":104.3,"snapDist":3,"label":1}},{"type":"Feature","geometry":{"type":"Point","coordinates":[17.035805,51.112641]},"properties":{"name":"Ossolineum (Uniwersytecka)","lines":"6, 7, 12","arr":["6","7","12"],"terminus":0,"mode":"tram","color":"#d6212b","colorDark":"#7c1116","angle":106.5,"snapDist":4,"label":1}},{"type":"Feature","geometry":{"type":"Point","coordinates":[17.032338,51.11364]},"properties":{"name":"Uniwersytet Wrocławski","lines":"6, 7, 12, T","arr":["6","7","12","T"],"terminus":0,"mode":"tram","color":"#d6212b","colorDark":"#7c1116","angle":333,"snapDist":7,"label":1}},{"type":"Feature","geometry":{"type":"Point","coordinates":[17.030676,51.115094]},"properties":{"name":"Mosty Pomorskie","lines":"6, 7","arr":["6","7"],"terminus":0,"mode":"tram","color":"#d6212b","colorDark":"#7c1116","angle":99.6,"snapDist":2,"label":1}},{"type":"Feature","geometry":{"type":"Point","coordinates":[17.031864,51.117272]},"properties":{"name":"Pomorska","lines":"6, 7","arr":["6","7"],"terminus":0,"mode":"tram","color":"#d6212b","colorDark":"#7c1116","angle":100.3,"snapDist":3,"label":1}},{"type":"Feature","geometry":{"type":"Point","coordinates":[17.030719,51.121988]},"properties":{"name":"PL. STASZICA","lines":"6, 7, 14, 15, 18, 19, 24","arr":["6","7","14","15","18","19","24"],"terminus":0,"mode":"tram","color":"#d6212b","colorDark":"#7c1116","angle":78.7,"snapDist":1,"label":1}},{"type":"Feature","geometry":{"type":"Point","coordinates":[17.04761,51.126392]},"properties":{"name":"Daszyńskiego","lines":"6, 8, 11, 23, 24","arr":["6","8","11","23","24"],"terminus":0,"mode":"tram","color":"#d6212b","colorDark":"#7c1116","angle":152.2,"snapDist":8,"label":1}},{"type":"Feature","geometry":{"type":"Point","coordinates":[17.054614,51.128435]},"properties":{"name":"Mosty Warszawskie","lines":"6, 8, 11, 23, 24","arr":["6","8","11","23","24"],"terminus":0,"mode":"tram","color":"#d6212b","colorDark":"#7c1116","angle":161.8,"snapDist":6,"label":1}},{"type":"Feature","geometry":{"type":"Point","coordinates":[17.065837,51.132343]},"properties":{"name":"KROMERA","lines":"6, 11","arr":["6","11"],"terminus":1,"mode":"tram","color":"#d6212b","colorDark":"#7c1116","angle":225.4,"snapDist":2,"label":1}},{"type":"Feature","geometry":{"type":"Point","coordinates":[17.065144,51.131738]},"properties":{"name":"KROMERA","lines":"6, 8, 11, 23, 24","arr":["6","8","11","23","24"],"terminus":1,"mode":"tram","color":"#d6212b","colorDark":"#7c1116","angle":3.1,"snapDist":3,"label":0}},{"type":"Feature","geometry":{"type":"Point","coordinates":[17.054601,51.128432]},"properties":{"name":"Mosty Warszawskie","lines":"6, 8, 11, 23, 24","arr":["6","8","11","23","24"],"terminus":0,"mode":"tram","color":"#d6212b","colorDark":"#7c1116","angle":341.8,"snapDist":5,"label":0}},{"type":"Feature","geometry":{"type":"Point","coordinates":[17.048493,51.126686]},"properties":{"name":"Daszyńskiego","lines":"6, 8, 11, 23, 24","arr":["6","8","11","23","24"],"terminus":0,"mode":"tram","color":"#d6212b","colorDark":"#7c1116","angle":331.9,"snapDist":7,"label":0}},{"type":"Feature","geometry":{"type":"Point","coordinates":[17.030674,51.121934]},"properties":{"name":"PL. STASZICA","lines":"6, 7, 14, 15, 18, 19, 24","arr":["6","7","14","15","18","19","24"],"terminus":0,"mode":"tram","color":"#d6212b","colorDark":"#7c1116","angle":259,"snapDist":1,"label":0}},{"type":"Feature","geometry":{"type":"Point","coordinates":[17.0318,51.117228]},"properties":{"name":"Pomorska","lines":"6, 7","arr":["6","7"],"terminus":0,"mode":"tram","color":"#d6212b","colorDark":"#7c1116","angle":281.1,"snapDist":3,"label":0}},{"type":"Feature","geometry":{"type":"Point","coordinates":[17.030654,51.114727]},"properties":{"name":"Mosty Pomorskie","lines":"6, 7","arr":["6","7"],"terminus":0,"mode":"tram","color":"#d6212b","colorDark":"#7c1116","angle":251.8,"snapDist":5,"label":0}},{"type":"Feature","geometry":{"type":"Point","coordinates":[17.026652,51.109842]},"properties":{"name":"Rynek","lines":"6, 7","arr":["6","7"],"terminus":0,"mode":"tram","color":"#d6212b","colorDark":"#7c1116","angle":257.8,"snapDist":4,"label":0}},{"type":"Feature","geometry":{"type":"Point","coordinates":[17.02635,51.107868]},"properties":{"name":"Narodowe Forum Muzyki","lines":"6, 7, 11","arr":["6","7","11"],"terminus":0,"mode":"tram","color":"#d6212b","colorDark":"#7c1116","angle":311.5,"snapDist":5,"label":1}},{"type":"Feature","geometry":{"type":"Point","coordinates":[17.030027,51.104316]},"properties":{"name":"Renoma","lines":"6, 7, 20","arr":["6","7","20"],"terminus":0,"mode":"tram","color":"#d6212b","colorDark":"#7c1116","angle":215.4,"snapDist":4,"label":0}},{"type":"Feature","geometry":{"type":"Point","coordinates":[17.029377,51.101627]},"properties":{"name":"Arkady (Capitol)","lines":"6, 7, 8, 20, T","arr":["6","7","8","20","T"],"terminus":0,"mode":"tram","color":"#d6212b","colorDark":"#7c1116","angle":288.9,"snapDist":9,"label":0}},{"type":"Feature","geometry":{"type":"Point","coordinates":[16.987397,51.065691]},"properties":{"name":"KLECINA","lines":"7, 17","arr":["7","17"],"terminus":1,"mode":"tram","color":"#d6212b","colorDark":"#7c1116","angle":219.9,"snapDist":4,"label":1}},{"type":"Feature","geometry":{"type":"Point","coordinates":[16.994626,51.066804]},"properties":{"name":"Sąsiedzka","lines":"7, 17","arr":["7","17"],"terminus":0,"mode":"tram","color":"#d6212b","colorDark":"#7c1116","angle":163.8,"snapDist":7,"label":1}},{"type":"Feature","geometry":{"type":"Point","coordinates":[16.999514,51.067705]},"properties":{"name":"Braterska","lines":"7, 17","arr":["7","17"],"terminus":0,"mode":"tram","color":"#d6212b","colorDark":"#7c1116","angle":164.1,"snapDist":10,"label":1}},{"type":"Feature","geometry":{"type":"Point","coordinates":[17.00353,51.068534]},"properties":{"name":"Przyjaźni","lines":"7, 17","arr":["7","17"],"terminus":0,"mode":"tram","color":"#d6212b","colorDark":"#7c1116","angle":161.6,"snapDist":4,"label":1}},{"type":"Feature","geometry":{"type":"Point","coordinates":[17.005926,51.071739]},"properties":{"name":"Radio i Telewizja","lines":"7, 17","arr":["7","17"],"terminus":0,"mode":"tram","color":"#d6212b","colorDark":"#7c1116","angle":105.6,"snapDist":2,"label":1}},{"type":"Feature","geometry":{"type":"Point","coordinates":[17.005783,51.071544]},"properties":{"name":"Radio i Telewizja","lines":"7, 17","arr":["7","17"],"terminus":0,"mode":"tram","color":"#d6212b","colorDark":"#7c1116","angle":286.7,"snapDist":3,"label":0}},{"type":"Feature","geometry":{"type":"Point","coordinates":[17.003301,51.068513]},"properties":{"name":"Przyjaźni","lines":"7, 17","arr":["7","17"],"terminus":0,"mode":"tram","color":"#d6212b","colorDark":"#7c1116","angle":340.5,"snapDist":4,"label":0}},{"type":"Feature","geometry":{"type":"Point","coordinates":[16.999219,51.067653]},"properties":{"name":"Braterska","lines":"7, 17","arr":["7","17"],"terminus":0,"mode":"tram","color":"#d6212b","colorDark":"#7c1116","angle":344.1,"snapDist":3,"label":0}},{"type":"Feature","geometry":{"type":"Point","coordinates":[16.993593,51.066618]},"properties":{"name":"Sąsiedzka","lines":"7, 17","arr":["7","17"],"terminus":0,"mode":"tram","color":"#d6212b","colorDark":"#7c1116","angle":343.9,"snapDist":2,"label":0}},{"type":"Feature","geometry":{"type":"Point","coordinates":[16.986832,51.065449]},"properties":{"name":"KLECINA","lines":"7, 17","arr":["7","17"],"terminus":1,"mode":"tram","color":"#d6212b","colorDark":"#7c1116","angle":358.5,"snapDist":5,"label":0}},{"type":"Feature","geometry":{"type":"Point","coordinates":[17.063918,51.078466]},"properties":{"name":"TARNOGAJ","lines":"8, 16, 22","arr":["8","16","22"],"terminus":1,"mode":"tram","color":"#d6212b","colorDark":"#7c1116","angle":1.5,"snapDist":5,"label":1}},{"type":"Feature","geometry":{"type":"Point","coordinates":[17.062595,51.080176]},"properties":{"name":"Klimasa","lines":"8, 16, 22","arr":["8","16","22"],"terminus":0,"mode":"tram","color":"#d6212b","colorDark":"#7c1116","angle":75.9,"snapDist":4,"label":1}},{"type":"Feature","geometry":{"type":"Point","coordinates":[17.05967,51.083688]},"properties":{"name":"Tarnogajska","lines":"8, 16, 22","arr":["8","16","22"],"terminus":0,"mode":"tram","color":"#d6212b","colorDark":"#7c1116","angle":348.6,"snapDist":4,"label":1}},{"type":"Feature","geometry":{"type":"Point","coordinates":[17.054411,51.083029]},"properties":{"name":"Nyska","lines":"8, 16, 22","arr":["8","16","22"],"terminus":0,"mode":"tram","color":"#d6212b","colorDark":"#7c1116","angle":348.8,"snapDist":3,"label":1}},{"type":"Feature","geometry":{"type":"Point","coordinates":[17.049222,51.083466]},"properties":{"name":"Bardzka","lines":"8, 16, 18, 21, 22","arr":["8","16","18","21","22"],"terminus":0,"mode":"tram","color":"#d6212b","colorDark":"#7c1116","angle":76.7,"snapDist":5,"label":1}},{"type":"Feature","geometry":{"type":"Point","coordinates":[17.046791,51.086294]},"properties":{"name":"Kamienna","lines":"8, 16, 18, 21, 22","arr":["8","16","18","21","22"],"terminus":0,"mode":"tram","color":"#d6212b","colorDark":"#7c1116","angle":70.3,"snapDist":3,"label":1}},{"type":"Feature","geometry":{"type":"Point","coordinates":[17.044729,51.090028]},"properties":{"name":"Prudnicka","lines":"8, 16, 18, 21, 22","arr":["8","16","18","21","22"],"terminus":0,"mode":"tram","color":"#d6212b","colorDark":"#7c1116","angle":70.7,"snapDist":6,"label":1}},{"type":"Feature","geometry":{"type":"Point","coordinates":[17.0428,51.094022]},"properties":{"name":"Hubska (Dawida)","lines":"8, 9, 15, 16, 18, 21, 22","arr":["8","9","15","16","18","21","22"],"terminus":0,"mode":"tram","color":"#d6212b","colorDark":"#7c1116","angle":91.2,"snapDist":1,"label":1}},{"type":"Feature","geometry":{"type":"Point","coordinates":[17.04207,51.117504]},"properties":{"name":"Pl. Bema","lines":"8, 11, 18, 19, 23","arr":["8","11","18","19","23"],"terminus":0,"mode":"tram","color":"#d6212b","colorDark":"#7c1116","angle":93.6,"snapDist":3,"label":0}},{"type":"Feature","geometry":{"type":"Point","coordinates":[17.042001,51.118902]},"properties":{"name":"Na Szańcach","lines":"8, 11, 18, 19, 23","arr":["8","11","18","19","23"],"terminus":0,"mode":"tram","color":"#d6212b","colorDark":"#7c1116","angle":89.5,"snapDist":3,"label":1}},{"type":"Feature","geometry":{"type":"Point","coordinates":[17.04336,51.121201]},"properties":{"name":"Jedności Narodowej","lines":"8, 11, 18, 19, 23","arr":["8","11","18","19","23"],"terminus":0,"mode":"tram","color":"#d6212b","colorDark":"#7c1116","angle":112.9,"snapDist":3,"label":1}},{"type":"Feature","geometry":{"type":"Point","coordinates":[17.065232,51.131735]},"properties":{"name":"KROMERA","lines":"8, 23, 24","arr":["8","23","24"],"terminus":0,"mode":"tram","color":"#d6212b","colorDark":"#7c1116","angle":183.1,"snapDist":8,"label":0}},{"type":"Feature","geometry":{"type":"Point","coordinates":[17.074478,51.130956]},"properties":{"name":"Kętrzyńska","lines":"8, 23, 24","arr":["8","23","24"],"terminus":0,"mode":"tram","color":"#d6212b","colorDark":"#7c1116","angle":178.2,"snapDist":9,"label":1}},{"type":"Feature","geometry":{"type":"Point","coordinates":[17.079631,51.131622]},"properties":{"name":"Kwidzyńska","lines":"8, 23, 24","arr":["8","23","24"],"terminus":0,"mode":"tram","color":"#d6212b","colorDark":"#7c1116","angle":166.9,"snapDist":8,"label":1}},{"type":"Feature","geometry":{"type":"Point","coordinates":[17.088151,51.131907]},"properties":{"name":"Gęsia","lines":"8, 23, 24","arr":["8","23","24"],"terminus":0,"mode":"tram","color":"#d6212b","colorDark":"#7c1116","angle":170.6,"snapDist":7,"label":1}},{"type":"Feature","geometry":{"type":"Point","coordinates":[17.098099,51.129795]},"properties":{"name":"Bociania","lines":"8, 23, 24","arr":["8","23","24"],"terminus":0,"mode":"tram","color":"#d6212b","colorDark":"#7c1116","angle":204.1,"snapDist":8,"label":1}},{"type":"Feature","geometry":{"type":"Point","coordinates":[17.102286,51.127828]},"properties":{"name":"KOWALE","lines":"8, 23, 24","arr":["8","23","24"],"terminus":1,"mode":"tram","color":"#d6212b","colorDark":"#7c1116","angle":-103.2,"snapDist":7,"label":1}},{"type":"Feature","geometry":{"type":"Point","coordinates":[17.102121,51.128391]},"properties":{"name":"KOWALE","lines":"8, 23, 24","arr":["8","23","24"],"terminus":1,"mode":"tram","color":"#d6212b","colorDark":"#7c1116","angle":30.7,"snapDist":3,"label":0}},{"type":"Feature","geometry":{"type":"Point","coordinates":[17.097872,51.129858]},"properties":{"name":"Bociania","lines":"8, 23, 24","arr":["8","23","24"],"terminus":0,"mode":"tram","color":"#d6212b","colorDark":"#7c1116","angle":23.5,"snapDist":2,"label":0}},{"type":"Feature","geometry":{"type":"Point","coordinates":[17.087767,51.131868]},"properties":{"name":"Gęsia","lines":"8, 23, 24","arr":["8","23","24"],"terminus":0,"mode":"tram","color":"#d6212b","colorDark":"#7c1116","angle":350.9,"snapDist":3,"label":0}},{"type":"Feature","geometry":{"type":"Point","coordinates":[17.079479,51.1316]},"properties":{"name":"Kwidzyńska","lines":"8, 23, 24","arr":["8","23","24"],"terminus":0,"mode":"tram","color":"#d6212b","colorDark":"#7c1116","angle":346.9,"snapDist":2,"label":0}},{"type":"Feature","geometry":{"type":"Point","coordinates":[17.074061,51.130952]},"properties":{"name":"Kętrzyńska","lines":"8, 23, 24","arr":["8","23","24"],"terminus":0,"mode":"tram","color":"#d6212b","colorDark":"#7c1116","angle":359,"snapDist":2,"label":0}},{"type":"Feature","geometry":{"type":"Point","coordinates":[17.043535,51.12153]},"properties":{"name":"Jedności Narodowej","lines":"8, 11, 18, 19, 23","arr":["8","11","18","19","23"],"terminus":0,"mode":"tram","color":"#d6212b","colorDark":"#7c1116","angle":290.6,"snapDist":6,"label":0}},{"type":"Feature","geometry":{"type":"Point","coordinates":[17.042115,51.119374]},"properties":{"name":"Na Szańcach","lines":"8, 11, 18, 19, 23","arr":["8","11","18","19","23"],"terminus":0,"mode":"tram","color":"#d6212b","colorDark":"#7c1116","angle":293.1,"snapDist":7,"label":0}},{"type":"Feature","geometry":{"type":"Point","coordinates":[17.036886,51.105079]},"properties":{"name":"Park Staromiejski","lines":"8","arr":["8"],"terminus":0,"mode":"tram","color":"#d6212b","colorDark":"#7c1116","angle":9.7,"snapDist":5,"label":0}},{"type":"Feature","geometry":{"type":"Point","coordinates":[17.03185,51.105617]},"properties":{"name":"Opera","lines":"8, T","arr":["8","T"],"terminus":1,"mode":"tram","color":"#d6212b","colorDark":"#7c1116","angle":12.9,"snapDist":2,"label":1}},{"type":"Feature","geometry":{"type":"Point","coordinates":[17.043025,51.092923]},"properties":{"name":"Hubska (Dawida)","lines":"8, 9, 15, 16, 18, 21, 22","arr":["8","9","15","16","18","21","22"],"terminus":0,"mode":"tram","color":"#d6212b","colorDark":"#7c1116","angle":250.4,"snapDist":0,"label":0}},{"type":"Feature","geometry":{"type":"Point","coordinates":[17.04517,51.08923]},"properties":{"name":"Prudnicka","lines":"8, 16, 18, 21, 22","arr":["8","16","18","21","22"],"terminus":0,"mode":"tram","color":"#d6212b","colorDark":"#7c1116","angle":250.2,"snapDist":9,"label":0}},{"type":"Feature","geometry":{"type":"Point","coordinates":[17.048475,51.084955]},"properties":{"name":"Kamienna","lines":"8, 16, 18, 21, 22","arr":["8","16","18","21","22"],"terminus":0,"mode":"tram","color":"#d6212b","colorDark":"#7c1116","angle":227.3,"snapDist":7,"label":0}},{"type":"Feature","geometry":{"type":"Point","coordinates":[17.050493,51.082948]},"properties":{"name":"Bardzka","lines":"8, 16, 22","arr":["8","16","22"],"terminus":0,"mode":"tram","color":"#d6212b","colorDark":"#7c1116","angle":184.4,"snapDist":4,"label":0}},{"type":"Feature","geometry":{"type":"Point","coordinates":[17.054673,51.083023]},"properties":{"name":"Nyska","lines":"8, 16, 22","arr":["8","16","22"],"terminus":0,"mode":"tram","color":"#d6212b","colorDark":"#7c1116","angle":168.7,"snapDist":4,"label":0}},{"type":"Feature","geometry":{"type":"Point","coordinates":[17.060191,51.083717]},"properties":{"name":"Tarnogajska","lines":"8, 16, 22","arr":["8","16","22"],"terminus":0,"mode":"tram","color":"#d6212b","colorDark":"#7c1116","angle":169,"snapDist":5,"label":0}},{"type":"Feature","geometry":{"type":"Point","coordinates":[17.062603,51.080011]},"properties":{"name":"Klimasa","lines":"8, 16, 22","arr":["8","16","22"],"terminus":0,"mode":"tram","color":"#d6212b","colorDark":"#7c1116","angle":256.1,"snapDist":4,"label":0}},{"type":"Feature","geometry":{"type":"Point","coordinates":[17.063684,51.078153]},"properties":{"name":"TARNOGAJ","lines":"8, 16, 22","arr":["8","16","22"],"terminus":1,"mode":"tram","color":"#d6212b","colorDark":"#7c1116","angle":252,"snapDist":3,"label":0}},{"type":"Feature","geometry":{"type":"Point","coordinates":[17.014336,51.072816]},"properties":{"name":"PARK POŁUDNIOWY","lines":"9, 15","arr":["9","15"],"terminus":1,"mode":"tram","color":"#d6212b","colorDark":"#7c1116","angle":148.3,"snapDist":19,"label":1}},{"type":"Feature","geometry":{"type":"Point","coordinates":[17.015643,51.073965]},"properties":{"name":"Pułtuska","lines":"9, 15","arr":["9","15"],"terminus":0,"mode":"tram","color":"#d6212b","colorDark":"#7c1116","angle":120.3,"snapDist":6,"label":1}},{"type":"Feature","geometry":{"type":"Point","coordinates":[17.018256,51.076795]},"properties":{"name":"Weigla (Szpital)","lines":"9, 15","arr":["9","15"],"terminus":0,"mode":"tram","color":"#d6212b","colorDark":"#7c1116","angle":120.1,"snapDist":6,"label":1}},{"type":"Feature","geometry":{"type":"Point","coordinates":[17.0226,51.081469]},"properties":{"name":"Jaworowa","lines":"9, 15","arr":["9","15"],"terminus":0,"mode":"tram","color":"#d6212b","colorDark":"#7c1116","angle":-59.8,"snapDist":26,"label":1}},{"type":"Feature","geometry":{"type":"Point","coordinates":[17.024593,51.083549]},"properties":{"name":"Wiśniowa","lines":"9, 15","arr":["9","15"],"terminus":0,"mode":"tram","color":"#d6212b","colorDark":"#7c1116","angle":121.5,"snapDist":6,"label":1}},{"type":"Feature","geometry":{"type":"Point","coordinates":[17.028378,51.089148]},"properties":{"name":"Uniwersytet Ekonomiczny","lines":"9, 15","arr":["9","15"],"terminus":0,"mode":"tram","color":"#d6212b","colorDark":"#7c1116","angle":106.7,"snapDist":6,"label":1}},{"type":"Feature","geometry":{"type":"Point","coordinates":[17.030333,51.093409]},"properties":{"name":"Sanocka","lines":"9, 15","arr":["9","15"],"terminus":0,"mode":"tram","color":"#d6212b","colorDark":"#7c1116","angle":106.6,"snapDist":6,"label":1}},{"type":"Feature","geometry":{"type":"Point","coordinates":[17.036168,51.09346]},"properties":{"name":"Joannitów","lines":"9, 15","arr":["9","15"],"terminus":0,"mode":"tram","color":"#d6212b","colorDark":"#7c1116","angle":200.8,"snapDist":10,"label":1}},{"type":"Feature","geometry":{"type":"Point","coordinates":[17.040039,51.091849]},"properties":{"name":"Gajowa","lines":"9, 15","arr":["9","15"],"terminus":0,"mode":"tram","color":"#d6212b","colorDark":"#7c1116","angle":206.1,"snapDist":8,"label":1}},{"type":"Feature","geometry":{"type":"Point","coordinates":[17.052078,51.116648]},"properties":{"name":"Ogród Botaniczny","lines":"9, 13, 17, 19","arr":["9","13","17","19"],"terminus":0,"mode":"tram","color":"#d6212b","colorDark":"#7c1116","angle":189.5,"snapDist":6,"label":0}},{"type":"Feature","geometry":{"type":"Point","coordinates":[17.05494,51.116348]},"properties":{"name":"Górnickiego","lines":"9, 13, 17, 19","arr":["9","13","17","19"],"terminus":0,"mode":"tram","color":"#d6212b","colorDark":"#7c1116","angle":187.6,"snapDist":11,"label":1}},{"type":"Feature","geometry":{"type":"Point","coordinates":[17.060125,51.115883]},"properties":{"name":"Piastowska","lines":"9, 13, 17, 19","arr":["9","13","17","19"],"terminus":0,"mode":"tram","color":"#d6212b","colorDark":"#7c1116","angle":188.5,"snapDist":11,"label":0}},{"type":"Feature","geometry":{"type":"Point","coordinates":[17.06678,51.115185]},"properties":{"name":"Grunwaldzka","lines":"9, 13","arr":["9","13"],"terminus":0,"mode":"tram","color":"#d6212b","colorDark":"#7c1116","angle":192.4,"snapDist":6,"label":1}},{"type":"Feature","geometry":{"type":"Point","coordinates":[17.073527,51.11511]},"properties":{"name":"Kochanowskiego","lines":"9, 13","arr":["9","13"],"terminus":0,"mode":"tram","color":"#d6212b","colorDark":"#7c1116","angle":130.2,"snapDist":8,"label":1}},{"type":"Feature","geometry":{"type":"Point","coordinates":[17.08159,51.116779]},"properties":{"name":"Chopina","lines":"9, 13","arr":["9","13"],"terminus":0,"mode":"tram","color":"#d6212b","colorDark":"#7c1116","angle":152.8,"snapDist":5,"label":1}},{"type":"Feature","geometry":{"type":"Point","coordinates":[17.086045,51.116973]},"properties":{"name":"Karłowicza","lines":"9, 13","arr":["9","13"],"terminus":0,"mode":"tram","color":"#d6212b","colorDark":"#7c1116","angle":171.5,"snapDist":7,"label":1}},{"type":"Feature","geometry":{"type":"Point","coordinates":[17.089984,51.116879]},"properties":{"name":"Stadion Olimpijski","lines":"9, 13","arr":["9","13"],"terminus":1,"mode":"tram","color":"#d6212b","colorDark":"#7c1116","angle":265.7,"snapDist":6,"label":1}},{"type":"Feature","geometry":{"type":"Point","coordinates":[17.090363,51.113867]},"properties":{"name":"8 Maja","lines":"9, 17","arr":["9","17"],"terminus":1,"mode":"tram","color":"#d6212b","colorDark":"#7c1116","angle":266,"snapDist":6,"label":1}},{"type":"Feature","geometry":{"type":"Point","coordinates":[17.090342,51.114048]},"properties":{"name":"8 Maja","lines":"9, 17","arr":["9","17"],"terminus":1,"mode":"tram","color":"#d6212b","colorDark":"#7c1116","angle":86,"snapDist":7,"label":0}},{"type":"Feature","geometry":{"type":"Point","coordinates":[17.089955,51.117039]},"properties":{"name":"Stadion Olimpijski","lines":"9, 13","arr":["9","13"],"terminus":1,"mode":"tram","color":"#d6212b","colorDark":"#7c1116","angle":75.5,"snapDist":5,"label":0}},{"type":"Feature","geometry":{"type":"Point","coordinates":[17.086468,51.117012]},"properties":{"name":"Karłowicza","lines":"9, 13","arr":["9","13"],"terminus":0,"mode":"tram","color":"#d6212b","colorDark":"#7c1116","angle":351,"snapDist":4,"label":0}},{"type":"Feature","geometry":{"type":"Point","coordinates":[17.081999,51.116855]},"properties":{"name":"Chopina","lines":"9, 13","arr":["9","13"],"terminus":0,"mode":"tram","color":"#d6212b","colorDark":"#7c1116","angle":353.4,"snapDist":3,"label":0}},{"type":"Feature","geometry":{"type":"Point","coordinates":[17.073502,51.115092]},"properties":{"name":"Kochanowskiego","lines":"9, 13","arr":["9","13"],"terminus":0,"mode":"tram","color":"#d6212b","colorDark":"#7c1116","angle":310.2,"snapDist":5,"label":0}},{"type":"Feature","geometry":{"type":"Point","coordinates":[17.067726,51.115]},"properties":{"name":"Grunwaldzka","lines":"9, 13","arr":["9","13"],"terminus":0,"mode":"tram","color":"#d6212b","colorDark":"#7c1116","angle":12.6,"snapDist":2,"label":0}},{"type":"Feature","geometry":{"type":"Point","coordinates":[17.061482,51.11576]},"properties":{"name":"Piastowska","lines":"9, 13","arr":["9","13"],"terminus":0,"mode":"tram","color":"#d6212b","colorDark":"#7c1116","angle":6.4,"snapDist":6,"label":0}},{"type":"Feature","geometry":{"type":"Point","coordinates":[17.055857,51.116269]},"properties":{"name":"Górnickiego","lines":"9, 13, 17, 19, T","arr":["9","13","17","19","T"],"terminus":0,"mode":"tram","color":"#d6212b","colorDark":"#7c1116","angle":8.5,"snapDist":7,"label":0}},{"type":"Feature","geometry":{"type":"Point","coordinates":[17.039904,51.091891]},"properties":{"name":"Gajowa","lines":"9, 15","arr":["9","15"],"terminus":0,"mode":"tram","color":"#d6212b","colorDark":"#7c1116","angle":26.1,"snapDist":5,"label":0}},{"type":"Feature","geometry":{"type":"Point","coordinates":[17.034519,51.093853]},"properties":{"name":"Joannitów","lines":"9, 15","arr":["9","15"],"terminus":0,"mode":"tram","color":"#d6212b","colorDark":"#7c1116","angle":20.9,"snapDist":3,"label":0}},{"type":"Feature","geometry":{"type":"Point","coordinates":[17.03027,51.093275]},"properties":{"name":"Sanocka","lines":"9, 15","arr":["9","15"],"terminus":0,"mode":"tram","color":"#d6212b","colorDark":"#7c1116","angle":286.6,"snapDist":3,"label":0}},{"type":"Feature","geometry":{"type":"Point","coordinates":[17.028724,51.089879]},"properties":{"name":"Uniwersytet Ekonomiczny","lines":"9, 15","arr":["9","15"],"terminus":0,"mode":"tram","color":"#d6212b","colorDark":"#7c1116","angle":285.5,"snapDist":4,"label":0}},{"type":"Feature","geometry":{"type":"Point","coordinates":[17.025322,51.084344]},"properties":{"name":"Wiśniowa","lines":"9, 15","arr":["9","15"],"terminus":0,"mode":"tram","color":"#d6212b","colorDark":"#7c1116","angle":297.2,"snapDist":3,"label":0}},{"type":"Feature","geometry":{"type":"Point","coordinates":[17.022628,51.0815]},"properties":{"name":"Jaworowa","lines":"9, 15","arr":["9","15"],"terminus":0,"mode":"tram","color":"#d6212b","colorDark":"#7c1116","angle":300.2,"snapDist":3,"label":0}},{"type":"Feature","geometry":{"type":"Point","coordinates":[17.018402,51.076957]},"properties":{"name":"Weigla (Szpital)","lines":"9, 15","arr":["9","15"],"terminus":0,"mode":"tram","color":"#d6212b","colorDark":"#7c1116","angle":298.8,"snapDist":3,"label":0}},{"type":"Feature","geometry":{"type":"Point","coordinates":[17.015941,51.074289]},"properties":{"name":"Pułtuska","lines":"9, 15","arr":["9","15"],"terminus":0,"mode":"tram","color":"#d6212b","colorDark":"#7c1116","angle":299.9,"snapDist":3,"label":0}},{"type":"Feature","geometry":{"type":"Point","coordinates":[17.013692,51.072593]},"properties":{"name":"PARK POŁUDNIOWY","lines":"9, 15","arr":["9","15"],"terminus":1,"mode":"tram","color":"#d6212b","colorDark":"#7c1116","angle":335.1,"snapDist":3,"label":0}},{"type":"Feature","geometry":{"type":"Point","coordinates":[17.052109,51.113583]},"properties":{"name":"Katedra","lines":"10","arr":["10"],"terminus":0,"mode":"tram","color":"#d6212b","colorDark":"#7c1116","angle":15.3,"snapDist":5,"label":0}},{"type":"Feature","geometry":{"type":"Point","coordinates":[17.022611,51.104807]},"properties":{"name":"Pl. Legionów","lines":"11","arr":["11"],"terminus":0,"mode":"tram","color":"#d6212b","colorDark":"#7c1116","angle":320.3,"snapDist":3,"label":0}},{"type":"Feature","geometry":{"type":"Point","coordinates":[17.026541,51.108003]},"properties":{"name":"Narodowe Forum Muzyki","lines":"11","arr":["11"],"terminus":0,"mode":"tram","color":"#d6212b","colorDark":"#7c1116","angle":131.5,"snapDist":10,"label":0}},{"type":"Feature","geometry":{"type":"Point","coordinates":[16.964056,51.141137]},"properties":{"name":"KOZANÓW (Dokerska)","lines":"12","arr":["12"],"terminus":1,"mode":"tram","color":"#d6212b","colorDark":"#7c1116","angle":249.6,"snapDist":3,"label":1}},{"type":"Feature","geometry":{"type":"Point","coordinates":[16.965321,51.13901]},"properties":{"name":"Kozanowska","lines":"12","arr":["12"],"terminus":0,"mode":"tram","color":"#d6212b","colorDark":"#7c1116","angle":249.6,"snapDist":4,"label":1}},{"type":"Feature","geometry":{"type":"Point","coordinates":[16.966736,51.136719]},"properties":{"name":"Modra","lines":"12, 18, 19, 21","arr":["12","18","19","21"],"terminus":0,"mode":"tram","color":"#d6212b","colorDark":"#7c1116","angle":229.8,"snapDist":8,"label":1}},{"type":"Feature","geometry":{"type":"Point","coordinates":[16.96921,51.135146]},"properties":{"name":"Pilczycka (Anima)","lines":"12, 18, 19, 21","arr":["12","18","19","21"],"terminus":0,"mode":"tram","color":"#d6212b","colorDark":"#7c1116","angle":224,"snapDist":8,"label":1}},{"type":"Feature","geometry":{"type":"Point","coordinates":[16.972745,51.132962]},"properties":{"name":"Kolista","lines":"12, 18, 19, 21","arr":["12","18","19","21"],"terminus":0,"mode":"tram","color":"#d6212b","colorDark":"#7c1116","angle":222.3,"snapDist":4,"label":1}},{"type":"Feature","geometry":{"type":"Point","coordinates":[17.027268,51.111956]},"properties":{"name":"Rynek","lines":"12","arr":["12"],"terminus":0,"mode":"tram","color":"#d6212b","colorDark":"#7c1116","angle":296.7,"snapDist":4,"label":1}},{"type":"Feature","geometry":{"type":"Point","coordinates":[16.972818,51.132968]},"properties":{"name":"Kolista","lines":"12, 18, 19, 21","arr":["12","18","19","21"],"terminus":0,"mode":"tram","color":"#d6212b","colorDark":"#7c1116","angle":42,"snapDist":5,"label":0}},{"type":"Feature","geometry":{"type":"Point","coordinates":[16.96922,51.13514]},"properties":{"name":"Pilczycka (Anima)","lines":"12, 18, 19, 21","arr":["12","18","19","21"],"terminus":0,"mode":"tram","color":"#d6212b","colorDark":"#7c1116","angle":44,"snapDist":2,"label":0}},{"type":"Feature","geometry":{"type":"Point","coordinates":[16.966638,51.136792]},"properties":{"name":"Modra","lines":"12, 18, 19, 21","arr":["12","18","19","21"],"terminus":0,"mode":"tram","color":"#d6212b","colorDark":"#7c1116","angle":49.8,"snapDist":3,"label":0}},{"type":"Feature","geometry":{"type":"Point","coordinates":[16.959425,51.140174]},"properties":{"name":"Górnicza","lines":"12, 18, 21","arr":["12","18","21"],"terminus":1,"mode":"tram","color":"#d6212b","colorDark":"#7c1116","angle":33.5,"snapDist":3,"label":1}},{"type":"Feature","geometry":{"type":"Point","coordinates":[16.95207,51.119853]},"properties":{"name":"Wrocław Nowy Dwór (P+R)","lines":"13, 23","arr":["13","23"],"terminus":1,"mode":"tram","color":"#d6212b","colorDark":"#7c1116","angle":15.2,"snapDist":15,"label":1}},{"type":"Feature","geometry":{"type":"Point","coordinates":[16.946238,51.118279]},"properties":{"name":"Park Tysiąclecia - Rolkowisko/Lodowisko","lines":"13, 23","arr":["13","23"],"terminus":0,"mode":"tram","color":"#d6212b","colorDark":"#7c1116","angle":296.8,"snapDist":2,"label":1}},{"type":"Feature","geometry":{"type":"Point","coordinates":[16.947418,51.115465]},"properties":{"name":"Zemska","lines":"13, 23","arr":["13","23"],"terminus":0,"mode":"tram","color":"#d6212b","colorDark":"#7c1116","angle":241,"snapDist":4,"label":1}},{"type":"Feature","geometry":{"type":"Point","coordinates":[16.949883,51.112511]},"properties":{"name":"Budziszyńska","lines":"13, 23","arr":["13","23"],"terminus":0,"mode":"tram","color":"#d6212b","colorDark":"#7c1116","angle":240.7,"snapDist":3,"label":1}},{"type":"Feature","geometry":{"type":"Point","coordinates":[16.952623,51.111435]},"properties":{"name":"Rogowska (ogrody działkowe)","lines":"13, 23","arr":["13","23"],"terminus":0,"mode":"tram","color":"#d6212b","colorDark":"#7c1116","angle":193.6,"snapDist":4,"label":1}},{"type":"Feature","geometry":{"type":"Point","coordinates":[16.955998,51.110438]},"properties":{"name":"Rogowska (P+R)","lines":"13, 23","arr":["13","23"],"terminus":0,"mode":"tram","color":"#d6212b","colorDark":"#7c1116","angle":143.6,"snapDist":2,"label":1}},{"type":"Feature","geometry":{"type":"Point","coordinates":[16.960919,51.112412]},"properties":{"name":"Strzegomska (krzyżówka)","lines":"13, 23","arr":["13","23"],"terminus":0,"mode":"tram","color":"#d6212b","colorDark":"#7c1116","angle":155.4,"snapDist":2,"label":1}},{"type":"Feature","geometry":{"type":"Point","coordinates":[16.964942,51.113856]},"properties":{"name":"Nowodworska","lines":"13, 23","arr":["13","23"],"terminus":0,"mode":"tram","color":"#d6212b","colorDark":"#7c1116","angle":145.5,"snapDist":2,"label":1}},{"type":"Feature","geometry":{"type":"Point","coordinates":[16.973982,51.114316]},"properties":{"name":"Strzegomska 148","lines":"13, 23","arr":["13","23"],"terminus":0,"mode":"tram","color":"#d6212b","colorDark":"#7c1116","angle":185.3,"snapDist":0,"label":1}},{"type":"Feature","geometry":{"type":"Point","coordinates":[16.978343,51.114117]},"properties":{"name":"Babimojska","lines":"13, 23","arr":["13","23"],"terminus":0,"mode":"tram","color":"#d6212b","colorDark":"#7c1116","angle":176,"snapDist":9,"label":1}},{"type":"Feature","geometry":{"type":"Point","coordinates":[16.984702,51.113977]},"properties":{"name":"Park Biznesu","lines":"13, 23","arr":["13","23"],"terminus":0,"mode":"tram","color":"#d6212b","colorDark":"#7c1116","angle":196,"snapDist":5,"label":1}},{"type":"Feature","geometry":{"type":"Point","coordinates":[16.995011,51.112938]},"properties":{"name":"Wrocławski Park Przemysłowy","lines":"13, 23","arr":["13","23"],"terminus":0,"mode":"tram","color":"#d6212b","colorDark":"#7c1116","angle":195.5,"snapDist":0,"label":1}},{"type":"Feature","geometry":{"type":"Point","coordinates":[17.001311,51.112515]},"properties":{"name":"Śrubowa","lines":"13, 20","arr":["13","20"],"terminus":0,"mode":"tram","color":"#d6212b","colorDark":"#7c1116","angle":115.5,"snapDist":1,"label":1}},{"type":"Feature","geometry":{"type":"Point","coordinates":[17.002585,51.114375]},"properties":{"name":"Dolmed","lines":"13, 20","arr":["13","20"],"terminus":0,"mode":"tram","color":"#d6212b","colorDark":"#7c1116","angle":109,"snapDist":6,"label":1}},{"type":"Feature","geometry":{"type":"Point","coordinates":[17.002402,51.114128]},"properties":{"name":"Dolmed","lines":"13, 20","arr":["13","20"],"terminus":0,"mode":"tram","color":"#d6212b","colorDark":"#7c1116","angle":289.2,"snapDist":4,"label":0}},{"type":"Feature","geometry":{"type":"Point","coordinates":[17.000006,51.112061]},"properties":{"name":"Śrubowa","lines":"13, 23","arr":["13","23"],"terminus":0,"mode":"tram","color":"#d6212b","colorDark":"#7c1116","angle":17.8,"snapDist":5,"label":0}},{"type":"Feature","geometry":{"type":"Point","coordinates":[16.994869,51.112996]},"properties":{"name":"Wrocławski Park Przemysłowy","lines":"13, 23","arr":["13","23"],"terminus":0,"mode":"tram","color":"#d6212b","colorDark":"#7c1116","angle":14.1,"snapDist":7,"label":0}},{"type":"Feature","geometry":{"type":"Point","coordinates":[16.984347,51.114069]},"properties":{"name":"Park Biznesu","lines":"13, 23","arr":["13","23"],"terminus":0,"mode":"tram","color":"#d6212b","colorDark":"#7c1116","angle":14.9,"snapDist":4,"label":0}},{"type":"Feature","geometry":{"type":"Point","coordinates":[16.977598,51.114116]},"properties":{"name":"Babimojska","lines":"13, 23","arr":["13","23"],"terminus":0,"mode":"tram","color":"#d6212b","colorDark":"#7c1116","angle":356.1,"snapDist":5,"label":0}},{"type":"Feature","geometry":{"type":"Point","coordinates":[16.97343,51.11438]},"properties":{"name":"Strzegomska 148","lines":"13, 23","arr":["13","23"],"terminus":0,"mode":"tram","color":"#d6212b","colorDark":"#7c1116","angle":5.6,"snapDist":4,"label":0}},{"type":"Feature","geometry":{"type":"Point","coordinates":[16.964613,51.113754]},"properties":{"name":"Nowodworska","lines":"13, 23","arr":["13","23"],"terminus":0,"mode":"tram","color":"#d6212b","colorDark":"#7c1116","angle":324.6,"snapDist":5,"label":0}},{"type":"Feature","geometry":{"type":"Point","coordinates":[16.960664,51.112373]},"properties":{"name":"Strzegomska (krzyżówka)","lines":"13, 23","arr":["13","23"],"terminus":0,"mode":"tram","color":"#d6212b","colorDark":"#7c1116","angle":335.4,"snapDist":4,"label":0}},{"type":"Feature","geometry":{"type":"Point","coordinates":[16.955753,51.110362]},"properties":{"name":"Rogowska (P+R)","lines":"13, 23","arr":["13","23"],"terminus":0,"mode":"tram","color":"#d6212b","colorDark":"#7c1116","angle":324.3,"snapDist":4,"label":0}},{"type":"Feature","geometry":{"type":"Point","coordinates":[16.952184,51.111556]},"properties":{"name":"Rogowska (ogrody działkowe)","lines":"13, 23","arr":["13","23"],"terminus":0,"mode":"tram","color":"#d6212b","colorDark":"#7c1116","angle":14.5,"snapDist":6,"label":0}},{"type":"Feature","geometry":{"type":"Point","coordinates":[16.949619,51.112937]},"properties":{"name":"Budziszyńska","lines":"13, 23","arr":["13","23"],"terminus":0,"mode":"tram","color":"#d6212b","colorDark":"#7c1116","angle":62.5,"snapDist":5,"label":0}},{"type":"Feature","geometry":{"type":"Point","coordinates":[16.946948,51.116103]},"properties":{"name":"Zemska","lines":"13, 23","arr":["13","23"],"terminus":0,"mode":"tram","color":"#d6212b","colorDark":"#7c1116","angle":61.5,"snapDist":4,"label":0}},{"type":"Feature","geometry":{"type":"Point","coordinates":[16.946122,51.117809]},"properties":{"name":"Park Tysiąclecia - Rolkowisko/Lodowisko","lines":"13, 23","arr":["13","23"],"terminus":0,"mode":"tram","color":"#d6212b","colorDark":"#7c1116","angle":88.7,"snapDist":2,"label":0}},{"type":"Feature","geometry":{"type":"Point","coordinates":[16.951763,51.119176]},"properties":{"name":"Wrocław Nowy Dwór (P+R)","lines":"13, 23","arr":["13","23"],"terminus":1,"mode":"tram","color":"#d6212b","colorDark":"#7c1116","angle":195.2,"snapDist":22,"label":0}},{"type":"Feature","geometry":{"type":"Point","coordinates":[17.006694,51.087958]},"properties":{"name":"Gajowicka","lines":"14, 20","arr":["14","20"],"terminus":0,"mode":"tram","color":"#d6212b","colorDark":"#7c1116","angle":24.5,"snapDist":3,"label":1}},{"type":"Feature","geometry":{"type":"Point","coordinates":[17.000413,51.089609]},"properties":{"name":"Mielecka","lines":"14, 20","arr":["14","20"],"terminus":0,"mode":"tram","color":"#d6212b","colorDark":"#7c1116","angle":13.1,"snapDist":2,"label":1}},{"type":"Feature","geometry":{"type":"Point","coordinates":[16.993307,51.090341]},"properties":{"name":"Ojca Beyzyma","lines":"14, 20","arr":["14","20"],"terminus":0,"mode":"tram","color":"#d6212b","colorDark":"#7c1116","angle":15,"snapDist":3,"label":1}},{"type":"Feature","geometry":{"type":"Point","coordinates":[16.985247,51.091731]},"properties":{"name":"Aleja Pracy","lines":"14, 20","arr":["14","20"],"terminus":0,"mode":"tram","color":"#d6212b","colorDark":"#7c1116","angle":18.7,"snapDist":3,"label":1}},{"type":"Feature","geometry":{"type":"Point","coordinates":[16.980295,51.094227]},"properties":{"name":"FAT","lines":"14, 20","arr":["14","20"],"terminus":0,"mode":"tram","color":"#d6212b","colorDark":"#7c1116","angle":56.6,"snapDist":3,"label":0}},{"type":"Feature","geometry":{"type":"Point","coordinates":[17.021488,51.107373]},"properties":{"name":"Pl. Orląt Lwowskich","lines":"14, 15, 21, 22, 23","arr":["14","15","21","22","23"],"terminus":0,"mode":"tram","color":"#d6212b","colorDark":"#7c1116","angle":89.8,"snapDist":6,"label":1}},{"type":"Feature","geometry":{"type":"Point","coordinates":[17.022469,51.112258]},"properties":{"name":"PL. JANA PAWŁA II","lines":"14, 15","arr":["14","15"],"terminus":0,"mode":"tram","color":"#d6212b","colorDark":"#7c1116","angle":130.9,"snapDist":6,"label":0}},{"type":"Feature","geometry":{"type":"Point","coordinates":[17.025405,51.117139]},"properties":{"name":"Kępa Mieszczańska","lines":"14, 15, 18, 19, 24","arr":["14","15","18","19","24"],"terminus":0,"mode":"tram","color":"#d6212b","colorDark":"#7c1116","angle":159.9,"snapDist":1,"label":1}},{"type":"Feature","geometry":{"type":"Point","coordinates":[17.031028,51.117947]},"properties":{"name":"Pomorska","lines":"14, 15, 18, 19, 24","arr":["14","15","18","19","24"],"terminus":0,"mode":"tram","color":"#d6212b","colorDark":"#7c1116","angle":196.3,"snapDist":6,"label":0}},{"type":"Feature","geometry":{"type":"Point","coordinates":[17.026351,51.133134]},"properties":{"name":"most Osobowicki","lines":"14, 16","arr":["14","16"],"terminus":0,"mode":"tram","color":"#d6212b","colorDark":"#7c1116","angle":0.9,"snapDist":3,"label":1}},{"type":"Feature","geometry":{"type":"Point","coordinates":[17.019423,51.133763]},"properties":{"name":"Serbska (C.K. Agora)","lines":"14, 16","arr":["14","16"],"terminus":0,"mode":"tram","color":"#d6212b","colorDark":"#7c1116","angle":9.1,"snapDist":3,"label":1}},{"type":"Feature","geometry":{"type":"Point","coordinates":[17.011243,51.134556]},"properties":{"name":"Osobowicka (Cmentarz II)","lines":"14, 16","arr":["14","16"],"terminus":0,"mode":"tram","color":"#d6212b","colorDark":"#7c1116","angle":8.9,"snapDist":2,"label":1}},{"type":"Feature","geometry":{"type":"Point","coordinates":[17.005627,51.135147]},"properties":{"name":"Osobowicka (Cmentarz)","lines":"14, 16","arr":["14","16"],"terminus":0,"mode":"tram","color":"#d6212b","colorDark":"#7c1116","angle":9.4,"snapDist":3,"label":1}},{"type":"Feature","geometry":{"type":"Point","coordinates":[16.998317,51.135994]},"properties":{"name":"most Milenijny","lines":"14, 16","arr":["14","16"],"terminus":0,"mode":"tram","color":"#d6212b","colorDark":"#7c1116","angle":8.8,"snapDist":1,"label":1}},{"type":"Feature","geometry":{"type":"Point","coordinates":[16.995096,51.13693]},"properties":{"name":"OSOBOWICE","lines":"14, 16","arr":["14","16"],"terminus":1,"mode":"tram","color":"#d6212b","colorDark":"#7c1116","angle":43.6,"snapDist":4,"label":1}},{"type":"Feature","geometry":{"type":"Point","coordinates":[16.994411,51.13749]},"properties":{"name":"OSOBOWICE","lines":"14, 16","arr":["14","16"],"terminus":1,"mode":"tram","color":"#d6212b","colorDark":"#7c1116","angle":239.2,"snapDist":27,"label":0}},{"type":"Feature","geometry":{"type":"Point","coordinates":[16.998459,51.13598]},"properties":{"name":"most Milenijny","lines":"14, 16","arr":["14","16"],"terminus":0,"mode":"tram","color":"#d6212b","colorDark":"#7c1116","angle":188.8,"snapDist":7,"label":0}},{"type":"Feature","geometry":{"type":"Point","coordinates":[17.005759,51.135133]},"properties":{"name":"Osobowicka (Cmentarz)","lines":"14, 16","arr":["14","16"],"terminus":0,"mode":"tram","color":"#d6212b","colorDark":"#7c1116","angle":189.4,"snapDist":7,"label":0}},{"type":"Feature","geometry":{"type":"Point","coordinates":[17.011244,51.134556]},"properties":{"name":"Osobowicka (Cmentarz II)","lines":"14, 16","arr":["14","16"],"terminus":0,"mode":"tram","color":"#d6212b","colorDark":"#7c1116","angle":188.9,"snapDist":7,"label":0}},{"type":"Feature","geometry":{"type":"Point","coordinates":[17.019901,51.133715]},"properties":{"name":"Serbska (C.K. Agora)","lines":"14, 16","arr":["14","16"],"terminus":0,"mode":"tram","color":"#d6212b","colorDark":"#7c1116","angle":189.1,"snapDist":7,"label":0}},{"type":"Feature","geometry":{"type":"Point","coordinates":[17.02755,51.133119]},"properties":{"name":"most Osobowicki","lines":"14, 16","arr":["14","16"],"terminus":0,"mode":"tram","color":"#d6212b","colorDark":"#7c1116","angle":184.7,"snapDist":8,"label":0}},{"type":"Feature","geometry":{"type":"Point","coordinates":[17.030739,51.117997]},"properties":{"name":"Pomorska","lines":"14, 15, 18, 19, 24","arr":["14","15","18","19","24"],"terminus":0,"mode":"tram","color":"#d6212b","colorDark":"#7c1116","angle":15,"snapDist":2,"label":0}},{"type":"Feature","geometry":{"type":"Point","coordinates":[17.024775,51.116251]},"properties":{"name":"Kępa Mieszczańska","lines":"14, 15","arr":["14","15"],"terminus":0,"mode":"tram","color":"#d6212b","colorDark":"#7c1116","angle":257.8,"snapDist":4,"label":0}},{"type":"Feature","geometry":{"type":"Point","coordinates":[17.022269,51.112113]},"properties":{"name":"PL. JANA PAWŁA II","lines":"14, 15","arr":["14","15"],"terminus":0,"mode":"tram","color":"#d6212b","colorDark":"#7c1116","angle":310.7,"snapDist":4,"label":0}},{"type":"Feature","geometry":{"type":"Point","coordinates":[17.021489,51.107299]},"properties":{"name":"Pl. Orląt Lwowskich","lines":"14, 15, 21, 22, 23","arr":["14","15","21","22","23"],"terminus":0,"mode":"tram","color":"#d6212b","colorDark":"#7c1116","angle":269.8,"snapDist":3,"label":0}},{"type":"Feature","geometry":{"type":"Point","coordinates":[17.021787,51.104875]},"properties":{"name":"Pl. Legionów","lines":"14, 15, 21, 22, 23","arr":["14","15","21","22","23"],"terminus":0,"mode":"tram","color":"#d6212b","colorDark":"#7c1116","angle":241.7,"snapDist":5,"label":0}},{"type":"Feature","geometry":{"type":"Point","coordinates":[16.980369,51.094091]},"properties":{"name":"FAT","lines":"14, 20","arr":["14","20"],"terminus":0,"mode":"tram","color":"#d6212b","colorDark":"#7c1116","angle":236.6,"snapDist":3,"label":0}},{"type":"Feature","geometry":{"type":"Point","coordinates":[16.986717,51.091419]},"properties":{"name":"Aleja Pracy","lines":"14, 20","arr":["14","20"],"terminus":0,"mode":"tram","color":"#d6212b","colorDark":"#7c1116","angle":195.3,"snapDist":4,"label":0}},{"type":"Feature","geometry":{"type":"Point","coordinates":[16.992454,51.090446]},"properties":{"name":"Ojca Beyzyma","lines":"14, 20","arr":["14","20"],"terminus":0,"mode":"tram","color":"#d6212b","colorDark":"#7c1116","angle":195.3,"snapDist":4,"label":0}},{"type":"Feature","geometry":{"type":"Point","coordinates":[17.000616,51.089554]},"properties":{"name":"Mielecka","lines":"14, 20","arr":["14","20"],"terminus":0,"mode":"tram","color":"#d6212b","colorDark":"#7c1116","angle":193.4,"snapDist":4,"label":0}},{"type":"Feature","geometry":{"type":"Point","coordinates":[17.005701,51.088213]},"properties":{"name":"Gajowicka","lines":"14, 20","arr":["14","20"],"terminus":0,"mode":"tram","color":"#d6212b","colorDark":"#7c1116","angle":204.4,"snapDist":4,"label":0}},{"type":"Feature","geometry":{"type":"Point","coordinates":[17.011518,51.086541]},"properties":{"name":"Hallera","lines":"14, 20","arr":["14","20"],"terminus":0,"mode":"tram","color":"#d6212b","colorDark":"#7c1116","angle":205.2,"snapDist":4,"label":0}},{"type":"Feature","geometry":{"type":"Point","coordinates":[17.060405,51.111651]},"properties":{"name":"PL. GRUNWALDZKI","lines":"16","arr":["16"],"terminus":0,"mode":"tram","color":"#d6212b","colorDark":"#7c1116","angle":155.9,"snapDist":5,"label":0}},{"type":"Feature","geometry":{"type":"Point","coordinates":[17.072537,51.108561]},"properties":{"name":"Mickiewicza","lines":"17","arr":["17"],"terminus":0,"mode":"tram","color":"#d6212b","colorDark":"#7c1116","angle":155.4,"snapDist":6,"label":1}},{"type":"Feature","geometry":{"type":"Point","coordinates":[17.084824,51.112019]},"properties":{"name":"Kopernika","lines":"17","arr":["17"],"terminus":0,"mode":"tram","color":"#d6212b","colorDark":"#7c1116","angle":155,"snapDist":3,"label":1}},{"type":"Feature","geometry":{"type":"Point","coordinates":[17.085489,51.112424]},"properties":{"name":"Kopernika","lines":"17","arr":["17"],"terminus":0,"mode":"tram","color":"#d6212b","colorDark":"#7c1116","angle":332,"snapDist":3,"label":0}},{"type":"Feature","geometry":{"type":"Point","coordinates":[17.071753,51.108365]},"properties":{"name":"Mickiewicza","lines":"17","arr":["17"],"terminus":0,"mode":"tram","color":"#d6212b","colorDark":"#7c1116","angle":335.3,"snapDist":5,"label":0}},{"type":"Feature","geometry":{"type":"Point","coordinates":[17.040714,51.077167]},"properties":{"name":"GAJ","lines":"18, 21","arr":["18","21"],"terminus":1,"mode":"tram","color":"#d6212b","colorDark":"#7c1116","angle":182,"snapDist":51,"label":1}},{"type":"Feature","geometry":{"type":"Point","coordinates":[17.046239,51.077074]},"properties":{"name":"Świeradowska","lines":"18, 21","arr":["18","21"],"terminus":0,"mode":"tram","color":"#d6212b","colorDark":"#7c1116","angle":181.6,"snapDist":3,"label":1}},{"type":"Feature","geometry":{"type":"Point","coordinates":[17.051663,51.077239]},"properties":{"name":"Morwowa","lines":"18, 21","arr":["18","21"],"terminus":0,"mode":"tram","color":"#d6212b","colorDark":"#7c1116","angle":74.2,"snapDist":6,"label":1}},{"type":"Feature","geometry":{"type":"Point","coordinates":[17.05068,51.07953]},"properties":{"name":"Krynicka","lines":"18, 21","arr":["18","21"],"terminus":0,"mode":"tram","color":"#d6212b","colorDark":"#7c1116","angle":76.8,"snapDist":5,"label":1}},{"type":"Feature","geometry":{"type":"Point","coordinates":[17.023764,51.116855]},"properties":{"name":"Kępa Mieszczańska","lines":"18, 19, 24","arr":["18","19","24"],"terminus":0,"mode":"tram","color":"#d6212b","colorDark":"#7c1116","angle":350.5,"snapDist":1,"label":0}},{"type":"Feature","geometry":{"type":"Point","coordinates":[17.015311,51.118848]},"properties":{"name":"Michalczyka","lines":"18, 19, 24","arr":["18","19","24"],"terminus":0,"mode":"tram","color":"#d6212b","colorDark":"#7c1116","angle":45.7,"snapDist":5,"label":1}},{"type":"Feature","geometry":{"type":"Point","coordinates":[17.012489,51.121896]},"properties":{"name":"Wrocław Szczepin","lines":"18, 19, 24","arr":["18","19","24"],"terminus":0,"mode":"tram","color":"#d6212b","colorDark":"#7c1116","angle":62.5,"snapDist":2,"label":1}},{"type":"Feature","geometry":{"type":"Point","coordinates":[17.010564,51.124769]},"properties":{"name":"Długa (ogrody działkowe)","lines":"18, 19, 24","arr":["18","19","24"],"terminus":0,"mode":"tram","color":"#d6212b","colorDark":"#7c1116","angle":65.8,"snapDist":1,"label":1}},{"type":"Feature","geometry":{"type":"Point","coordinates":[17.000945,51.126161]},"properties":{"name":"Wrocław Popowice (17.południk)","lines":"18, 19, 24","arr":["18","19","24"],"terminus":0,"mode":"tram","color":"#d6212b","colorDark":"#7c1116","angle":1,"snapDist":2,"label":1}},{"type":"Feature","geometry":{"type":"Point","coordinates":[16.997286,51.126264]},"properties":{"name":"Park Popowicki","lines":"18, 19, 24","arr":["18","19","24"],"terminus":0,"mode":"tram","color":"#d6212b","colorDark":"#7c1116","angle":4.1,"snapDist":1,"label":1}},{"type":"Feature","geometry":{"type":"Point","coordinates":[16.992954,51.127049]},"properties":{"name":"Białowieska","lines":"18, 19, 24","arr":["18","19","24"],"terminus":0,"mode":"tram","color":"#d6212b","colorDark":"#7c1116","angle":36.3,"snapDist":5,"label":1}},{"type":"Feature","geometry":{"type":"Point","coordinates":[16.989449,51.128822]},"properties":{"name":"Port Popowice","lines":"18, 19, 24","arr":["18","19","24"],"terminus":0,"mode":"tram","color":"#d6212b","colorDark":"#7c1116","angle":38.5,"snapDist":3,"label":1}},{"type":"Feature","geometry":{"type":"Point","coordinates":[16.984831,51.129971]},"properties":{"name":"Wejherowska (Hala Orbita)","lines":"18, 19, 24","arr":["18","19","24"],"terminus":0,"mode":"tram","color":"#d6212b","colorDark":"#7c1116","angle":14.8,"snapDist":0,"label":1}},{"type":"Feature","geometry":{"type":"Point","coordinates":[16.954565,51.143559]},"properties":{"name":"Dworska","lines":"18, 21","arr":["18","21"],"terminus":0,"mode":"tram","color":"#d6212b","colorDark":"#7c1116","angle":44.4,"snapDist":6,"label":1}},{"type":"Feature","geometry":{"type":"Point","coordinates":[16.950289,51.143578]},"properties":{"name":"TARCZYŃSKI ARENA (Królewiecka)","lines":"18, 21","arr":["18","21"],"terminus":1,"mode":"tram","color":"#d6212b","colorDark":"#7c1116","angle":334.3,"snapDist":23,"label":1}},{"type":"Feature","geometry":{"type":"Point","coordinates":[16.950274,51.143574]},"properties":{"name":"TARCZYŃSKI ARENA (Królewiecka)","lines":"18, 21","arr":["18","21"],"terminus":1,"mode":"tram","color":"#d6212b","colorDark":"#7c1116","angle":154.3,"snapDist":9,"label":0}},{"type":"Feature","geometry":{"type":"Point","coordinates":[16.954586,51.143546]},"properties":{"name":"Dworska","lines":"18, 21","arr":["18","21"],"terminus":0,"mode":"tram","color":"#d6212b","colorDark":"#7c1116","angle":224.4,"snapDist":6,"label":0}},{"type":"Feature","geometry":{"type":"Point","coordinates":[16.95976,51.140036]},"properties":{"name":"Górnicza","lines":"18, 19, 21","arr":["18","19","21"],"terminus":1,"mode":"tram","color":"#d6212b","colorDark":"#7c1116","angle":213.3,"snapDist":6,"label":0}},{"type":"Feature","geometry":{"type":"Point","coordinates":[16.985367,51.129882]},"properties":{"name":"Wejherowska (Hala Orbita)","lines":"18, 19, 24","arr":["18","19","24"],"terminus":0,"mode":"tram","color":"#d6212b","colorDark":"#7c1116","angle":194.8,"snapDist":7,"label":0}},{"type":"Feature","geometry":{"type":"Point","coordinates":[16.988991,51.129052]},"properties":{"name":"Port Popowice","lines":"18, 19, 24","arr":["18","19","24"],"terminus":0,"mode":"tram","color":"#d6212b","colorDark":"#7c1116","angle":216.9,"snapDist":7,"label":0}},{"type":"Feature","geometry":{"type":"Point","coordinates":[16.992199,51.127422]},"properties":{"name":"Białowieska","lines":"18, 19, 24","arr":["18","19","24"],"terminus":0,"mode":"tram","color":"#d6212b","colorDark":"#7c1116","angle":218.4,"snapDist":3,"label":0}},{"type":"Feature","geometry":{"type":"Point","coordinates":[16.997713,51.126244]},"properties":{"name":"Park Popowicki","lines":"18, 19, 24","arr":["18","19","24"],"terminus":0,"mode":"tram","color":"#d6212b","colorDark":"#7c1116","angle":184.2,"snapDist":5,"label":0}},{"type":"Feature","geometry":{"type":"Point","coordinates":[17.001277,51.126158]},"properties":{"name":"Wrocław Popowice (17.południk)","lines":"18, 19, 24","arr":["18","19","24"],"terminus":0,"mode":"tram","color":"#d6212b","colorDark":"#7c1116","angle":180.5,"snapDist":7,"label":0}},{"type":"Feature","geometry":{"type":"Point","coordinates":[17.010654,51.124643]},"properties":{"name":"Długa (ogrody działkowe)","lines":"18, 19, 24","arr":["18","19","24"],"terminus":0,"mode":"tram","color":"#d6212b","colorDark":"#7c1116","angle":245.7,"snapDist":7,"label":0}},{"type":"Feature","geometry":{"type":"Point","coordinates":[17.012545,51.121828]},"properties":{"name":"Wrocław Szczepin","lines":"18, 19, 24","arr":["18","19","24"],"terminus":0,"mode":"tram","color":"#d6212b","colorDark":"#7c1116","angle":242.5,"snapDist":6,"label":0}},{"type":"Feature","geometry":{"type":"Point","coordinates":[17.016229,51.118295]},"properties":{"name":"Michalczyka","lines":"18, 19, 24","arr":["18","19","24"],"terminus":0,"mode":"tram","color":"#d6212b","colorDark":"#7c1116","angle":223.7,"snapDist":4,"label":0}},{"type":"Feature","geometry":{"type":"Point","coordinates":[17.044183,51.123971]},"properties":{"name":"Nowowiejska","lines":"18, 19","arr":["18","19"],"terminus":0,"mode":"tram","color":"#d6212b","colorDark":"#7c1116","angle":199.5,"snapDist":6,"label":0}},{"type":"Feature","geometry":{"type":"Point","coordinates":[17.04945,51.08257]},"properties":{"name":"Bardzka","lines":"18, 21","arr":["18","21"],"terminus":0,"mode":"tram","color":"#d6212b","colorDark":"#7c1116","angle":255.5,"snapDist":5,"label":0}},{"type":"Feature","geometry":{"type":"Point","coordinates":[17.05057,51.079699]},"properties":{"name":"Krynicka","lines":"18, 21","arr":["18","21"],"terminus":0,"mode":"tram","color":"#d6212b","colorDark":"#7c1116","angle":256.8,"snapDist":5,"label":0}},{"type":"Feature","geometry":{"type":"Point","coordinates":[17.050647,51.076849]},"properties":{"name":"Morwowa","lines":"18, 21","arr":["18","21"],"terminus":0,"mode":"tram","color":"#d6212b","colorDark":"#7c1116","angle":359.1,"snapDist":4,"label":0}},{"type":"Feature","geometry":{"type":"Point","coordinates":[17.04626,51.077108]},"properties":{"name":"Świeradowska","lines":"18, 21","arr":["18","21"],"terminus":0,"mode":"tram","color":"#d6212b","colorDark":"#7c1116","angle":1.6,"snapDist":5,"label":0}},{"type":"Feature","geometry":{"type":"Point","coordinates":[17.040183,51.077217]},"properties":{"name":"GAJ","lines":"18, 21","arr":["18","21"],"terminus":1,"mode":"tram","color":"#d6212b","colorDark":"#7c1116","angle":3,"snapDist":15,"label":0}},{"type":"Feature","geometry":{"type":"Point","coordinates":[16.965361,51.139049]},"properties":{"name":"Kozanowska","lines":"19","arr":["19"],"terminus":0,"mode":"tram","color":"#d6212b","colorDark":"#7c1116","angle":69.5,"snapDist":3,"label":0}},{"type":"Feature","geometry":{"type":"Point","coordinates":[16.964041,51.141271]},"properties":{"name":"KOZANÓW (Dokerska)","lines":"19","arr":["19"],"terminus":1,"mode":"tram","color":"#d6212b","colorDark":"#7c1116","angle":69.4,"snapDist":4,"label":0}},{"type":"Feature","geometry":{"type":"Point","coordinates":[17.001658,51.111728]},"properties":{"name":"Śrubowa","lines":"20, 23","arr":["20","23"],"terminus":0,"mode":"tram","color":"#d6212b","colorDark":"#7c1116","angle":197.6,"snapDist":5,"label":0}},{"type":"Feature","geometry":{"type":"Point","coordinates":[17.006893,51.110862]},"properties":{"name":"Smolecka","lines":"20, 23","arr":["20","23"],"terminus":0,"mode":"tram","color":"#d6212b","colorDark":"#7c1116","angle":195.8,"snapDist":15,"label":1}},{"type":"Feature","geometry":{"type":"Point","coordinates":[17.018272,51.10883]},"properties":{"name":"Dworzec Świebodzki","lines":"20, 23","arr":["20","23"],"terminus":0,"mode":"tram","color":"#d6212b","colorDark":"#7c1116","angle":195.8,"snapDist":3,"label":1}},{"type":"Feature","geometry":{"type":"Point","coordinates":[17.022335,51.107571]},"properties":{"name":"Pl. Orląt Lwowskich","lines":"20","arr":["20"],"terminus":0,"mode":"tram","color":"#d6212b","colorDark":"#7c1116","angle":211.6,"snapDist":8,"label":0}},{"type":"Feature","geometry":{"type":"Point","coordinates":[17.022038,51.107689]},"properties":{"name":"Pl. Orląt Lwowskich","lines":"20","arr":["20"],"terminus":0,"mode":"tram","color":"#d6212b","colorDark":"#7c1116","angle":32.8,"snapDist":12,"label":0}},{"type":"Feature","geometry":{"type":"Point","coordinates":[17.017985,51.108881]},"properties":{"name":"Dworzec Świebodzki","lines":"20, 23","arr":["20","23"],"terminus":0,"mode":"tram","color":"#d6212b","colorDark":"#7c1116","angle":15.8,"snapDist":4,"label":0}},{"type":"Feature","geometry":{"type":"Point","coordinates":[17.00614,51.110996]},"properties":{"name":"Smolecka","lines":"20, 23","arr":["20","23"],"terminus":0,"mode":"tram","color":"#d6212b","colorDark":"#7c1116","angle":15.8,"snapDist":2,"label":0}},{"type":"Feature","geometry":{"type":"Point","coordinates":[17.038801,51.113432]},"properties":{"name":"Hala Targowa","lines":"T","arr":["T"],"terminus":0,"mode":"tram","color":"#d6212b","colorDark":"#7c1116","angle":29.5,"snapDist":6,"label":0}}]}